"sales_key","order_id","date_key","customer_key","product_key","order_status","quantity","unit_price","unit_cost","gross_revenue","cogs","gross_profit","allocated_discount","allocated_shipping","net_revenue","net_profit"
"1","1","20260827","1727","196","Completed","3","65.17","42.83","195.51","128.49","67.02","10.00","9.99","185.51","57.02"
"2","2","20260409","1682","196","Returned","1","65.17","42.83","65.17","42.83","22.34","5.00","0.00","60.17","17.34"
"3","3","20260915","1508","182","Completed","1","336.54","258.11","336.54","258.11","78.43","0.00","0.00","336.54","78.43"
"4","4","20260528","1855","225","Completed","2","98.36","65.70","196.72","131.40","65.32","0.00","5.99","196.72","65.32"
"5","5","20260905","1883","208","Returned","1","270.85","183.28","270.85","183.28","87.57","3.75","2.50","267.10","83.82"
"6","5","20260905","1883","200","Returned","1","212.44","119.33","212.44","119.33","93.11","3.75","2.50","208.69","89.36"
"7","5","20260905","1883","194","Returned","1","308.11","207.51","308.11","207.51","100.60","3.75","2.50","304.36","96.85"
"8","5","20260905","1883","222","Returned","1","100.07","70.05","100.07","70.05","30.02","3.75","2.50","96.32","26.27"
"9","6","20251031","1695","225","Completed","2","98.36","65.70","196.72","131.40","65.32","0.00","0.00","196.72","65.32"
"10","6","20251031","1695","235","Completed","1","40.99","23.15","40.99","23.15","17.84","0.00","0.00","40.99","17.84"
"11","7","20260528","1937","191","Completed","1","45.75","27.33","45.75","27.33","18.42","5.00","3.00","40.75","13.42"
"12","7","20260528","1937","188","Completed","1","147.11","98.96","147.11","98.96","48.15","5.00","3.00","142.11","43.15"
"13","8","20260701","1511","234","Completed","1","172.64","112.28","172.64","112.28","60.36","10.00","9.99","162.64","50.36"
"14","9","20260831","1873","238","Cancelled","1","192.21","117.17","192.21","117.17","75.04","0.00","0.00","192.21","75.04"
"15","9","20260831","1873","186","Cancelled","2","423.31","240.26","846.62","480.52","366.10","0.00","0.00","846.62","366.10"
"16","10","20260619","1713","195","Returned","1","249.99","156.58","249.99","156.58","93.41","3.33","0.00","246.66","90.08"
"17","10","20260619","1713","212","Returned","1","97.33","68.97","97.33","68.97","28.36","3.33","0.00","94.00","25.03"
"18","10","20260619","1713","229","Returned","1","328.53","211.34","328.53","211.34","117.19","3.33","0.00","325.20","113.86"
"19","11","20260901","1532","219","Completed","1","272.42","159.43","272.42","159.43","112.99","0.00","9.99","272.42","112.99"
"20","12","20250313","1857","214","Cancelled","1","443.92","253.54","443.92","253.54","190.38","0.00","0.00","443.92","190.38"
"21","13","20260830","1910","192","Completed","1","170.10","125.07","170.10","125.07","45.03","0.00","3.33","170.10","45.03"
"22","13","20260830","1910","184","Completed","1","93.32","65.41","93.32","65.41","27.91","0.00","3.33","93.32","27.91"
"23","13","20260830","1910","235","Completed","1","40.99","23.15","40.99","23.15","17.84","0.00","3.33","40.99","17.84"
"24","14","20260807","1882","195","Completed","1","249.99","156.58","249.99","156.58","93.41","0.00","5.99","249.99","93.41"
"25","15","20260831","1675","182","Returned","1","336.54","258.11","336.54","258.11","78.43","0.00","9.99","336.54","78.43"
"26","16","20260309","1553","196","Completed","2","65.17","42.83","130.34","85.66","44.68","0.00","0.00","130.34","44.68"
"27","17","20260426","1755","216","Completed","1","315.71","189.79","315.71","189.79","125.92","0.00","3.33","315.71","125.92"
"28","17","20260426","1755","191","Completed","1","45.75","27.33","45.75","27.33","18.42","0.00","3.33","45.75","18.42"
"29","17","20260426","1755","239","Completed","1","116.83","67.33","116.83","67.33","49.50","0.00","3.33","116.83","49.50"
"30","18","20260706","1509","211","Completed","1","412.95","299.35","412.95","299.35","113.60","0.00","5.00","412.95","113.60"
"31","18","20260706","1509","239","Completed","1","116.83","67.33","116.83","67.33","49.50","0.00","5.00","116.83","49.50"
"32","19","20250305","1502","231","Completed","1","111.88","80.39","111.88","80.39","31.49","10.00","9.99","101.88","21.49"
"33","20","20260915","1703","230","Completed","1","94.90","67.25","94.90","67.25","27.65","0.00","5.00","94.90","27.65"
"34","20","20260915","1703","181","Completed","1","101.22","64.39","101.22","64.39","36.83","0.00","5.00","101.22","36.83"
"35","21","20260828","1640","217","Completed","1","148.68","108.91","148.68","108.91","39.77","15.00","0.00","133.68","24.77"
"36","22","20260427","1854","195","Cancelled","1","249.99","156.58","249.99","156.58","93.41","0.00","5.99","249.99","93.41"
"37","23","20251229","1968","220","Returned","1","97.88","74.33","97.88","74.33","23.55","5.00","5.00","92.88","18.55"
"38","23","20251229","1968","198","Returned","3","71.76","49.35","215.28","148.05","67.23","5.00","5.00","210.28","62.23"
"39","24","20250614","1509","213","Returned","1","148.42","96.71","148.42","96.71","51.71","0.00","5.00","148.42","51.71"
"40","24","20250614","1509","207","Returned","1","440.02","275.08","440.02","275.08","164.94","0.00","5.00","440.02","164.94"
"41","25","20260429","1661","232","Cancelled","1","292.00","192.97","292.00","192.97","99.03","0.00","2.00","292.00","99.03"
"42","25","20260429","1661","207","Cancelled","1","440.02","275.08","440.02","275.08","164.94","0.00","2.00","440.02","164.94"
"43","25","20260429","1661","223","Cancelled","1","80.76","46.98","80.76","46.98","33.78","0.00","2.00","80.76","33.78"
"44","26","20260806","1617","199","Completed","1","154.93","112.90","154.93","112.90","42.03","0.00","3.00","154.93","42.03"
"45","26","20260806","1617","206","Completed","2","140.62","81.04","281.24","162.08","119.16","0.00","3.00","281.24","119.16"
"46","27","20260613","1537","209","Completed","1","157.08","117.89","157.08","117.89","39.19","3.75","2.50","153.33","35.44"
"47","27","20260613","1537","200","Completed","1","212.44","119.33","212.44","119.33","93.11","3.75","2.50","208.69","89.36"
"48","27","20260613","1537","184","Completed","2","93.32","65.41","186.64","130.82","55.82","3.75","2.50","182.89","52.07"
"49","27","20260613","1537","183","Completed","1","60.67","34.80","60.67","34.80","25.87","3.75","2.50","56.92","22.12"
"50","28","20260415","1704","227","Completed","1","220.71","129.38","220.71","129.38","91.33","0.00","5.99","220.71","91.33"
"51","29","20260808","1919","234","Completed","1","172.64","112.28","172.64","112.28","60.36","15.00","5.99","157.64","45.36"
"52","30","20251226","1946","195","Returned","1","249.99","156.58","249.99","156.58","93.41","5.00","0.00","244.99","88.41"
"53","30","20251226","1946","225","Returned","2","98.36","65.70","196.72","131.40","65.32","5.00","0.00","191.72","60.32"
"54","30","20251226","1946","229","Returned","1","328.53","211.34","328.53","211.34","117.19","5.00","0.00","323.53","112.19"
"55","31","20260910","1942","185","Completed","1","121.63","79.08","121.63","79.08","42.55","0.00","5.00","121.63","42.55"
"56","31","20260910","1942","204","Completed","1","186.71","108.43","186.71","108.43","78.28","0.00","5.00","186.71","78.28"
"57","32","20251222","1699","199","Returned","1","154.93","112.90","154.93","112.90","42.03","1.67","0.00","153.26","40.36"
"58","32","20251222","1699","197","Returned","1","49.20","27.84","49.20","27.84","21.36","1.67","0.00","47.53","19.69"
"59","32","20251222","1699","228","Returned","1","68.08","45.01","68.08","45.01","23.07","1.67","0.00","66.41","21.40"
"60","33","20260812","1517","227","Completed","1","220.71","129.38","220.71","129.38","91.33","0.00","0.00","220.71","91.33"
"61","33","20260812","1517","218","Completed","1","195.26","111.40","195.26","111.40","83.86","0.00","0.00","195.26","83.86"
"62","34","20260202","1580","182","Completed","1","336.54","258.11","336.54","258.11","78.43","0.00","3.33","336.54","78.43"
"63","34","20260202","1580","208","Completed","1","270.85","183.28","270.85","183.28","87.57","0.00","3.33","270.85","87.57"
"64","34","20260202","1580","227","Completed","1","220.71","129.38","220.71","129.38","91.33","0.00","3.33","220.71","91.33"
"65","35","20260814","1910","199","Completed","1","154.93","112.90","154.93","112.90","42.03","5.00","5.00","149.93","37.03"
"66","35","20260814","1910","212","Completed","2","97.33","68.97","194.66","137.94","56.72","5.00","5.00","189.66","51.72"
"67","36","20260920","1954","187","Completed","1","90.39","64.58","90.39","64.58","25.81","3.33","3.33","87.06","22.48"
"68","36","20260920","1954","196","Completed","1","65.17","42.83","65.17","42.83","22.34","3.33","3.33","61.84","19.01"
"69","36","20260920","1954","223","Completed","2","80.76","46.98","161.52","93.96","67.56","3.33","3.33","158.19","64.23"
"70","37","20260718","1826","226","Completed","1","155.18","87.63","155.18","87.63","67.55","15.00","5.99","140.18","52.55"
"71","38","20260628","1776","238","Cancelled","3","192.21","117.17","576.63","351.51","225.12","0.00","0.00","576.63","225.12"
"72","39","20260916","1575","235","Completed","1","40.99","23.15","40.99","23.15","17.84","5.00","9.99","35.99","12.84"
"73","40","20250808","1836","183","Cancelled","1","60.67","34.80","60.67","34.80","25.87","10.00","9.99","50.67","15.87"
"74","41","20260804","1607","222","Completed","1","100.07","70.05","100.07","70.05","30.02","5.00","9.99","95.07","25.02"
"75","42","20260429","1782","186","Completed","1","423.31","240.26","423.31","240.26","183.05","10.00","9.99","413.31","173.05"
"76","43","20260710","1755","225","Completed","1","98.36","65.70","98.36","65.70","32.66","0.00","9.99","98.36","32.66"
"77","44","20250727","1993","185","Completed","1","121.63","79.08","121.63","79.08","42.55","0.00","5.99","121.63","42.55"
"78","45","20250710","1674","199","Completed","2","154.93","112.90","309.86","225.80","84.06","2.50","5.00","307.36","81.56"
"79","45","20250710","1674","237","Completed","1","155.89","96.42","155.89","96.42","59.47","2.50","5.00","153.39","56.97"
"80","46","20251206","1563","229","Returned","1","328.53","211.34","328.53","211.34","117.19","2.50","1.50","326.03","114.69"
"81","46","20251206","1563","225","Returned","1","98.36","65.70","98.36","65.70","32.66","2.50","1.50","95.86","30.16"
"82","46","20251206","1563","187","Returned","2","90.39","64.58","180.78","129.16","51.62","2.50","1.50","178.28","49.12"
"83","46","20251206","1563","228","Returned","2","68.08","45.01","136.16","90.02","46.14","2.50","1.50","133.66","43.64"
"84","47","20260827","1826","230","Completed","1","94.90","67.25","94.90","67.25","27.65","5.00","0.00","89.90","22.65"
"85","47","20260827","1826","200","Completed","1","212.44","119.33","212.44","119.33","93.11","5.00","0.00","207.44","88.11"
"86","48","20260624","1575","191","Completed","1","45.75","27.33","45.75","27.33","18.42","5.00","5.00","40.75","13.42"
"87","48","20260624","1575","225","Completed","3","98.36","65.70","295.08","197.10","97.98","5.00","5.00","290.08","92.98"
"88","49","20260922","1738","183","Completed","1","60.67","34.80","60.67","34.80","25.87","0.00","0.00","60.67","25.87"
"89","49","20260922","1738","196","Completed","1","65.17","42.83","65.17","42.83","22.34","0.00","0.00","65.17","22.34"
"90","49","20260922","1738","215","Completed","1","45.82","32.17","45.82","32.17","13.65","0.00","0.00","45.82","13.65"
"91","49","20260922","1738","182","Completed","1","336.54","258.11","336.54","258.11","78.43","0.00","0.00","336.54","78.43"
"92","50","20251012","1759","188","Returned","1","147.11","98.96","147.11","98.96","48.15","1.25","2.50","145.86","46.90"
"93","50","20251012","1759","203","Returned","1","55.41","37.95","55.41","37.95","17.46","1.25","2.50","54.16","16.21"
"94","50","20251012","1759","202","Returned","1","148.28","83.26","148.28","83.26","65.02","1.25","2.50","147.03","63.77"
"95","50","20251012","1759","207","Returned","1","440.02","275.08","440.02","275.08","164.94","1.25","2.50","438.77","163.69"
"96","51","20260921","1956","202","Completed","2","148.28","83.26","296.56","166.52","130.04","0.00","9.99","296.56","130.04"
"97","52","20251226","1859","217","Completed","1","148.68","108.91","148.68","108.91","39.77","0.00","0.00","148.68","39.77"
"98","53","20260304","1699","214","Cancelled","1","443.92","253.54","443.92","253.54","190.38","5.00","9.99","438.92","185.38"
"99","54","20260818","1547","205","Cancelled","1","77.40","52.92","77.40","52.92","24.48","0.00","0.00","77.40","24.48"
"100","55","20260807","1761","186","Completed","1","423.31","240.26","423.31","240.26","183.05","0.00","3.00","423.31","183.05"
"101","55","20260807","1761","203","Completed","1","55.41","37.95","55.41","37.95","17.46","0.00","3.00","55.41","17.46"
"102","56","20250607","1887","189","Completed","2","413.12","294.37","826.24","588.74","237.50","15.00","0.00","811.24","222.50"
"103","57","20260913","1529","216","Completed","1","315.71","189.79","315.71","189.79","125.92","10.00","9.99","305.71","115.92"
"104","58","20260311","1650","190","Completed","1","100.47","76.85","100.47","76.85","23.62","0.00","3.33","100.47","23.62"
"105","58","20260311","1650","217","Completed","1","148.68","108.91","148.68","108.91","39.77","0.00","3.33","148.68","39.77"
"106","58","20260311","1650","183","Completed","2","60.67","34.80","121.34","69.60","51.74","0.00","3.33","121.34","51.74"
"107","59","20260627","1953","200","Completed","1","212.44","119.33","212.44","119.33","93.11","15.00","0.00","197.44","78.11"
"108","60","20260906","1903","205","Completed","1","77.40","52.92","77.40","52.92","24.48","10.00","9.99","67.40","14.48"
"109","61","20260316","1523","204","Cancelled","1","186.71","108.43","186.71","108.43","78.28","0.00","1.50","186.71","78.28"
"110","61","20260316","1523","196","Cancelled","2","65.17","42.83","130.34","85.66","44.68","0.00","1.50","130.34","44.68"
"111","61","20260316","1523","195","Cancelled","1","249.99","156.58","249.99","156.58","93.41","0.00","1.50","249.99","93.41"
"112","61","20260316","1523","234","Cancelled","2","172.64","112.28","345.28","224.56","120.72","0.00","1.50","345.28","120.72"
"113","62","20250904","1793","192","Completed","1","170.10","125.07","170.10","125.07","45.03","5.00","3.33","165.10","40.03"
"114","62","20250904","1793","199","Completed","1","154.93","112.90","154.93","112.90","42.03","5.00","3.33","149.93","37.03"
"115","62","20250904","1793","235","Completed","2","40.99","23.15","81.98","46.30","35.68","5.00","3.33","76.98","30.68"
"116","63","20260608","1974","194","Cancelled","1","308.11","207.51","308.11","207.51","100.60","7.50","3.00","300.61","93.10"
"117","63","20260608","1974","215","Cancelled","2","45.82","32.17","91.64","64.34","27.30","7.50","3.00","84.14","19.80"
"118","64","20260214","1557","231","Completed","1","111.88","80.39","111.88","80.39","31.49","10.00","0.00","101.88","21.49"
"119","65","20260722","1546","225","Cancelled","1","98.36","65.70","98.36","65.70","32.66","15.00","5.99","83.36","17.66"
"120","66","20260709","1635","227","Completed","1","220.71","129.38","220.71","129.38","91.33","0.00","5.99","220.71","91.33"
"121","67","20260616","1755","193","Completed","2","232.94","146.33","465.88","292.66","173.22","2.50","0.00","463.38","170.72"
"122","67","20260616","1755","192","Completed","1","170.10","125.07","170.10","125.07","45.03","2.50","0.00","167.60","42.53"
"123","67","20260616","1755","209","Completed","1","157.08","117.89","157.08","117.89","39.19","2.50","0.00","154.58","36.69"
"124","67","20260616","1755","227","Completed","1","220.71","129.38","220.71","129.38","91.33","2.50","0.00","218.21","88.83"
"125","68","20260630","1839","218","Returned","2","195.26","111.40","390.52","222.80","167.72","0.00","0.00","390.52","167.72"
"126","69","20260612","1876","211","Completed","1","412.95","299.35","412.95","299.35","113.60","0.00","0.00","412.95","113.60"
"127","69","20260612","1876","202","Completed","1","148.28","83.26","148.28","83.26","65.02","0.00","0.00","148.28","65.02"
"128","70","20260227","1969","235","Completed","1","40.99","23.15","40.99","23.15","17.84","0.00","3.33","40.99","17.84"
"129","70","20260227","1969","239","Completed","1","116.83","67.33","116.83","67.33","49.50","0.00","3.33","116.83","49.50"
"130","70","20260227","1969","206","Completed","3","140.62","81.04","421.86","243.12","178.74","0.00","3.33","421.86","178.74"
"131","71","20260806","1630","198","Completed","1","71.76","49.35","71.76","49.35","22.41","0.00","9.99","71.76","22.41"
"132","72","20260922","1956","214","Completed","2","443.92","253.54","887.84","507.08","380.76","7.50","5.00","880.34","373.26"
"133","72","20260922","1956","188","Completed","1","147.11","98.96","147.11","98.96","48.15","7.50","5.00","139.61","40.65"
"134","73","20260131","1658","195","Cancelled","1","249.99","156.58","249.99","156.58","93.41","2.50","5.00","247.49","90.91"
"135","73","20260131","1658","231","Cancelled","1","111.88","80.39","111.88","80.39","31.49","2.50","5.00","109.38","28.99"
"136","74","20250709","1969","200","Cancelled","1","212.44","119.33","212.44","119.33","93.11","7.50","3.00","204.94","85.61"
"137","74","20250709","1969","193","Cancelled","1","232.94","146.33","232.94","146.33","86.61","7.50","3.00","225.44","79.11"
"138","75","20260501","1739","201","Completed","1","183.21","138.22","183.21","138.22","44.99","5.00","9.99","178.21","39.99"
"139","76","20260404","1915","219","Completed","3","272.42","159.43","817.26","478.29","338.97","7.50","5.00","809.76","331.47"
"140","76","20260404","1915","189","Completed","1","413.12","294.37","413.12","294.37","118.75","7.50","5.00","405.62","111.25"
"141","77","20260913","1558","212","Completed","2","97.33","68.97","194.66","137.94","56.72","0.00","5.99","194.66","56.72"
"142","78","20251026","1692","220","Cancelled","1","97.88","74.33","97.88","74.33","23.55","0.00","9.99","97.88","23.55"
"143","79","20260617","1656","221","Returned","1","211.10","133.66","211.10","133.66","77.44","5.00","5.99","206.10","72.44"
"144","80","20260430","1907","200","Completed","2","212.44","119.33","424.88","238.66","186.22","0.00","0.00","424.88","186.22"
"145","81","20260118","1718","213","Cancelled","1","148.42","96.71","148.42","96.71","51.71","7.50","5.00","140.92","44.21"
"146","81","20260118","1718","207","Cancelled","1","440.02","275.08","440.02","275.08","164.94","7.50","5.00","432.52","157.44"
"147","82","20260709","1683","209","Completed","1","157.08","117.89","157.08","117.89","39.19","7.50","0.00","149.58","31.69"
"148","82","20260709","1683","181","Completed","1","101.22","64.39","101.22","64.39","36.83","7.50","0.00","93.72","29.33"
"149","83","20260918","1594","211","Cancelled","2","412.95","299.35","825.90","598.70","227.20","15.00","5.99","810.90","212.20"
"150","84","20260822","1654","238","Completed","2","192.21","117.17","384.42","234.34","150.08","0.00","3.00","384.42","150.08"
"151","84","20260822","1654","204","Completed","1","186.71","108.43","186.71","108.43","78.28","0.00","3.00","186.71","78.28"
"152","85","20260919","1712","185","Returned","1","121.63","79.08","121.63","79.08","42.55","5.00","5.00","116.63","37.55"
"153","85","20260919","1712","197","Returned","1","49.20","27.84","49.20","27.84","21.36","5.00","5.00","44.20","16.36"
"154","86","20260419","1571","225","Completed","2","98.36","65.70","196.72","131.40","65.32","0.00","5.00","196.72","65.32"
"155","86","20260419","1571","235","Completed","1","40.99","23.15","40.99","23.15","17.84","0.00","5.00","40.99","17.84"
"156","87","20260719","1800","207","Completed","1","440.02","275.08","440.02","275.08","164.94","0.00","2.00","440.02","164.94"
"157","87","20260719","1800","187","Completed","1","90.39","64.58","90.39","64.58","25.81","0.00","2.00","90.39","25.81"
"158","87","20260719","1800","183","Completed","1","60.67","34.80","60.67","34.80","25.87","0.00","2.00","60.67","25.87"
"159","88","20260422","1598","240","Completed","1","51.43","38.16","51.43","38.16","13.27","2.50","3.00","48.93","10.77"
"160","88","20260422","1598","204","Completed","1","186.71","108.43","186.71","108.43","78.28","2.50","3.00","184.21","75.78"
"161","89","20260914","1960","205","Returned","1","77.40","52.92","77.40","52.92","24.48","5.00","9.99","72.40","19.48"
"162","90","20260208","1796","217","Completed","1","148.68","108.91","148.68","108.91","39.77","15.00","9.99","133.68","24.77"
"163","91","20260418","1518","186","Completed","2","423.31","240.26","846.62","480.52","366.10","5.00","5.99","841.62","361.10"
"164","92","20260819","1903","219","Returned","1","272.42","159.43","272.42","159.43","112.99","5.00","9.99","267.42","107.99"
"165","93","20260804","1616","219","Completed","1","272.42","159.43","272.42","159.43","112.99","0.00","0.00","272.42","112.99"
"166","93","20260804","1616","231","Completed","1","111.88","80.39","111.88","80.39","31.49","0.00","0.00","111.88","31.49"
"167","94","20260922","1608","236","Cancelled","2","335.82","190.06","671.64","380.12","291.52","2.50","5.00","669.14","289.02"
"168","94","20260922","1608","218","Cancelled","1","195.26","111.40","195.26","111.40","83.86","2.50","5.00","192.76","81.36"
"169","95","20260217","1535","201","Completed","1","183.21","138.22","183.21","138.22","44.99","0.00","5.00","183.21","44.99"
"170","95","20260217","1535","235","Completed","2","40.99","23.15","81.98","46.30","35.68","0.00","5.00","81.98","35.68"
"171","96","20260903","1639","189","Returned","1","413.12","294.37","413.12","294.37","118.75","10.00","9.99","403.12","108.75"
"172","97","20260916","1858","206","Completed","2","140.62","81.04","281.24","162.08","119.16","5.00","9.99","276.24","114.16"
"173","98","20260517","1807","213","Cancelled","1","148.42","96.71","148.42","96.71","51.71","3.33","3.33","145.09","48.38"
"174","98","20260517","1807","231","Cancelled","3","111.88","80.39","335.64","241.17","94.47","3.33","3.33","332.31","91.14"
"175","98","20260517","1807","221","Cancelled","1","211.10","133.66","211.10","133.66","77.44","3.33","3.33","207.77","74.11"
"176","99","20260528","1654","237","Cancelled","1","155.89","96.42","155.89","96.42","59.47","7.50","5.00","148.39","51.97"
"177","99","20260528","1654","235","Cancelled","1","40.99","23.15","40.99","23.15","17.84","7.50","5.00","33.49","10.34"
"178","100","20260805","1873","185","Completed","1","121.63","79.08","121.63","79.08","42.55","10.00","5.99","111.63","32.55"
"179","101","20260803","1782","187","Cancelled","1","90.39","64.58","90.39","64.58","25.81","5.00","5.99","85.39","20.81"
"180","102","20251030","1913","223","Returned","1","80.76","46.98","80.76","46.98","33.78","0.00","3.33","80.76","33.78"
"181","102","20251030","1913","226","Returned","1","155.18","87.63","155.18","87.63","67.55","0.00","3.33","155.18","67.55"
"182","102","20251030","1913","225","Returned","1","98.36","65.70","98.36","65.70","32.66","0.00","3.33","98.36","32.66"
"183","103","20260420","1722","187","Completed","2","90.39","64.58","180.78","129.16","51.62","7.50","3.00","173.28","44.12"
"184","103","20260420","1722","224","Completed","2","44.39","27.23","88.78","54.46","34.32","7.50","3.00","81.28","26.82"
"185","104","20260902","1935","216","Completed","1","315.71","189.79","315.71","189.79","125.92","5.00","5.99","310.71","120.92"
"186","105","20251129","1792","210","Completed","1","116.09","88.40","116.09","88.40","27.69","15.00","5.99","101.09","12.69"
"187","106","20250623","1501","239","Cancelled","2","116.83","67.33","233.66","134.66","99.00","5.00","0.00","228.66","94.00"
"188","106","20250623","1501","197","Cancelled","1","49.20","27.84","49.20","27.84","21.36","5.00","0.00","44.20","16.36"
"189","106","20250623","1501","210","Cancelled","2","116.09","88.40","232.18","176.80","55.38","5.00","0.00","227.18","50.38"
"190","107","20250812","1566","189","Completed","1","413.12","294.37","413.12","294.37","118.75","0.00","5.99","413.12","118.75"
"191","108","20260514","1686","182","Completed","3","336.54","258.11","1009.62","774.33","235.29","0.00","3.00","1009.62","235.29"
"192","108","20260514","1686","217","Completed","2","148.68","108.91","297.36","217.82","79.54","0.00","3.00","297.36","79.54"
"193","109","20260901","1569","221","Returned","1","211.10","133.66","211.10","133.66","77.44","15.00","0.00","196.10","62.44"
"194","110","20250825","1917","224","Completed","1","44.39","27.23","44.39","27.23","17.16","5.00","0.00","39.39","12.16"
"195","111","20250928","1914","188","Completed","1","147.11","98.96","147.11","98.96","48.15","2.50","5.00","144.61","45.65"
"196","111","20250928","1914","182","Completed","1","336.54","258.11","336.54","258.11","78.43","2.50","5.00","334.04","75.93"
"197","112","20260911","1777","238","Completed","1","192.21","117.17","192.21","117.17","75.04","7.50","0.00","184.71","67.54"
"198","112","20260911","1777","202","Completed","1","148.28","83.26","148.28","83.26","65.02","7.50","0.00","140.78","57.52"
"199","113","20251213","1657","238","Completed","1","192.21","117.17","192.21","117.17","75.04","5.00","5.00","187.21","70.04"
"200","113","20251213","1657","201","Completed","2","183.21","138.22","366.42","276.44","89.98","5.00","5.00","361.42","84.98"
"201","114","20260307","1767","236","Cancelled","1","335.82","190.06","335.82","190.06","145.76","3.33","0.00","332.49","142.43"
"202","114","20260307","1767","235","Cancelled","1","40.99","23.15","40.99","23.15","17.84","3.33","0.00","37.66","14.51"
"203","114","20260307","1767","240","Cancelled","1","51.43","38.16","51.43","38.16","13.27","3.33","0.00","48.10","9.94"
"204","115","20260306","1553","230","Completed","1","94.90","67.25","94.90","67.25","27.65","0.00","5.99","94.90","27.65"
"205","116","20260720","1642","226","Completed","1","155.18","87.63","155.18","87.63","67.55","0.00","5.99","155.18","67.55"
"206","117","20251022","1811","193","Completed","1","232.94","146.33","232.94","146.33","86.61","3.33","3.33","229.61","83.28"
"207","117","20251022","1811","234","Completed","1","172.64","112.28","172.64","112.28","60.36","3.33","3.33","169.31","57.03"
"208","117","20251022","1811","201","Completed","2","183.21","138.22","366.42","276.44","89.98","3.33","3.33","363.09","86.65"
"209","118","20251106","1736","218","Completed","1","195.26","111.40","195.26","111.40","83.86","0.00","0.00","195.26","83.86"
"210","119","20250422","1917","197","Completed","1","49.20","27.84","49.20","27.84","21.36","7.50","3.00","41.70","13.86"
"211","119","20250422","1917","237","Completed","1","155.89","96.42","155.89","96.42","59.47","7.50","3.00","148.39","51.97"
"212","120","20260810","1552","219","Completed","1","272.42","159.43","272.42","159.43","112.99","5.00","3.33","267.42","107.99"
"213","120","20260810","1552","224","Completed","1","44.39","27.23","44.39","27.23","17.16","5.00","3.33","39.39","12.16"
"214","120","20260810","1552","189","Completed","1","413.12","294.37","413.12","294.37","118.75","5.00","3.33","408.12","113.75"
"215","121","20260403","1642","198","Returned","1","71.76","49.35","71.76","49.35","22.41","0.00","5.99","71.76","22.41"
"216","122","20260327","1681","235","Completed","1","40.99","23.15","40.99","23.15","17.84","0.00","0.00","40.99","17.84"
"217","122","20260327","1681","239","Completed","1","116.83","67.33","116.83","67.33","49.50","0.00","0.00","116.83","49.50"
"218","123","20250919","1550","226","Completed","1","155.18","87.63","155.18","87.63","67.55","0.00","0.00","155.18","67.55"
"219","124","20260627","1832","239","Returned","2","116.83","67.33","233.66","134.66","99.00","0.00","2.50","233.66","99.00"
"220","124","20260627","1832","208","Returned","1","270.85","183.28","270.85","183.28","87.57","0.00","2.50","270.85","87.57"
"221","124","20260627","1832","235","Returned","1","40.99","23.15","40.99","23.15","17.84","0.00","2.50","40.99","17.84"
"222","124","20260627","1832","228","Returned","1","68.08","45.01","68.08","45.01","23.07","0.00","2.50","68.08","23.07"
"223","125","20260420","1823","228","Cancelled","1","68.08","45.01","68.08","45.01","23.07","5.00","0.00","63.08","18.07"
"224","125","20260420","1823","202","Cancelled","1","148.28","83.26","148.28","83.26","65.02","5.00","0.00","143.28","60.02"
"225","126","20260826","1633","227","Completed","2","220.71","129.38","441.42","258.76","182.66","15.00","0.00","426.42","167.66"
"226","127","20260710","1794","198","Completed","1","71.76","49.35","71.76","49.35","22.41","15.00","0.00","56.76","7.41"
"227","128","20260909","1844","218","Cancelled","2","195.26","111.40","390.52","222.80","167.72","0.00","5.00","390.52","167.72"
"228","128","20260909","1844","217","Cancelled","2","148.68","108.91","297.36","217.82","79.54","0.00","5.00","297.36","79.54"
"229","129","20250605","1676","198","Completed","2","71.76","49.35","143.52","98.70","44.82","7.50","0.00","136.02","37.32"
"230","129","20250605","1676","194","Completed","1","308.11","207.51","308.11","207.51","100.60","7.50","0.00","300.61","93.10"
"231","130","20251123","1917","196","Completed","1","65.17","42.83","65.17","42.83","22.34","5.00","5.99","60.17","17.34"
"232","131","20260902","1774","185","Completed","1","121.63","79.08","121.63","79.08","42.55","5.00","0.00","116.63","37.55"
"233","131","20260902","1774","191","Completed","1","45.75","27.33","45.75","27.33","18.42","5.00","0.00","40.75","13.42"
"234","132","20260327","1882","214","Cancelled","1","443.92","253.54","443.92","253.54","190.38","0.00","5.00","443.92","190.38"
"235","132","20260327","1882","230","Cancelled","1","94.90","67.25","94.90","67.25","27.65","0.00","5.00","94.90","27.65"
"236","133","20260207","1949","194","Completed","1","308.11","207.51","308.11","207.51","100.60","0.00","3.33","308.11","100.60"
"237","133","20260207","1949","219","Completed","1","272.42","159.43","272.42","159.43","112.99","0.00","3.33","272.42","112.99"
"238","133","20260207","1949","229","Completed","3","328.53","211.34","985.59","634.02","351.57","0.00","3.33","985.59","351.57"
"239","134","20260904","1967","233","Returned","2","100.29","55.86","200.58","111.72","88.86","0.00","1.50","200.58","88.86"
"240","134","20260904","1967","207","Returned","1","440.02","275.08","440.02","275.08","164.94","0.00","1.50","440.02","164.94"
"241","134","20260904","1967","181","Returned","1","101.22","64.39","101.22","64.39","36.83","0.00","1.50","101.22","36.83"
"242","134","20260904","1967","193","Returned","1","232.94","146.33","232.94","146.33","86.61","0.00","1.50","232.94","86.61"
"243","135","20250226","1996","225","Returned","1","98.36","65.70","98.36","65.70","32.66","0.00","3.00","98.36","32.66"
"244","135","20250226","1996","212","Returned","1","97.33","68.97","97.33","68.97","28.36","0.00","3.00","97.33","28.36"
"245","136","20260216","1731","225","Completed","1","98.36","65.70","98.36","65.70","32.66","0.00","5.99","98.36","32.66"
"246","137","20260506","1525","186","Completed","1","423.31","240.26","423.31","240.26","183.05","0.00","2.00","423.31","183.05"
"247","137","20260506","1525","238","Completed","3","192.21","117.17","576.63","351.51","225.12","0.00","2.00","576.63","225.12"
"248","137","20260506","1525","215","Completed","1","45.82","32.17","45.82","32.17","13.65","0.00","2.00","45.82","13.65"
"249","138","20250923","1932","192","Returned","2","170.10","125.07","340.20","250.14","90.06","5.00","3.00","335.20","85.06"
"250","138","20250923","1932","216","Returned","3","315.71","189.79","947.13","569.37","377.76","5.00","3.00","942.13","372.76"
"251","139","20251016","1672","184","Cancelled","1","93.32","65.41","93.32","65.41","27.91","0.00","0.00","93.32","27.91"
"252","140","20250310","1829","186","Cancelled","1","423.31","240.26","423.31","240.26","183.05","10.00","5.99","413.31","173.05"
"253","141","20250901","1792","189","Completed","1","413.12","294.37","413.12","294.37","118.75","3.33","2.00","409.79","115.42"
"254","141","20250901","1792","188","Completed","1","147.11","98.96","147.11","98.96","48.15","3.33","2.00","143.78","44.82"
"255","141","20250901","1792","240","Completed","1","51.43","38.16","51.43","38.16","13.27","3.33","2.00","48.10","9.94"
"256","142","20251214","1812","193","Returned","1","232.94","146.33","232.94","146.33","86.61","10.00","0.00","222.94","76.61"
"257","143","20251023","1665","204","Completed","1","186.71","108.43","186.71","108.43","78.28","0.00","9.99","186.71","78.28"
"258","144","20260409","1506","238","Completed","1","192.21","117.17","192.21","117.17","75.04","7.50","5.00","184.71","67.54"
"259","144","20260409","1506","219","Completed","1","272.42","159.43","272.42","159.43","112.99","7.50","5.00","264.92","105.49"
"260","145","20260320","1563","196","Returned","1","65.17","42.83","65.17","42.83","22.34","0.00","2.00","65.17","22.34"
"261","145","20260320","1563","203","Returned","2","55.41","37.95","110.82","75.90","34.92","0.00","2.00","110.82","34.92"
"262","145","20260320","1563","194","Returned","2","308.11","207.51","616.22","415.02","201.20","0.00","2.00","616.22","201.20"
"263","146","20260108","1938","237","Completed","1","155.89","96.42","155.89","96.42","59.47","10.00","9.99","145.89","49.47"
"264","147","20260218","1585","220","Cancelled","1","97.88","74.33","97.88","74.33","23.55","5.00","0.00","92.88","18.55"
"265","148","20260822","1514","187","Completed","1","90.39","64.58","90.39","64.58","25.81","10.00","0.00","80.39","15.81"
"266","149","20250816","1695","221","Completed","1","211.10","133.66","211.10","133.66","77.44","10.00","0.00","201.10","67.44"
"267","150","20260729","1999","194","Completed","1","308.11","207.51","308.11","207.51","100.60","15.00","5.99","293.11","85.60"
"268","151","20260916","1626","214","Completed","1","443.92","253.54","443.92","253.54","190.38","15.00","5.99","428.92","175.38"
"269","152","20260306","1581","211","Completed","1","412.95","299.35","412.95","299.35","113.60","5.00","0.00","407.95","108.60"
"270","152","20260306","1581","231","Completed","1","111.88","80.39","111.88","80.39","31.49","5.00","0.00","106.88","26.49"
"271","153","20260501","1787","196","Completed","1","65.17","42.83","65.17","42.83","22.34","0.00","0.00","65.17","22.34"
"272","154","20260516","1687","215","Returned","1","45.82","32.17","45.82","32.17","13.65","7.50","5.00","38.32","6.15"
"273","154","20260516","1687","229","Returned","1","328.53","211.34","328.53","211.34","117.19","7.50","5.00","321.03","109.69"
"274","155","20250523","1548","214","Returned","3","443.92","253.54","1331.76","760.62","571.14","0.00","1.50","1331.76","571.14"
"275","155","20250523","1548","237","Returned","3","155.89","96.42","467.67","289.26","178.41","0.00","1.50","467.67","178.41"
"276","155","20250523","1548","218","Returned","2","195.26","111.40","390.52","222.80","167.72","0.00","1.50","390.52","167.72"
"277","155","20250523","1548","228","Returned","1","68.08","45.01","68.08","45.01","23.07","0.00","1.50","68.08","23.07"
"278","156","20251227","1786","222","Cancelled","2","100.07","70.05","200.14","140.10","60.04","15.00","9.99","185.14","45.04"
"279","157","20260222","1554","235","Returned","1","40.99","23.15","40.99","23.15","17.84","0.00","9.99","40.99","17.84"
"280","158","20260829","1910","185","Cancelled","1","121.63","79.08","121.63","79.08","42.55","0.00","0.00","121.63","42.55"
"281","158","20260829","1910","229","Cancelled","1","328.53","211.34","328.53","211.34","117.19","0.00","0.00","328.53","117.19"
"282","158","20260829","1910","202","Cancelled","1","148.28","83.26","148.28","83.26","65.02","0.00","0.00","148.28","65.02"
"283","159","20260511","1939","194","Cancelled","2","308.11","207.51","616.22","415.02","201.20","0.00","5.99","616.22","201.20"
"284","160","20260818","1979","212","Completed","1","97.33","68.97","97.33","68.97","28.36","5.00","2.00","92.33","23.36"
"285","160","20260818","1979","195","Completed","2","249.99","156.58","499.98","313.16","186.82","5.00","2.00","494.98","181.82"
"286","160","20260818","1979","183","Completed","1","60.67","34.80","60.67","34.80","25.87","5.00","2.00","55.67","20.87"
"287","161","20260722","1630","228","Completed","1","68.08","45.01","68.08","45.01","23.07","10.00","0.00","58.08","13.07"
"288","162","20260907","1970","218","Completed","1","195.26","111.40","195.26","111.40","83.86","0.00","9.99","195.26","83.86"
"289","163","20251104","1601","202","Completed","2","148.28","83.26","296.56","166.52","130.04","0.00","0.00","296.56","130.04"
"290","163","20251104","1601","222","Completed","2","100.07","70.05","200.14","140.10","60.04","0.00","0.00","200.14","60.04"
"291","163","20251104","1601","200","Completed","2","212.44","119.33","424.88","238.66","186.22","0.00","0.00","424.88","186.22"
"292","164","20260625","1693","181","Completed","2","101.22","64.39","202.44","128.78","73.66","15.00","0.00","187.44","58.66"
"293","165","20250617","1870","209","Returned","1","157.08","117.89","157.08","117.89","39.19","15.00","5.99","142.08","24.19"
"294","166","20260612","1580","189","Cancelled","1","413.12","294.37","413.12","294.37","118.75","7.50","3.00","405.62","111.25"
"295","166","20260612","1580","215","Cancelled","1","45.82","32.17","45.82","32.17","13.65","7.50","3.00","38.32","6.15"
"296","167","20260919","1977","181","Returned","2","101.22","64.39","202.44","128.78","73.66","10.00","0.00","192.44","63.66"
"297","168","20260710","1814","235","Completed","2","40.99","23.15","81.98","46.30","35.68","5.00","0.00","76.98","30.68"
"298","169","20260722","1821","203","Completed","2","55.41","37.95","110.82","75.90","34.92","5.00","0.00","105.82","29.92"
"299","169","20260722","1821","211","Completed","2","412.95","299.35","825.90","598.70","227.20","5.00","0.00","820.90","222.20"
"300","169","20260722","1821","214","Completed","1","443.92","253.54","443.92","253.54","190.38","5.00","0.00","438.92","185.38"
"301","170","20251230","1677","192","Cancelled","1","170.10","125.07","170.10","125.07","45.03","0.00","5.00","170.10","45.03"
"302","170","20251230","1677","234","Cancelled","3","172.64","112.28","517.92","336.84","181.08","0.00","5.00","517.92","181.08"
"303","171","20250326","1971","207","Completed","2","440.02","275.08","880.04","550.16","329.88","0.00","0.00","880.04","329.88"
"304","172","20260816","1770","221","Cancelled","2","211.10","133.66","422.20","267.32","154.88","15.00","9.99","407.20","139.88"
"305","173","20260403","1740","215","Cancelled","3","45.82","32.17","137.46","96.51","40.95","0.00","5.99","137.46","40.95"
"306","174","20260423","1979","220","Completed","1","97.88","74.33","97.88","74.33","23.55","0.00","5.99","97.88","23.55"
"307","175","20260627","1751","199","Returned","2","154.93","112.90","309.86","225.80","84.06","0.00","3.33","309.86","84.06"
"308","175","20260627","1751","214","Returned","1","443.92","253.54","443.92","253.54","190.38","0.00","3.33","443.92","190.38"
"309","175","20260627","1751","190","Returned","2","100.47","76.85","200.94","153.70","47.24","0.00","3.33","200.94","47.24"
"310","176","20251109","1837","229","Completed","1","328.53","211.34","328.53","211.34","117.19","0.00","0.00","328.53","117.19"
"311","176","20251109","1837","233","Completed","1","100.29","55.86","100.29","55.86","44.43","0.00","0.00","100.29","44.43"
"312","177","20250828","1902","190","Cancelled","1","100.47","76.85","100.47","76.85","23.62","0.00","0.00","100.47","23.62"
"313","177","20250828","1902","217","Cancelled","1","148.68","108.91","148.68","108.91","39.77","0.00","0.00","148.68","39.77"
"314","177","20250828","1902","191","Cancelled","1","45.75","27.33","45.75","27.33","18.42","0.00","0.00","45.75","18.42"
"315","178","20260905","1942","190","Completed","2","100.47","76.85","200.94","153.70","47.24","0.00","0.00","200.94","47.24"
"316","179","20250923","1915","224","Cancelled","1","44.39","27.23","44.39","27.23","17.16","10.00","0.00","34.39","7.16"
"317","180","20260830","1923","222","Completed","1","100.07","70.05","100.07","70.05","30.02","15.00","0.00","85.07","15.02"
"318","181","20260825","1533","219","Completed","1","272.42","159.43","272.42","159.43","112.99","5.00","3.00","267.42","107.99"
"319","181","20260825","1533","187","Completed","1","90.39","64.58","90.39","64.58","25.81","5.00","3.00","85.39","20.81"
"320","182","20260225","1842","224","Completed","1","44.39","27.23","44.39","27.23","17.16","5.00","5.99","39.39","12.16"
"321","183","20250826","1614","233","Completed","1","100.29","55.86","100.29","55.86","44.43","0.00","5.00","100.29","44.43"
"322","183","20250826","1614","237","Completed","1","155.89","96.42","155.89","96.42","59.47","0.00","5.00","155.89","59.47"
"323","184","20260906","1594","181","Cancelled","1","101.22","64.39","101.22","64.39","36.83","0.00","0.00","101.22","36.83"
"324","185","20260529","1659","239","Completed","1","116.83","67.33","116.83","67.33","49.50","0.00","3.00","116.83","49.50"
"325","185","20260529","1659","201","Completed","1","183.21","138.22","183.21","138.22","44.99","0.00","3.00","183.21","44.99"
"326","186","20260911","1682","232","Completed","1","292.00","192.97","292.00","192.97","99.03","0.00","3.00","292.00","99.03"
"327","186","20260911","1682","183","Completed","1","60.67","34.80","60.67","34.80","25.87","0.00","3.00","60.67","25.87"
"328","187","20260218","1788","187","Completed","1","90.39","64.58","90.39","64.58","25.81","5.00","9.99","85.39","20.81"
"329","188","20260528","1535","240","Completed","3","51.43","38.16","154.29","114.48","39.81","2.50","5.00","151.79","37.31"
"330","188","20260528","1535","230","Completed","2","94.90","67.25","189.80","134.50","55.30","2.50","5.00","187.30","52.80"
"331","189","20260917","1986","240","Returned","1","51.43","38.16","51.43","38.16","13.27","1.25","2.50","50.18","12.02"
"332","189","20260917","1986","227","Returned","2","220.71","129.38","441.42","258.76","182.66","1.25","2.50","440.17","181.41"
"333","189","20260917","1986","225","Returned","1","98.36","65.70","98.36","65.70","32.66","1.25","2.50","97.11","31.41"
"334","189","20260917","1986","181","Returned","1","101.22","64.39","101.22","64.39","36.83","1.25","2.50","99.97","35.58"
"335","190","20260213","1665","186","Completed","1","423.31","240.26","423.31","240.26","183.05","5.00","3.33","418.31","178.05"
"336","190","20260213","1665","218","Completed","1","195.26","111.40","195.26","111.40","83.86","5.00","3.33","190.26","78.86"
"337","190","20260213","1665","187","Completed","1","90.39","64.58","90.39","64.58","25.81","5.00","3.33","85.39","20.81"
"338","191","20260818","1909","214","Completed","1","443.92","253.54","443.92","253.54","190.38","15.00","5.99","428.92","175.38"
"339","192","20251221","1770","194","Completed","1","308.11","207.51","308.11","207.51","100.60","7.50","5.00","300.61","93.10"
"340","192","20251221","1770","209","Completed","1","157.08","117.89","157.08","117.89","39.19","7.50","5.00","149.58","31.69"
"341","193","20251202","1686","207","Completed","2","440.02","275.08","880.04","550.16","329.88","0.00","3.00","880.04","329.88"
"342","193","20251202","1686","217","Completed","1","148.68","108.91","148.68","108.91","39.77","0.00","3.00","148.68","39.77"
"343","194","20260209","1550","190","Completed","2","100.47","76.85","200.94","153.70","47.24","10.00","5.99","190.94","37.24"
"344","195","20260115","1726","207","Completed","1","440.02","275.08","440.02","275.08","164.94","3.75","0.00","436.27","161.19"
"345","195","20260115","1726","228","Completed","1","68.08","45.01","68.08","45.01","23.07","3.75","0.00","64.33","19.32"
"346","195","20260115","1726","211","Completed","2","412.95","299.35","825.90","598.70","227.20","3.75","0.00","822.15","223.45"
"347","195","20260115","1726","239","Completed","1","116.83","67.33","116.83","67.33","49.50","3.75","0.00","113.08","45.75"
"348","196","20260718","1584","181","Cancelled","1","101.22","64.39","101.22","64.39","36.83","0.00","0.00","101.22","36.83"
"349","197","20260312","1651","208","Cancelled","1","270.85","183.28","270.85","183.28","87.57","5.00","0.00","265.85","82.57"
"350","198","20260915","1680","220","Completed","2","97.88","74.33","195.76","148.66","47.10","0.00","5.00","195.76","47.10"
"351","198","20260915","1680","194","Completed","1","308.11","207.51","308.11","207.51","100.60","0.00","5.00","308.11","100.60"
"352","199","20260408","1896","236","Cancelled","3","335.82","190.06","1007.46","570.18","437.28","0.00","0.00","1007.46","437.28"
"353","200","20251217","1597","192","Completed","1","170.10","125.07","170.10","125.07","45.03","0.00","3.33","170.10","45.03"
"354","200","20251217","1597","232","Completed","1","292.00","192.97","292.00","192.97","99.03","0.00","3.33","292.00","99.03"
"355","200","20251217","1597","213","Completed","2","148.42","96.71","296.84","193.42","103.42","0.00","3.33","296.84","103.42"
"356","201","20260626","1769","224","Completed","1","44.39","27.23","44.39","27.23","17.16","2.50","5.00","41.89","14.66"
"357","201","20260626","1769","197","Completed","1","49.20","27.84","49.20","27.84","21.36","2.50","5.00","46.70","18.86"
"358","202","20260715","1597","240","Completed","1","51.43","38.16","51.43","38.16","13.27","5.00","5.99","46.43","8.27"
"359","203","20260722","1867","238","Completed","1","192.21","117.17","192.21","117.17","75.04","7.50","3.00","184.71","67.54"
"360","203","20260722","1867","208","Completed","1","270.85","183.28","270.85","183.28","87.57","7.50","3.00","263.35","80.07"
"361","204","20260117","1535","197","Completed","1","49.20","27.84","49.20","27.84","21.36","0.00","9.99","49.20","21.36"
"362","205","20260425","1845","210","Completed","1","116.09","88.40","116.09","88.40","27.69","0.00","5.00","116.09","27.69"
"363","205","20260425","1845","230","Completed","1","94.90","67.25","94.90","67.25","27.65","0.00","5.00","94.90","27.65"
"364","206","20260828","1936","238","Completed","1","192.21","117.17","192.21","117.17","75.04","0.00","0.00","192.21","75.04"
"365","207","20260306","1632","228","Completed","1","68.08","45.01","68.08","45.01","23.07","0.00","5.00","68.08","23.07"
"366","207","20260306","1632","226","Completed","1","155.18","87.63","155.18","87.63","67.55","0.00","5.00","155.18","67.55"
"367","208","20260910","1595","186","Completed","1","423.31","240.26","423.31","240.26","183.05","15.00","9.99","408.31","168.05"
"368","209","20260806","1886","181","Completed","1","101.22","64.39","101.22","64.39","36.83","0.00","5.99","101.22","36.83"
"369","210","20260711","1835","219","Completed","2","272.42","159.43","544.84","318.86","225.98","0.00","5.99","544.84","225.98"
"370","211","20260626","1775","207","Completed","1","440.02","275.08","440.02","275.08","164.94","1.67","3.33","438.35","163.27"
"371","211","20260626","1775","227","Completed","1","220.71","129.38","220.71","129.38","91.33","1.67","3.33","219.04","89.66"
"372","211","20260626","1775","202","Completed","1","148.28","83.26","148.28","83.26","65.02","1.67","3.33","146.61","63.35"
"373","212","20250414","1931","207","Returned","1","440.02","275.08","440.02","275.08","164.94","0.00","0.00","440.02","164.94"
"374","212","20250414","1931","220","Returned","1","97.88","74.33","97.88","74.33","23.55","0.00","0.00","97.88","23.55"
"375","212","20250414","1931","239","Returned","1","116.83","67.33","116.83","67.33","49.50","0.00","0.00","116.83","49.50"
"376","213","20260307","1773","189","Completed","1","413.12","294.37","413.12","294.37","118.75","0.00","0.00","413.12","118.75"
"377","213","20260307","1773","200","Completed","2","212.44","119.33","424.88","238.66","186.22","0.00","0.00","424.88","186.22"
"378","214","20260306","1832","181","Returned","1","101.22","64.39","101.22","64.39","36.83","15.00","9.99","86.22","21.83"
"379","215","20260726","1775","237","Completed","1","155.89","96.42","155.89","96.42","59.47","2.50","0.00","153.39","56.97"
"380","215","20260726","1775","236","Completed","2","335.82","190.06","671.64","380.12","291.52","2.50","0.00","669.14","289.02"
"381","216","20260310","1502","233","Completed","1","100.29","55.86","100.29","55.86","44.43","10.00","0.00","90.29","34.43"
"382","217","20260305","1674","215","Completed","1","45.82","32.17","45.82","32.17","13.65","15.00","9.99","30.82","-1.35"
"383","218","20260905","1529","204","Completed","1","186.71","108.43","186.71","108.43","78.28","5.00","5.99","181.71","73.28"
"384","219","20250926","1767","240","Completed","1","51.43","38.16","51.43","38.16","13.27","0.00","3.33","51.43","13.27"
"385","219","20250926","1767","222","Completed","1","100.07","70.05","100.07","70.05","30.02","0.00","3.33","100.07","30.02"
"386","219","20250926","1767","229","Completed","1","328.53","211.34","328.53","211.34","117.19","0.00","3.33","328.53","117.19"
"387","220","20260712","1739","215","Returned","3","45.82","32.17","137.46","96.51","40.95","5.00","5.99","132.46","35.95"
"388","221","20260712","1642","200","Completed","1","212.44","119.33","212.44","119.33","93.11","2.50","2.50","209.94","90.61"
"389","221","20260712","1642","215","Completed","1","45.82","32.17","45.82","32.17","13.65","2.50","2.50","43.32","11.15"
"390","221","20260712","1642","206","Completed","1","140.62","81.04","140.62","81.04","59.58","2.50","2.50","138.12","57.08"
"391","221","20260712","1642","193","Completed","1","232.94","146.33","232.94","146.33","86.61","2.50","2.50","230.44","84.11"
"392","222","20251102","1812","206","Returned","1","140.62","81.04","140.62","81.04","59.58","2.50","3.00","138.12","57.08"
"393","222","20251102","1812","188","Returned","1","147.11","98.96","147.11","98.96","48.15","2.50","3.00","144.61","45.65"
"394","223","20260909","1600","236","Cancelled","1","335.82","190.06","335.82","190.06","145.76","0.00","0.00","335.82","145.76"
"395","224","20251106","1731","221","Cancelled","2","211.10","133.66","422.20","267.32","154.88","15.00","0.00","407.20","139.88"
"396","225","20251226","1749","236","Cancelled","2","335.82","190.06","671.64","380.12","291.52","5.00","0.00","666.64","286.52"
"397","226","20260723","1838","200","Completed","1","212.44","119.33","212.44","119.33","93.11","5.00","0.00","207.44","88.11"
"398","226","20260723","1838","185","Completed","1","121.63","79.08","121.63","79.08","42.55","5.00","0.00","116.63","37.55"
"399","227","20260319","1982","202","Completed","1","148.28","83.26","148.28","83.26","65.02","0.00","3.00","148.28","65.02"
"400","227","20260319","1982","207","Completed","2","440.02","275.08","880.04","550.16","329.88","0.00","3.00","880.04","329.88"
"401","228","20260719","1975","238","Completed","1","192.21","117.17","192.21","117.17","75.04","0.00","5.00","192.21","75.04"
"402","228","20260719","1975","217","Completed","1","148.68","108.91","148.68","108.91","39.77","0.00","5.00","148.68","39.77"
"403","229","20260913","1772","196","Returned","1","65.17","42.83","65.17","42.83","22.34","0.00","5.99","65.17","22.34"
"404","230","20260222","1572","205","Cancelled","1","77.40","52.92","77.40","52.92","24.48","10.00","9.99","67.40","14.48"
"405","231","20260901","1885","182","Returned","2","336.54","258.11","673.08","516.22","156.86","2.50","2.50","670.58","154.36"
"406","231","20260901","1885","217","Returned","2","148.68","108.91","297.36","217.82","79.54","2.50","2.50","294.86","77.04"
"407","231","20260901","1885","232","Returned","1","292.00","192.97","292.00","192.97","99.03","2.50","2.50","289.50","96.53"
"408","231","20260901","1885","183","Returned","1","60.67","34.80","60.67","34.80","25.87","2.50","2.50","58.17","23.37"
"409","232","20260510","1564","216","Completed","1","315.71","189.79","315.71","189.79","125.92","10.00","0.00","305.71","115.92"
"410","233","20260914","1834","211","Completed","1","412.95","299.35","412.95","299.35","113.60","0.00","9.99","412.95","113.60"
"411","234","20260421","1795","185","Completed","1","121.63","79.08","121.63","79.08","42.55","5.00","0.00","116.63","37.55"
"412","234","20260421","1795","182","Completed","1","336.54","258.11","336.54","258.11","78.43","5.00","0.00","331.54","73.43"
"413","235","20260721","1966","214","Completed","1","443.92","253.54","443.92","253.54","190.38","7.50","3.00","436.42","182.88"
"414","235","20260721","1966","181","Completed","1","101.22","64.39","101.22","64.39","36.83","7.50","3.00","93.72","29.33"
"415","236","20260208","1851","204","Completed","1","186.71","108.43","186.71","108.43","78.28","0.00","0.00","186.71","78.28"
"416","237","20260708","1900","234","Completed","1","172.64","112.28","172.64","112.28","60.36","5.00","0.00","167.64","55.36"
"417","237","20260708","1900","192","Completed","1","170.10","125.07","170.10","125.07","45.03","5.00","0.00","165.10","40.03"
"418","238","20260828","1640","198","Returned","1","71.76","49.35","71.76","49.35","22.41","0.00","9.99","71.76","22.41"
"419","239","20260623","1886","240","Completed","1","51.43","38.16","51.43","38.16","13.27","0.00","5.99","51.43","13.27"
"420","240","20260909","1771","220","Cancelled","2","97.88","74.33","195.76","148.66","47.10","10.00","5.99","185.76","37.10"
"421","241","20260206","1791","216","Completed","2","315.71","189.79","631.42","379.58","251.84","10.00","9.99","621.42","241.84"
"422","242","20260704","1898","207","Completed","2","440.02","275.08","880.04","550.16","329.88","1.25","2.50","878.79","328.63"
"423","242","20260704","1898","226","Completed","1","155.18","87.63","155.18","87.63","67.55","1.25","2.50","153.93","66.30"
"424","242","20260704","1898","205","Completed","2","77.40","52.92","154.80","105.84","48.96","1.25","2.50","153.55","47.71"
"425","242","20260704","1898","208","Completed","1","270.85","183.28","270.85","183.28","87.57","1.25","2.50","269.60","86.32"
"426","243","20260821","1621","193","Cancelled","1","232.94","146.33","232.94","146.33","86.61","0.00","2.00","232.94","86.61"
"427","243","20260821","1621","211","Cancelled","2","412.95","299.35","825.90","598.70","227.20","0.00","2.00","825.90","227.20"
"428","243","20260821","1621","233","Cancelled","1","100.29","55.86","100.29","55.86","44.43","0.00","2.00","100.29","44.43"
"429","244","20260717","1800","210","Cancelled","1","116.09","88.40","116.09","88.40","27.69","0.00","0.00","116.09","27.69"
"430","244","20260717","1800","209","Cancelled","1","157.08","117.89","157.08","117.89","39.19","0.00","0.00","157.08","39.19"
"431","245","20260115","1842","196","Completed","1","65.17","42.83","65.17","42.83","22.34","0.00","3.00","65.17","22.34"
"432","245","20260115","1842","186","Completed","1","423.31","240.26","423.31","240.26","183.05","0.00","3.00","423.31","183.05"
"433","246","20251225","1503","213","Completed","3","148.42","96.71","445.26","290.13","155.13","0.00","3.00","445.26","155.13"
"434","246","20251225","1503","210","Completed","1","116.09","88.40","116.09","88.40","27.69","0.00","3.00","116.09","27.69"
"435","247","20260402","1729","199","Cancelled","1","154.93","112.90","154.93","112.90","42.03","5.00","5.99","149.93","37.03"
"436","248","20260920","1991","200","Returned","1","212.44","119.33","212.44","119.33","93.11","10.00","5.99","202.44","83.11"
"437","249","20260823","1652","219","Completed","1","272.42","159.43","272.42","159.43","112.99","2.50","1.50","269.92","110.49"
"438","249","20260823","1652","192","Completed","1","170.10","125.07","170.10","125.07","45.03","2.50","1.50","167.60","42.53"
"439","249","20260823","1652","208","Completed","1","270.85","183.28","270.85","183.28","87.57","2.50","1.50","268.35","85.07"
"440","249","20260823","1652","199","Completed","1","154.93","112.90","154.93","112.90","42.03","2.50","1.50","152.43","39.53"
"441","250","20260831","1918","207","Completed","1","440.02","275.08","440.02","275.08","164.94","15.00","5.99","425.02","149.94"
"442","251","20251007","1745","212","Completed","1","97.33","68.97","97.33","68.97","28.36","0.00","1.50","97.33","28.36"
"443","251","20251007","1745","223","Completed","1","80.76","46.98","80.76","46.98","33.78","0.00","1.50","80.76","33.78"
"444","251","20251007","1745","220","Completed","1","97.88","74.33","97.88","74.33","23.55","0.00","1.50","97.88","23.55"
"445","251","20251007","1745","186","Completed","1","423.31","240.26","423.31","240.26","183.05","0.00","1.50","423.31","183.05"
"446","252","20260908","1565","195","Cancelled","1","249.99","156.58","249.99","156.58","93.41","0.00","0.00","249.99","93.41"
"447","253","20260403","1597","183","Completed","1","60.67","34.80","60.67","34.80","25.87","0.00","5.00","60.67","25.87"
"448","253","20260403","1597","203","Completed","1","55.41","37.95","55.41","37.95","17.46","0.00","5.00","55.41","17.46"
"449","254","20251012","1627","229","Completed","1","328.53","211.34","328.53","211.34","117.19","0.00","0.00","328.53","117.19"
"450","254","20251012","1627","215","Completed","2","45.82","32.17","91.64","64.34","27.30","0.00","0.00","91.64","27.30"
"451","255","20260411","1799","196","Completed","1","65.17","42.83","65.17","42.83","22.34","0.00","0.00","65.17","22.34"
"452","255","20260411","1799","184","Completed","1","93.32","65.41","93.32","65.41","27.91","0.00","0.00","93.32","27.91"
"453","255","20260411","1799","216","Completed","1","315.71","189.79","315.71","189.79","125.92","0.00","0.00","315.71","125.92"
"454","256","20260716","1676","228","Returned","1","68.08","45.01","68.08","45.01","23.07","0.00","5.99","68.08","23.07"
"455","257","20260129","1677","181","Completed","2","101.22","64.39","202.44","128.78","73.66","0.00","5.00","202.44","73.66"
"456","257","20260129","1677","223","Completed","3","80.76","46.98","242.28","140.94","101.34","0.00","5.00","242.28","101.34"
"457","258","20251218","1523","196","Cancelled","1","65.17","42.83","65.17","42.83","22.34","0.00","3.00","65.17","22.34"
"458","258","20251218","1523","197","Cancelled","1","49.20","27.84","49.20","27.84","21.36","0.00","3.00","49.20","21.36"
"459","259","20250811","1968","240","Completed","1","51.43","38.16","51.43","38.16","13.27","15.00","5.99","36.43","-1.73"
"460","260","20260611","1586","211","Cancelled","1","412.95","299.35","412.95","299.35","113.60","0.00","3.33","412.95","113.60"
"461","260","20260611","1586","208","Cancelled","2","270.85","183.28","541.70","366.56","175.14","0.00","3.33","541.70","175.14"
"462","260","20260611","1586","197","Cancelled","1","49.20","27.84","49.20","27.84","21.36","0.00","3.33","49.20","21.36"
"463","261","20260428","1938","181","Completed","1","101.22","64.39","101.22","64.39","36.83","10.00","9.99","91.22","26.83"
"464","262","20251108","1557","193","Completed","1","232.94","146.33","232.94","146.33","86.61","0.00","0.00","232.94","86.61"
"465","262","20251108","1557","198","Completed","2","71.76","49.35","143.52","98.70","44.82","0.00","0.00","143.52","44.82"
"466","262","20251108","1557","232","Completed","1","292.00","192.97","292.00","192.97","99.03","0.00","0.00","292.00","99.03"
"467","263","20260916","1916","238","Returned","2","192.21","117.17","384.42","234.34","150.08","0.00","9.99","384.42","150.08"
"468","264","20260917","1850","224","Completed","2","44.39","27.23","88.78","54.46","34.32","2.50","1.50","86.28","31.82"
"469","264","20260917","1850","200","Completed","1","212.44","119.33","212.44","119.33","93.11","2.50","1.50","209.94","90.61"
"470","264","20260917","1850","233","Completed","1","100.29","55.86","100.29","55.86","44.43","2.50","1.50","97.79","41.93"
"471","264","20260917","1850","197","Completed","2","49.20","27.84","98.40","55.68","42.72","2.50","1.50","95.90","40.22"
"472","265","20260712","1872","191","Cancelled","2","45.75","27.33","91.50","54.66","36.84","1.25","1.50","90.25","35.59"
"473","265","20260712","1872","236","Cancelled","1","335.82","190.06","335.82","190.06","145.76","1.25","1.50","334.57","144.51"
"474","265","20260712","1872","186","Cancelled","1","423.31","240.26","423.31","240.26","183.05","1.25","1.50","422.06","181.80"
"475","265","20260712","1872","220","Cancelled","2","97.88","74.33","195.76","148.66","47.10","1.25","1.50","194.51","45.85"
"476","266","20260804","1863","224","Completed","1","44.39","27.23","44.39","27.23","17.16","5.00","9.99","39.39","12.16"
"477","267","20250912","1792","221","Completed","1","211.10","133.66","211.10","133.66","77.44","15.00","0.00","196.10","62.44"
"478","268","20260903","1818","191","Completed","1","45.75","27.33","45.75","27.33","18.42","0.00","0.00","45.75","18.42"
"479","268","20260903","1818","184","Completed","1","93.32","65.41","93.32","65.41","27.91","0.00","0.00","93.32","27.91"
"480","268","20260903","1818","205","Completed","1","77.40","52.92","77.40","52.92","24.48","0.00","0.00","77.40","24.48"
"481","269","20260816","1892","197","Completed","1","49.20","27.84","49.20","27.84","21.36","0.00","3.00","49.20","21.36"
"482","269","20260816","1892","196","Completed","3","65.17","42.83","195.51","128.49","67.02","0.00","3.00","195.51","67.02"
"483","270","20260221","1915","214","Completed","1","443.92","253.54","443.92","253.54","190.38","2.50","3.00","441.42","187.88"
"484","270","20260221","1915","203","Completed","1","55.41","37.95","55.41","37.95","17.46","2.50","3.00","52.91","14.96"
"485","271","20260921","1963","196","Returned","1","65.17","42.83","65.17","42.83","22.34","0.00","3.00","65.17","22.34"
"486","271","20260921","1963","194","Returned","1","308.11","207.51","308.11","207.51","100.60","0.00","3.00","308.11","100.60"
"487","272","20250615","1844","228","Completed","1","68.08","45.01","68.08","45.01","23.07","0.00","5.00","68.08","23.07"
"488","272","20250615","1844","201","Completed","1","183.21","138.22","183.21","138.22","44.99","0.00","5.00","183.21","44.99"
"489","273","20260311","1582","209","Returned","2","157.08","117.89","314.16","235.78","78.38","2.50","5.00","311.66","75.88"
"490","273","20260311","1582","184","Returned","1","93.32","65.41","93.32","65.41","27.91","2.50","5.00","90.82","25.41"
"491","274","20260922","1708","182","Cancelled","1","336.54","258.11","336.54","258.11","78.43","1.67","2.00","334.87","76.76"
"492","274","20260922","1708","183","Cancelled","1","60.67","34.80","60.67","34.80","25.87","1.67","2.00","59.00","24.20"
"493","274","20260922","1708","203","Cancelled","1","55.41","37.95","55.41","37.95","17.46","1.67","2.00","53.74","15.79"
"494","275","20251223","1544","236","Cancelled","1","335.82","190.06","335.82","190.06","145.76","0.00","2.50","335.82","145.76"
"495","275","20251223","1544","237","Cancelled","2","155.89","96.42","311.78","192.84","118.94","0.00","2.50","311.78","118.94"
"496","275","20251223","1544","227","Cancelled","1","220.71","129.38","220.71","129.38","91.33","0.00","2.50","220.71","91.33"
"497","275","20251223","1544","192","Cancelled","1","170.10","125.07","170.10","125.07","45.03","0.00","2.50","170.10","45.03"
"498","276","20260721","1576","218","Completed","1","195.26","111.40","195.26","111.40","83.86","2.50","5.00","192.76","81.36"
"499","276","20260721","1576","224","Completed","1","44.39","27.23","44.39","27.23","17.16","2.50","5.00","41.89","14.66"
"500","277","20260509","1505","225","Completed","1","98.36","65.70","98.36","65.70","32.66","0.00","5.00","98.36","32.66"
"501","277","20260509","1505","212","Completed","1","97.33","68.97","97.33","68.97","28.36","0.00","5.00","97.33","28.36"
"502","278","20260528","1981","190","Completed","1","100.47","76.85","100.47","76.85","23.62","0.00","3.33","100.47","23.62"
"503","278","20260528","1981","225","Completed","1","98.36","65.70","98.36","65.70","32.66","0.00","3.33","98.36","32.66"
"504","278","20260528","1981","237","Completed","1","155.89","96.42","155.89","96.42","59.47","0.00","3.33","155.89","59.47"
"505","279","20250722","1844","195","Completed","1","249.99","156.58","249.99","156.58","93.41","0.00","5.99","249.99","93.41"
"506","280","20251231","1752","220","Cancelled","1","97.88","74.33","97.88","74.33","23.55","10.00","5.99","87.88","13.55"
"507","281","20260605","1701","187","Completed","2","90.39","64.58","180.78","129.16","51.62","10.00","5.99","170.78","41.62"
"508","282","20260623","1792","191","Completed","1","45.75","27.33","45.75","27.33","18.42","0.00","5.00","45.75","18.42"
"509","282","20260623","1792","184","Completed","1","93.32","65.41","93.32","65.41","27.91","0.00","5.00","93.32","27.91"
"510","283","20250708","1983","223","Completed","2","80.76","46.98","161.52","93.96","67.56","0.00","0.00","161.52","67.56"
"511","284","20260724","1903","203","Completed","1","55.41","37.95","55.41","37.95","17.46","0.00","0.00","55.41","17.46"
"512","285","20250520","1618","238","Completed","1","192.21","117.17","192.21","117.17","75.04","0.00","5.99","192.21","75.04"
"513","286","20250704","1801","193","Completed","3","232.94","146.33","698.82","438.99","259.83","5.00","9.99","693.82","254.83"
"514","287","20260903","1633","194","Completed","2","308.11","207.51","616.22","415.02","201.20","5.00","9.99","611.22","196.20"
"515","288","20251214","1515","192","Returned","1","170.10","125.07","170.10","125.07","45.03","10.00","9.99","160.10","35.03"
"516","289","20251104","1788","186","Returned","1","423.31","240.26","423.31","240.26","183.05","15.00","5.99","408.31","168.05"
"517","290","20260808","1810","216","Cancelled","1","315.71","189.79","315.71","189.79","125.92","5.00","0.00","310.71","120.92"
"518","291","20260613","2000","207","Completed","1","440.02","275.08","440.02","275.08","164.94","0.00","5.99","440.02","164.94"
"519","292","20260920","1941","204","Cancelled","1","186.71","108.43","186.71","108.43","78.28","0.00","5.00","186.71","78.28"
"520","292","20260920","1941","210","Cancelled","1","116.09","88.40","116.09","88.40","27.69","0.00","5.00","116.09","27.69"
"521","293","20250712","1900","206","Completed","1","140.62","81.04","140.62","81.04","59.58","5.00","9.99","135.62","54.58"
"522","294","20260820","1973","238","Returned","1","192.21","117.17","192.21","117.17","75.04","2.50","3.00","189.71","72.54"
"523","294","20260820","1973","198","Returned","1","71.76","49.35","71.76","49.35","22.41","2.50","3.00","69.26","19.91"
"524","295","20260917","1991","213","Completed","1","148.42","96.71","148.42","96.71","51.71","5.00","5.99","143.42","46.71"
"525","296","20260809","1715","196","Completed","2","65.17","42.83","130.34","85.66","44.68","0.00","5.99","130.34","44.68"
"526","297","20260612","1648","200","Completed","1","212.44","119.33","212.44","119.33","93.11","0.00","5.99","212.44","93.11"
"527","298","20251130","1695","212","Completed","1","97.33","68.97","97.33","68.97","28.36","5.00","3.00","92.33","23.36"
"528","298","20251130","1695","231","Completed","1","111.88","80.39","111.88","80.39","31.49","5.00","3.00","106.88","26.49"
"529","299","20251223","1776","217","Completed","1","148.68","108.91","148.68","108.91","39.77","0.00","5.99","148.68","39.77"
"530","300","20260903","1790","237","Completed","1","155.89","96.42","155.89","96.42","59.47","0.00","1.50","155.89","59.47"
"531","300","20260903","1790","235","Completed","1","40.99","23.15","40.99","23.15","17.84","0.00","1.50","40.99","17.84"
"532","300","20260903","1790","199","Completed","1","154.93","112.90","154.93","112.90","42.03","0.00","1.50","154.93","42.03"
"533","300","20260903","1790","205","Completed","1","77.40","52.92","77.40","52.92","24.48","0.00","1.50","77.40","24.48"
"534","301","20260609","1597","206","Completed","1","140.62","81.04","140.62","81.04","59.58","0.00","1.50","140.62","59.58"
"535","301","20260609","1597","181","Completed","1","101.22","64.39","101.22","64.39","36.83","0.00","1.50","101.22","36.83"
"536","301","20260609","1597","216","Completed","1","315.71","189.79","315.71","189.79","125.92","0.00","1.50","315.71","125.92"
"537","301","20260609","1597","222","Completed","1","100.07","70.05","100.07","70.05","30.02","0.00","1.50","100.07","30.02"
"538","302","20251103","1822","184","Cancelled","2","93.32","65.41","186.64","130.82","55.82","0.00","5.99","186.64","55.82"
"539","303","20251207","1853","218","Returned","2","195.26","111.40","390.52","222.80","167.72","2.50","0.00","388.02","165.22"
"540","303","20251207","1853","212","Returned","2","97.33","68.97","194.66","137.94","56.72","2.50","0.00","192.16","54.22"
"541","304","20260721","1554","194","Completed","1","308.11","207.51","308.11","207.51","100.60","10.00","0.00","298.11","90.60"
"542","305","20260111","1795","182","Returned","2","336.54","258.11","673.08","516.22","156.86","0.00","5.99","673.08","156.86"
"543","306","20260914","1769","220","Completed","1","97.88","74.33","97.88","74.33","23.55","5.00","5.99","92.88","18.55"
"544","307","20260202","1524","198","Completed","1","71.76","49.35","71.76","49.35","22.41","5.00","0.00","66.76","17.41"
"545","308","20260905","1608","186","Completed","1","423.31","240.26","423.31","240.26","183.05","0.00","0.00","423.31","183.05"
"546","308","20260905","1608","239","Completed","1","116.83","67.33","116.83","67.33","49.50","0.00","0.00","116.83","49.50"
"547","308","20260905","1608","213","Completed","1","148.42","96.71","148.42","96.71","51.71","0.00","0.00","148.42","51.71"
"548","309","20260823","1711","200","Returned","1","212.44","119.33","212.44","119.33","93.11","15.00","9.99","197.44","78.11"
"549","310","20260918","1986","238","Completed","1","192.21","117.17","192.21","117.17","75.04","5.00","2.00","187.21","70.04"
"550","310","20260918","1986","231","Completed","2","111.88","80.39","223.76","160.78","62.98","5.00","2.00","218.76","57.98"
"551","310","20260918","1986","188","Completed","1","147.11","98.96","147.11","98.96","48.15","5.00","2.00","142.11","43.15"
"552","311","20260725","1670","188","Cancelled","3","147.11","98.96","441.33","296.88","144.45","5.00","9.99","436.33","139.45"
"553","312","20260901","1916","235","Returned","1","40.99","23.15","40.99","23.15","17.84","0.00","2.00","40.99","17.84"
"554","312","20260901","1916","200","Returned","1","212.44","119.33","212.44","119.33","93.11","0.00","2.00","212.44","93.11"
"555","312","20260901","1916","192","Returned","1","170.10","125.07","170.10","125.07","45.03","0.00","2.00","170.10","45.03"
"556","313","20260920","1826","190","Cancelled","1","100.47","76.85","100.47","76.85","23.62","0.00","0.00","100.47","23.62"
"557","313","20260920","1826","226","Cancelled","2","155.18","87.63","310.36","175.26","135.10","0.00","0.00","310.36","135.10"
"558","314","20260816","1741","240","Completed","1","51.43","38.16","51.43","38.16","13.27","3.33","3.33","48.10","9.94"
"559","314","20260816","1741","230","Completed","1","94.90","67.25","94.90","67.25","27.65","3.33","3.33","91.57","24.32"
"560","314","20260816","1741","201","Completed","1","183.21","138.22","183.21","138.22","44.99","3.33","3.33","179.88","41.66"
"561","315","20260702","1623","204","Returned","1","186.71","108.43","186.71","108.43","78.28","0.00","5.00","186.71","78.28"
"562","315","20260702","1623","216","Returned","2","315.71","189.79","631.42","379.58","251.84","0.00","5.00","631.42","251.84"
"563","316","20260727","1596","239","Returned","1","116.83","67.33","116.83","67.33","49.50","1.67","2.00","115.16","47.83"
"564","316","20260727","1596","196","Returned","1","65.17","42.83","65.17","42.83","22.34","1.67","2.00","63.50","20.67"
"565","316","20260727","1596","199","Returned","1","154.93","112.90","154.93","112.90","42.03","1.67","2.00","153.26","40.36"
"566","317","20250927","1659","209","Cancelled","2","157.08","117.89","314.16","235.78","78.38","0.00","5.99","314.16","78.38"
"567","318","20260620","1864","216","Completed","2","315.71","189.79","631.42","379.58","251.84","0.00","0.00","631.42","251.84"
"568","319","20260903","1805","184","Completed","1","93.32","65.41","93.32","65.41","27.91","2.50","3.00","90.82","25.41"
"569","319","20260903","1805","204","Completed","1","186.71","108.43","186.71","108.43","78.28","2.50","3.00","184.21","75.78"
"570","320","20250810","1996","233","Completed","2","100.29","55.86","200.58","111.72","88.86","10.00","9.99","190.58","78.86"
"571","321","20260918","1941","182","Completed","2","336.54","258.11","673.08","516.22","156.86","0.00","9.99","673.08","156.86"
"572","322","20260624","1780","228","Completed","1","68.08","45.01","68.08","45.01","23.07","0.00","0.00","68.08","23.07"
"573","323","20260119","1718","201","Completed","1","183.21","138.22","183.21","138.22","44.99","0.00","0.00","183.21","44.99"
"574","323","20260119","1718","185","Completed","1","121.63","79.08","121.63","79.08","42.55","0.00","0.00","121.63","42.55"
"575","324","20260614","1921","195","Completed","1","249.99","156.58","249.99","156.58","93.41","5.00","3.00","244.99","88.41"
"576","324","20260614","1921","236","Completed","1","335.82","190.06","335.82","190.06","145.76","5.00","3.00","330.82","140.76"
"577","325","20250530","1945","191","Completed","2","45.75","27.33","91.50","54.66","36.84","5.00","2.00","86.50","31.84"
"578","325","20250530","1945","227","Completed","1","220.71","129.38","220.71","129.38","91.33","5.00","2.00","215.71","86.33"
"579","325","20250530","1945","215","Completed","2","45.82","32.17","91.64","64.34","27.30","5.00","2.00","86.64","22.30"
"580","326","20260119","1643","191","Returned","1","45.75","27.33","45.75","27.33","18.42","0.00","5.99","45.75","18.42"
"581","327","20260212","1815","205","Completed","1","77.40","52.92","77.40","52.92","24.48","7.50","5.00","69.90","16.98"
"582","327","20260212","1815","211","Completed","1","412.95","299.35","412.95","299.35","113.60","7.50","5.00","405.45","106.10"
"583","328","20250406","1820","210","Completed","1","116.09","88.40","116.09","88.40","27.69","0.00","0.00","116.09","27.69"
"584","328","20250406","1820","238","Completed","1","192.21","117.17","192.21","117.17","75.04","0.00","0.00","192.21","75.04"
"585","328","20250406","1820","209","Completed","1","157.08","117.89","157.08","117.89","39.19","0.00","0.00","157.08","39.19"
"586","328","20250406","1820","186","Completed","1","423.31","240.26","423.31","240.26","183.05","0.00","0.00","423.31","183.05"
"587","329","20260402","1568","203","Completed","1","55.41","37.95","55.41","37.95","17.46","0.00","3.00","55.41","17.46"
"588","329","20260402","1568","234","Completed","1","172.64","112.28","172.64","112.28","60.36","0.00","3.00","172.64","60.36"
"589","330","20260913","1874","193","Returned","1","232.94","146.33","232.94","146.33","86.61","2.50","0.00","230.44","84.11"
"590","330","20260913","1874","238","Returned","1","192.21","117.17","192.21","117.17","75.04","2.50","0.00","189.71","72.54"
"591","331","20260303","1846","184","Returned","1","93.32","65.41","93.32","65.41","27.91","3.33","2.00","89.99","24.58"
"592","331","20260303","1846","188","Returned","2","147.11","98.96","294.22","197.92","96.30","3.33","2.00","290.89","92.97"
"593","331","20260303","1846","182","Returned","1","336.54","258.11","336.54","258.11","78.43","3.33","2.00","333.21","75.10"
"594","332","20260428","1931","224","Completed","1","44.39","27.23","44.39","27.23","17.16","0.00","2.00","44.39","17.16"
"595","332","20260428","1931","229","Completed","1","328.53","211.34","328.53","211.34","117.19","0.00","2.00","328.53","117.19"
"596","332","20260428","1931","191","Completed","1","45.75","27.33","45.75","27.33","18.42","0.00","2.00","45.75","18.42"
"597","333","20260725","1507","196","Returned","1","65.17","42.83","65.17","42.83","22.34","1.67","3.33","63.50","20.67"
"598","333","20260725","1507","209","Returned","1","157.08","117.89","157.08","117.89","39.19","1.67","3.33","155.41","37.52"
"599","333","20260725","1507","213","Returned","1","148.42","96.71","148.42","96.71","51.71","1.67","3.33","146.75","50.04"
"600","334","20260719","1856","239","Completed","2","116.83","67.33","233.66","134.66","99.00","0.00","2.00","233.66","99.00"
"601","334","20260719","1856","233","Completed","1","100.29","55.86","100.29","55.86","44.43","0.00","2.00","100.29","44.43"
"602","334","20260719","1856","190","Completed","2","100.47","76.85","200.94","153.70","47.24","0.00","2.00","200.94","47.24"
"603","335","20260912","1513","234","Completed","1","172.64","112.28","172.64","112.28","60.36","1.25","2.50","171.39","59.11"
"604","335","20260912","1513","225","Completed","1","98.36","65.70","98.36","65.70","32.66","1.25","2.50","97.11","31.41"
"605","335","20260912","1513","220","Completed","2","97.88","74.33","195.76","148.66","47.10","1.25","2.50","194.51","45.85"
"606","335","20260912","1513","206","Completed","1","140.62","81.04","140.62","81.04","59.58","1.25","2.50","139.37","58.33"
"607","336","20260909","1679","187","Completed","1","90.39","64.58","90.39","64.58","25.81","5.00","0.00","85.39","20.81"
"608","337","20260920","1672","204","Completed","1","186.71","108.43","186.71","108.43","78.28","5.00","0.00","181.71","73.28"
"609","337","20260920","1672","235","Completed","1","40.99","23.15","40.99","23.15","17.84","5.00","0.00","35.99","12.84"
"610","337","20260920","1672","202","Completed","1","148.28","83.26","148.28","83.26","65.02","5.00","0.00","143.28","60.02"
"611","338","20250411","1854","213","Returned","2","148.42","96.71","296.84","193.42","103.42","0.00","2.50","296.84","103.42"
"612","338","20250411","1854","203","Returned","3","55.41","37.95","166.23","113.85","52.38","0.00","2.50","166.23","52.38"
"613","338","20250411","1854","188","Returned","1","147.11","98.96","147.11","98.96","48.15","0.00","2.50","147.11","48.15"
"614","338","20250411","1854","198","Returned","1","71.76","49.35","71.76","49.35","22.41","0.00","2.50","71.76","22.41"
"615","339","20260902","1875","193","Completed","1","232.94","146.33","232.94","146.33","86.61","10.00","0.00","222.94","76.61"
"616","340","20260722","1584","185","Completed","1","121.63","79.08","121.63","79.08","42.55","5.00","3.33","116.63","37.55"
"617","340","20260722","1584","192","Completed","1","170.10","125.07","170.10","125.07","45.03","5.00","3.33","165.10","40.03"
"618","340","20260722","1584","231","Completed","3","111.88","80.39","335.64","241.17","94.47","5.00","3.33","330.64","89.47"
"619","341","20260812","1767","218","Completed","1","195.26","111.40","195.26","111.40","83.86","1.67","0.00","193.59","82.19"
"620","341","20260812","1767","235","Completed","1","40.99","23.15","40.99","23.15","17.84","1.67","0.00","39.32","16.17"
"621","341","20260812","1767","189","Completed","1","413.12","294.37","413.12","294.37","118.75","1.67","0.00","411.45","117.08"
"622","342","20260917","1884","231","Completed","1","111.88","80.39","111.88","80.39","31.49","5.00","3.00","106.88","26.49"
"623","342","20260917","1884","185","Completed","2","121.63","79.08","243.26","158.16","85.10","5.00","3.00","238.26","80.10"
"624","343","20260103","1505","214","Completed","1","443.92","253.54","443.92","253.54","190.38","5.00","2.00","438.92","185.38"
"625","343","20260103","1505","196","Completed","2","65.17","42.83","130.34","85.66","44.68","5.00","2.00","125.34","39.68"
"626","343","20260103","1505","183","Completed","3","60.67","34.80","182.01","104.40","77.61","5.00","2.00","177.01","72.61"
"627","344","20260308","1847","222","Cancelled","1","100.07","70.05","100.07","70.05","30.02","5.00","0.00","95.07","25.02"
"628","345","20260318","1926","234","Completed","1","172.64","112.28","172.64","112.28","60.36","0.00","5.99","172.64","60.36"
"629","346","20260412","1739","213","Cancelled","1","148.42","96.71","148.42","96.71","51.71","5.00","5.00","143.42","46.71"
"630","346","20260412","1739","183","Cancelled","1","60.67","34.80","60.67","34.80","25.87","5.00","5.00","55.67","20.87"
"631","347","20260519","1838","191","Returned","1","45.75","27.33","45.75","27.33","18.42","15.00","5.99","30.75","3.42"
"632","348","20260908","1646","225","Completed","1","98.36","65.70","98.36","65.70","32.66","0.00","5.00","98.36","32.66"
"633","348","20260908","1646","205","Completed","3","77.40","52.92","232.20","158.76","73.44","0.00","5.00","232.20","73.44"
"634","349","20260911","1633","195","Completed","1","249.99","156.58","249.99","156.58","93.41","7.50","0.00","242.49","85.91"
"635","349","20260911","1633","194","Completed","1","308.11","207.51","308.11","207.51","100.60","7.50","0.00","300.61","93.10"
"636","350","20250518","1685","193","Completed","1","232.94","146.33","232.94","146.33","86.61","0.00","0.00","232.94","86.61"
"637","350","20250518","1685","204","Completed","1","186.71","108.43","186.71","108.43","78.28","0.00","0.00","186.71","78.28"
"638","350","20250518","1685","208","Completed","2","270.85","183.28","541.70","366.56","175.14","0.00","0.00","541.70","175.14"
"639","350","20250518","1685","235","Completed","1","40.99","23.15","40.99","23.15","17.84","0.00","0.00","40.99","17.84"
"640","351","20260919","1757","218","Completed","1","195.26","111.40","195.26","111.40","83.86","5.00","0.00","190.26","78.86"
"641","351","20260919","1757","210","Completed","1","116.09","88.40","116.09","88.40","27.69","5.00","0.00","111.09","22.69"
"642","352","20260606","1889","203","Completed","1","55.41","37.95","55.41","37.95","17.46","10.00","5.99","45.41","7.46"
"643","353","20251006","1877","200","Returned","1","212.44","119.33","212.44","119.33","93.11","0.00","9.99","212.44","93.11"
"644","354","20260918","1957","183","Cancelled","1","60.67","34.80","60.67","34.80","25.87","7.50","0.00","53.17","18.37"
"645","354","20260918","1957","203","Cancelled","3","55.41","37.95","166.23","113.85","52.38","7.50","0.00","158.73","44.88"
"646","355","20260903","1503","212","Cancelled","2","97.33","68.97","194.66","137.94","56.72","0.00","1.50","194.66","56.72"
"647","355","20260903","1503","221","Cancelled","1","211.10","133.66","211.10","133.66","77.44","0.00","1.50","211.10","77.44"
"648","355","20260903","1503","199","Cancelled","2","154.93","112.90","309.86","225.80","84.06","0.00","1.50","309.86","84.06"
"649","355","20260903","1503","240","Cancelled","1","51.43","38.16","51.43","38.16","13.27","0.00","1.50","51.43","13.27"
"650","356","20260207","1526","187","Cancelled","1","90.39","64.58","90.39","64.58","25.81","0.00","5.99","90.39","25.81"
"651","357","20251111","1929","200","Returned","1","212.44","119.33","212.44","119.33","93.11","0.00","5.99","212.44","93.11"
"652","358","20251009","1544","226","Cancelled","1","155.18","87.63","155.18","87.63","67.55","1.67","2.00","153.51","65.88"
"653","358","20251009","1544","196","Cancelled","1","65.17","42.83","65.17","42.83","22.34","1.67","2.00","63.50","20.67"
"654","358","20251009","1544","189","Cancelled","1","413.12","294.37","413.12","294.37","118.75","1.67","2.00","411.45","117.08"
"655","359","20260604","1532","181","Completed","2","101.22","64.39","202.44","128.78","73.66","0.00","5.99","202.44","73.66"
"656","360","20260504","1947","191","Cancelled","1","45.75","27.33","45.75","27.33","18.42","0.00","9.99","45.75","18.42"
"657","361","20260320","1871","194","Completed","2","308.11","207.51","616.22","415.02","201.20","0.00","0.00","616.22","201.20"
"658","362","20260830","1860","197","Completed","1","49.20","27.84","49.20","27.84","21.36","0.00","0.00","49.20","21.36"
"659","363","20260921","1528","184","Completed","1","93.32","65.41","93.32","65.41","27.91","0.00","9.99","93.32","27.91"
"660","364","20260422","1939","183","Completed","1","60.67","34.80","60.67","34.80","25.87","0.00","0.00","60.67","25.87"
"661","365","20260901","1858","210","Completed","2","116.09","88.40","232.18","176.80","55.38","0.00","5.99","232.18","55.38"
"662","366","20260605","1827","230","Completed","1","94.90","67.25","94.90","67.25","27.65","7.50","3.00","87.40","20.15"
"663","366","20260605","1827","235","Completed","1","40.99","23.15","40.99","23.15","17.84","7.50","3.00","33.49","10.34"
"664","367","20260915","1896","194","Completed","1","308.11","207.51","308.11","207.51","100.60","0.00","2.50","308.11","100.60"
"665","367","20260915","1896","213","Completed","1","148.42","96.71","148.42","96.71","51.71","0.00","2.50","148.42","51.71"
"666","367","20260915","1896","210","Completed","2","116.09","88.40","232.18","176.80","55.38","0.00","2.50","232.18","55.38"
"667","367","20260915","1896","224","Completed","1","44.39","27.23","44.39","27.23","17.16","0.00","2.50","44.39","17.16"
"668","368","20260909","1611","232","Cancelled","2","292.00","192.97","584.00","385.94","198.06","5.00","0.00","579.00","193.06"
"669","369","20260520","1614","200","Completed","2","212.44","119.33","424.88","238.66","186.22","2.50","0.00","422.38","183.72"
"670","369","20260520","1614","194","Completed","1","308.11","207.51","308.11","207.51","100.60","2.50","0.00","305.61","98.10"
"671","369","20260520","1614","207","Completed","2","440.02","275.08","880.04","550.16","329.88","2.50","0.00","877.54","327.38"
"672","369","20260520","1614","215","Completed","1","45.82","32.17","45.82","32.17","13.65","2.50","0.00","43.32","11.15"
"673","370","20260728","1975","220","Completed","2","97.88","74.33","195.76","148.66","47.10","0.00","3.33","195.76","47.10"
"674","370","20260728","1975","232","Completed","1","292.00","192.97","292.00","192.97","99.03","0.00","3.33","292.00","99.03"
"675","370","20260728","1975","206","Completed","2","140.62","81.04","281.24","162.08","119.16","0.00","3.33","281.24","119.16"
"676","371","20260917","1607","212","Completed","2","97.33","68.97","194.66","137.94","56.72","0.00","3.00","194.66","56.72"
"677","371","20260917","1607","205","Completed","1","77.40","52.92","77.40","52.92","24.48","0.00","3.00","77.40","24.48"
"678","372","20251125","1726","238","Cancelled","1","192.21","117.17","192.21","117.17","75.04","15.00","0.00","177.21","60.04"
"679","373","20250507","1863","213","Completed","1","148.42","96.71","148.42","96.71","51.71","0.00","0.00","148.42","51.71"
"680","373","20250507","1863","193","Completed","3","232.94","146.33","698.82","438.99","259.83","0.00","0.00","698.82","259.83"
"681","374","20260406","1928","196","Cancelled","1","65.17","42.83","65.17","42.83","22.34","0.00","0.00","65.17","22.34"
"682","374","20260406","1928","224","Cancelled","1","44.39","27.23","44.39","27.23","17.16","0.00","0.00","44.39","17.16"
"683","374","20260406","1928","187","Cancelled","1","90.39","64.58","90.39","64.58","25.81","0.00","0.00","90.39","25.81"
"684","374","20260406","1928","205","Cancelled","1","77.40","52.92","77.40","52.92","24.48","0.00","0.00","77.40","24.48"
"685","375","20260815","1708","228","Completed","2","68.08","45.01","136.16","90.02","46.14","5.00","0.00","131.16","41.14"
"686","375","20260815","1708","230","Completed","1","94.90","67.25","94.90","67.25","27.65","5.00","0.00","89.90","22.65"
"687","376","20251024","1889","190","Completed","1","100.47","76.85","100.47","76.85","23.62","5.00","0.00","95.47","18.62"
"688","377","20250930","1864","196","Completed","1","65.17","42.83","65.17","42.83","22.34","0.00","2.00","65.17","22.34"
"689","377","20250930","1864","185","Completed","2","121.63","79.08","243.26","158.16","85.10","0.00","2.00","243.26","85.10"
"690","377","20250930","1864","189","Completed","1","413.12","294.37","413.12","294.37","118.75","0.00","2.00","413.12","118.75"
"691","378","20260519","1936","210","Completed","1","116.09","88.40","116.09","88.40","27.69","0.00","9.99","116.09","27.69"
"692","379","20260910","1612","232","Completed","1","292.00","192.97","292.00","192.97","99.03","0.00","3.00","292.00","99.03"
"693","379","20260910","1612","226","Completed","1","155.18","87.63","155.18","87.63","67.55","0.00","3.00","155.18","67.55"
"694","380","20260621","1567","231","Completed","1","111.88","80.39","111.88","80.39","31.49","3.33","3.33","108.55","28.16"
"695","380","20260621","1567","238","Completed","1","192.21","117.17","192.21","117.17","75.04","3.33","3.33","188.88","71.71"
"696","380","20260621","1567","203","Completed","1","55.41","37.95","55.41","37.95","17.46","3.33","3.33","52.08","14.13"
"697","381","20251120","1802","236","Completed","1","335.82","190.06","335.82","190.06","145.76","0.00","2.00","335.82","145.76"
"698","381","20251120","1802","207","Completed","1","440.02","275.08","440.02","275.08","164.94","0.00","2.00","440.02","164.94"
"699","381","20251120","1802","222","Completed","1","100.07","70.05","100.07","70.05","30.02","0.00","2.00","100.07","30.02"
"700","382","20260401","1541","224","Completed","1","44.39","27.23","44.39","27.23","17.16","3.33","2.00","41.06","13.83"
"701","382","20260401","1541","218","Completed","1","195.26","111.40","195.26","111.40","83.86","3.33","2.00","191.93","80.53"
"702","382","20260401","1541","235","Completed","1","40.99","23.15","40.99","23.15","17.84","3.33","2.00","37.66","14.51"
"703","383","20250709","1822","202","Cancelled","1","148.28","83.26","148.28","83.26","65.02","7.50","3.00","140.78","57.52"
"704","383","20250709","1822","199","Cancelled","1","154.93","112.90","154.93","112.90","42.03","7.50","3.00","147.43","34.53"
"705","384","20260503","1908","218","Cancelled","1","195.26","111.40","195.26","111.40","83.86","0.00","0.00","195.26","83.86"
"706","384","20260503","1908","202","Cancelled","1","148.28","83.26","148.28","83.26","65.02","0.00","0.00","148.28","65.02"
"707","385","20260505","1735","183","Completed","1","60.67","34.80","60.67","34.80","25.87","0.00","3.00","60.67","25.87"
"708","385","20260505","1735","188","Completed","2","147.11","98.96","294.22","197.92","96.30","0.00","3.00","294.22","96.30"
"709","386","20260914","1690","194","Completed","1","308.11","207.51","308.11","207.51","100.60","0.00","3.00","308.11","100.60"
"710","386","20260914","1690","206","Completed","2","140.62","81.04","281.24","162.08","119.16","0.00","3.00","281.24","119.16"
"711","387","20260607","1744","237","Cancelled","1","155.89","96.42","155.89","96.42","59.47","0.00","0.00","155.89","59.47"
"712","387","20260607","1744","183","Cancelled","1","60.67","34.80","60.67","34.80","25.87","0.00","0.00","60.67","25.87"
"713","387","20260607","1744","205","Cancelled","2","77.40","52.92","154.80","105.84","48.96","0.00","0.00","154.80","48.96"
"714","388","20260501","1534","232","Cancelled","1","292.00","192.97","292.00","192.97","99.03","5.00","0.00","287.00","94.03"
"715","389","20260911","1986","188","Completed","3","147.11","98.96","441.33","296.88","144.45","1.25","1.50","440.08","143.20"
"716","389","20260911","1986","233","Completed","2","100.29","55.86","200.58","111.72","88.86","1.25","1.50","199.33","87.61"
"717","389","20260911","1986","190","Completed","1","100.47","76.85","100.47","76.85","23.62","1.25","1.50","99.22","22.37"
"718","389","20260911","1986","221","Completed","2","211.10","133.66","422.20","267.32","154.88","1.25","1.50","420.95","153.63"
"719","390","20260905","1714","200","Returned","1","212.44","119.33","212.44","119.33","93.11","5.00","2.00","207.44","88.11"
"720","390","20260905","1714","225","Returned","2","98.36","65.70","196.72","131.40","65.32","5.00","2.00","191.72","60.32"
"721","390","20260905","1714","226","Returned","1","155.18","87.63","155.18","87.63","67.55","5.00","2.00","150.18","62.55"
"722","391","20251124","1980","218","Cancelled","1","195.26","111.40","195.26","111.40","83.86","0.00","9.99","195.26","83.86"
"723","392","20251226","1673","226","Completed","1","155.18","87.63","155.18","87.63","67.55","0.00","9.99","155.18","67.55"
"724","393","20260524","1886","239","Completed","1","116.83","67.33","116.83","67.33","49.50","0.00","3.00","116.83","49.50"
"725","393","20260524","1886","189","Completed","2","413.12","294.37","826.24","588.74","237.50","0.00","3.00","826.24","237.50"
"726","394","20260812","1720","208","Completed","1","270.85","183.28","270.85","183.28","87.57","5.00","5.00","265.85","82.57"
"727","394","20260812","1720","232","Completed","2","292.00","192.97","584.00","385.94","198.06","5.00","5.00","579.00","193.06"
"728","395","20260828","1921","190","Completed","1","100.47","76.85","100.47","76.85","23.62","2.50","1.50","97.97","21.12"
"729","395","20260828","1921","204","Completed","2","186.71","108.43","373.42","216.86","156.56","2.50","1.50","370.92","154.06"
"730","395","20260828","1921","195","Completed","1","249.99","156.58","249.99","156.58","93.41","2.50","1.50","247.49","90.91"
"731","395","20260828","1921","200","Completed","2","212.44","119.33","424.88","238.66","186.22","2.50","1.50","422.38","183.72"
"732","396","20260112","1522","213","Returned","1","148.42","96.71","148.42","96.71","51.71","0.00","5.99","148.42","51.71"
"733","397","20260609","1594","221","Returned","1","211.10","133.66","211.10","133.66","77.44","1.25","1.50","209.85","76.19"
"734","397","20260609","1594","186","Returned","1","423.31","240.26","423.31","240.26","183.05","1.25","1.50","422.06","181.80"
"735","397","20260609","1594","226","Returned","1","155.18","87.63","155.18","87.63","67.55","1.25","1.50","153.93","66.30"
"736","397","20260609","1594","227","Returned","1","220.71","129.38","220.71","129.38","91.33","1.25","1.50","219.46","90.08"
"737","398","20260124","1829","221","Returned","1","211.10","133.66","211.10","133.66","77.44","10.00","5.99","201.10","67.44"
"738","399","20260619","1571","211","Completed","1","412.95","299.35","412.95","299.35","113.60","15.00","9.99","397.95","98.60"
"739","400","20260528","1924","216","Returned","1","315.71","189.79","315.71","189.79","125.92","5.00","9.99","310.71","120.92"
"740","401","20260505","1559","191","Completed","1","45.75","27.33","45.75","27.33","18.42","1.67","3.33","44.08","16.75"
"741","401","20260505","1559","200","Completed","2","212.44","119.33","424.88","238.66","186.22","1.67","3.33","423.21","184.55"
"742","401","20260505","1559","192","Completed","2","170.10","125.07","340.20","250.14","90.06","1.67","3.33","338.53","88.39"
"743","402","20260828","1858","217","Cancelled","1","148.68","108.91","148.68","108.91","39.77","0.00","5.99","148.68","39.77"
"744","403","20260903","1619","237","Completed","1","155.89","96.42","155.89","96.42","59.47","5.00","0.00","150.89","54.47"
"745","403","20260903","1619","218","Completed","1","195.26","111.40","195.26","111.40","83.86","5.00","0.00","190.26","78.86"
"746","404","20260706","1619","239","Returned","1","116.83","67.33","116.83","67.33","49.50","0.00","5.00","116.83","49.50"
"747","404","20260706","1619","233","Returned","1","100.29","55.86","100.29","55.86","44.43","0.00","5.00","100.29","44.43"
"748","405","20260308","1697","225","Completed","1","98.36","65.70","98.36","65.70","32.66","0.00","0.00","98.36","32.66"
"749","405","20260308","1697","181","Completed","1","101.22","64.39","101.22","64.39","36.83","0.00","0.00","101.22","36.83"
"750","406","20260516","1940","208","Completed","1","270.85","183.28","270.85","183.28","87.57","0.00","2.00","270.85","87.57"
"751","406","20260516","1940","194","Completed","1","308.11","207.51","308.11","207.51","100.60","0.00","2.00","308.11","100.60"
"752","406","20260516","1940","203","Completed","1","55.41","37.95","55.41","37.95","17.46","0.00","2.00","55.41","17.46"
"753","407","20260824","1867","229","Completed","1","328.53","211.34","328.53","211.34","117.19","0.00","5.00","328.53","117.19"
"754","407","20260824","1867","213","Completed","2","148.42","96.71","296.84","193.42","103.42","0.00","5.00","296.84","103.42"
"755","408","20260708","1883","217","Completed","1","148.68","108.91","148.68","108.91","39.77","15.00","0.00","133.68","24.77"
"756","409","20260702","1827","183","Completed","1","60.67","34.80","60.67","34.80","25.87","0.00","2.50","60.67","25.87"
"757","409","20260702","1827","226","Completed","1","155.18","87.63","155.18","87.63","67.55","0.00","2.50","155.18","67.55"
"758","409","20260702","1827","205","Completed","1","77.40","52.92","77.40","52.92","24.48","0.00","2.50","77.40","24.48"
"759","409","20260702","1827","189","Completed","1","413.12","294.37","413.12","294.37","118.75","0.00","2.50","413.12","118.75"
"760","410","20251030","1864","237","Completed","2","155.89","96.42","311.78","192.84","118.94","0.00","3.00","311.78","118.94"
"761","410","20251030","1864","220","Completed","2","97.88","74.33","195.76","148.66","47.10","0.00","3.00","195.76","47.10"
"762","411","20260802","1999","223","Completed","2","80.76","46.98","161.52","93.96","67.56","0.00","0.00","161.52","67.56"
"763","411","20260802","1999","215","Completed","1","45.82","32.17","45.82","32.17","13.65","0.00","0.00","45.82","13.65"
"764","412","20260807","1600","186","Completed","1","423.31","240.26","423.31","240.26","183.05","0.00","2.50","423.31","183.05"
"765","412","20260807","1600","194","Completed","1","308.11","207.51","308.11","207.51","100.60","0.00","2.50","308.11","100.60"
"766","412","20260807","1600","226","Completed","1","155.18","87.63","155.18","87.63","67.55","0.00","2.50","155.18","67.55"
"767","412","20260807","1600","234","Completed","2","172.64","112.28","345.28","224.56","120.72","0.00","2.50","345.28","120.72"
"768","413","20251025","1705","199","Completed","1","154.93","112.90","154.93","112.90","42.03","0.00","0.00","154.93","42.03"
"769","414","20260520","1647","195","Completed","1","249.99","156.58","249.99","156.58","93.41","0.00","0.00","249.99","93.41"
"770","414","20260520","1647","187","Completed","1","90.39","64.58","90.39","64.58","25.81","0.00","0.00","90.39","25.81"
"771","415","20260202","1929","212","Returned","1","97.33","68.97","97.33","68.97","28.36","5.00","9.99","92.33","23.36"
"772","416","20251210","1504","201","Completed","3","183.21","138.22","549.63","414.66","134.97","0.00","3.00","549.63","134.97"
"773","416","20251210","1504","209","Completed","1","157.08","117.89","157.08","117.89","39.19","0.00","3.00","157.08","39.19"
"774","417","20260314","1801","230","Completed","1","94.90","67.25","94.90","67.25","27.65","1.25","0.00","93.65","26.40"
"775","417","20260314","1801","223","Completed","1","80.76","46.98","80.76","46.98","33.78","1.25","0.00","79.51","32.53"
"776","417","20260314","1801","190","Completed","2","100.47","76.85","200.94","153.70","47.24","1.25","0.00","199.69","45.99"
"777","417","20260314","1801","234","Completed","1","172.64","112.28","172.64","112.28","60.36","1.25","0.00","171.39","59.11"
"778","418","20251001","1592","236","Completed","1","335.82","190.06","335.82","190.06","145.76","0.00","5.99","335.82","145.76"
"779","419","20260428","1651","182","Completed","1","336.54","258.11","336.54","258.11","78.43","2.50","5.00","334.04","75.93"
"780","419","20260428","1651","233","Completed","1","100.29","55.86","100.29","55.86","44.43","2.50","5.00","97.79","41.93"
"781","420","20260711","1813","228","Returned","1","68.08","45.01","68.08","45.01","23.07","0.00","0.00","68.08","23.07"
"782","421","20260521","1817","182","Completed","1","336.54","258.11","336.54","258.11","78.43","0.00","5.99","336.54","78.43"
"783","422","20260722","1859","222","Completed","1","100.07","70.05","100.07","70.05","30.02","0.00","3.33","100.07","30.02"
"784","422","20260722","1859","184","Completed","2","93.32","65.41","186.64","130.82","55.82","0.00","3.33","186.64","55.82"
"785","422","20260722","1859","239","Completed","2","116.83","67.33","233.66","134.66","99.00","0.00","3.33","233.66","99.00"
"786","423","20251113","1933","209","Completed","1","157.08","117.89","157.08","117.89","39.19","0.00","9.99","157.08","39.19"
"787","424","20260913","1732","210","Completed","1","116.09","88.40","116.09","88.40","27.69","5.00","2.00","111.09","22.69"
"788","424","20260913","1732","230","Completed","1","94.90","67.25","94.90","67.25","27.65","5.00","2.00","89.90","22.65"
"789","424","20260913","1732","217","Completed","1","148.68","108.91","148.68","108.91","39.77","5.00","2.00","143.68","34.77"
"790","425","20260910","1800","215","Returned","2","45.82","32.17","91.64","64.34","27.30","2.50","5.00","89.14","24.80"
"791","425","20260910","1800","214","Returned","2","443.92","253.54","887.84","507.08","380.76","2.50","5.00","885.34","378.26"
"792","426","20260715","1728","196","Completed","2","65.17","42.83","130.34","85.66","44.68","3.33","2.00","127.01","41.35"
"793","426","20260715","1728","218","Completed","2","195.26","111.40","390.52","222.80","167.72","3.33","2.00","387.19","164.39"
"794","426","20260715","1728","184","Completed","2","93.32","65.41","186.64","130.82","55.82","3.33","2.00","183.31","52.49"
"795","427","20260915","1941","183","Cancelled","1","60.67","34.80","60.67","34.80","25.87","7.50","3.00","53.17","18.37"
"796","427","20260915","1941","200","Cancelled","1","212.44","119.33","212.44","119.33","93.11","7.50","3.00","204.94","85.61"
"797","428","20260831","1804","228","Cancelled","1","68.08","45.01","68.08","45.01","23.07","0.00","0.00","68.08","23.07"
"798","429","20251008","1504","193","Cancelled","1","232.94","146.33","232.94","146.33","86.61","0.00","5.99","232.94","86.61"
"799","430","20260731","1766","187","Completed","2","90.39","64.58","180.78","129.16","51.62","10.00","9.99","170.78","41.62"
"800","431","20260427","1919","226","Completed","1","155.18","87.63","155.18","87.63","67.55","0.00","9.99","155.18","67.55"
"801","432","20250429","1694","208","Returned","2","270.85","183.28","541.70","366.56","175.14","15.00","0.00","526.70","160.14"
"802","433","20260713","1827","226","Completed","1","155.18","87.63","155.18","87.63","67.55","1.67","0.00","153.51","65.88"
"803","433","20260713","1827","189","Completed","2","413.12","294.37","826.24","588.74","237.50","1.67","0.00","824.57","235.83"
"804","433","20260713","1827","187","Completed","2","90.39","64.58","180.78","129.16","51.62","1.67","0.00","179.11","49.95"
"805","434","20260117","1559","220","Completed","1","97.88","74.33","97.88","74.33","23.55","2.50","2.50","95.38","21.05"
"806","434","20260117","1559","207","Completed","1","440.02","275.08","440.02","275.08","164.94","2.50","2.50","437.52","162.44"
"807","434","20260117","1559","208","Completed","1","270.85","183.28","270.85","183.28","87.57","2.50","2.50","268.35","85.07"
"808","434","20260117","1559","181","Completed","1","101.22","64.39","101.22","64.39","36.83","2.50","2.50","98.72","34.33"
"809","435","20260920","1954","190","Completed","1","100.47","76.85","100.47","76.85","23.62","0.00","0.00","100.47","23.62"
"810","435","20260920","1954","231","Completed","1","111.88","80.39","111.88","80.39","31.49","0.00","0.00","111.88","31.49"
"811","436","20260904","1582","234","Completed","1","172.64","112.28","172.64","112.28","60.36","0.00","9.99","172.64","60.36"
"812","437","20251107","1622","240","Completed","1","51.43","38.16","51.43","38.16","13.27","7.50","3.00","43.93","5.77"
"813","437","20251107","1622","239","Completed","1","116.83","67.33","116.83","67.33","49.50","7.50","3.00","109.33","42.00"
"814","438","20260909","1976","238","Completed","1","192.21","117.17","192.21","117.17","75.04","2.50","3.00","189.71","72.54"
"815","438","20260909","1976","237","Completed","1","155.89","96.42","155.89","96.42","59.47","2.50","3.00","153.39","56.97"
"816","439","20260626","1800","214","Completed","2","443.92","253.54","887.84","507.08","380.76","5.00","0.00","882.84","375.76"
"817","439","20260626","1800","182","Completed","1","336.54","258.11","336.54","258.11","78.43","5.00","0.00","331.54","73.43"
"818","439","20260626","1800","198","Completed","2","71.76","49.35","143.52","98.70","44.82","5.00","0.00","138.52","39.82"
"819","440","20260215","1535","182","Completed","1","336.54","258.11","336.54","258.11","78.43","0.00","9.99","336.54","78.43"
"820","441","20260902","1711","183","Completed","1","60.67","34.80","60.67","34.80","25.87","5.00","3.00","55.67","20.87"
"821","441","20260902","1711","200","Completed","1","212.44","119.33","212.44","119.33","93.11","5.00","3.00","207.44","88.11"
"822","442","20260731","1568","239","Returned","2","116.83","67.33","233.66","134.66","99.00","0.00","9.99","233.66","99.00"
"823","443","20260629","1551","223","Completed","1","80.76","46.98","80.76","46.98","33.78","0.00","5.00","80.76","33.78"
"824","443","20260629","1551","226","Completed","1","155.18","87.63","155.18","87.63","67.55","0.00","5.00","155.18","67.55"
"825","444","20260710","1739","213","Cancelled","2","148.42","96.71","296.84","193.42","103.42","0.00","9.99","296.84","103.42"
"826","445","20260716","1875","188","Completed","2","147.11","98.96","294.22","197.92","96.30","2.50","0.00","291.72","93.80"
"827","445","20260716","1875","218","Completed","1","195.26","111.40","195.26","111.40","83.86","2.50","0.00","192.76","81.36"
"828","446","20260320","1753","239","Returned","1","116.83","67.33","116.83","67.33","49.50","5.00","0.00","111.83","44.50"
"829","446","20260320","1753","213","Returned","1","148.42","96.71","148.42","96.71","51.71","5.00","0.00","143.42","46.71"
"830","447","20260419","1722","187","Completed","1","90.39","64.58","90.39","64.58","25.81","0.00","5.00","90.39","25.81"
"831","447","20260419","1722","214","Completed","1","443.92","253.54","443.92","253.54","190.38","0.00","5.00","443.92","190.38"
"832","448","20260601","1744","237","Cancelled","1","155.89","96.42","155.89","96.42","59.47","5.00","0.00","150.89","54.47"
"833","448","20260601","1744","217","Cancelled","2","148.68","108.91","297.36","217.82","79.54","5.00","0.00","292.36","74.54"
"834","448","20260601","1744","216","Cancelled","3","315.71","189.79","947.13","569.37","377.76","5.00","0.00","942.13","372.76"
"835","449","20260901","1714","191","Completed","2","45.75","27.33","91.50","54.66","36.84","3.33","0.00","88.17","33.51"
"836","449","20260901","1714","192","Completed","1","170.10","125.07","170.10","125.07","45.03","3.33","0.00","166.77","41.70"
"837","449","20260901","1714","187","Completed","1","90.39","64.58","90.39","64.58","25.81","3.33","0.00","87.06","22.48"
"838","450","20260306","1530","225","Returned","2","98.36","65.70","196.72","131.40","65.32","3.33","0.00","193.39","61.99"
"839","450","20260306","1530","220","Returned","1","97.88","74.33","97.88","74.33","23.55","3.33","0.00","94.55","20.22"
"840","450","20260306","1530","236","Returned","1","335.82","190.06","335.82","190.06","145.76","3.33","0.00","332.49","142.43"
"841","451","20260510","1914","236","Completed","1","335.82","190.06","335.82","190.06","145.76","0.00","5.00","335.82","145.76"
"842","451","20260510","1914","193","Completed","1","232.94","146.33","232.94","146.33","86.61","0.00","5.00","232.94","86.61"
"843","452","20260813","1531","181","Cancelled","1","101.22","64.39","101.22","64.39","36.83","0.00","3.00","101.22","36.83"
"844","452","20260813","1531","190","Cancelled","1","100.47","76.85","100.47","76.85","23.62","0.00","3.00","100.47","23.62"
"845","453","20251202","1801","203","Cancelled","1","55.41","37.95","55.41","37.95","17.46","0.00","0.00","55.41","17.46"
"846","453","20251202","1801","201","Cancelled","1","183.21","138.22","183.21","138.22","44.99","0.00","0.00","183.21","44.99"
"847","454","20260526","1886","191","Completed","1","45.75","27.33","45.75","27.33","18.42","10.00","9.99","35.75","8.42"
"848","455","20250710","1663","235","Completed","1","40.99","23.15","40.99","23.15","17.84","7.50","3.00","33.49","10.34"
"849","455","20250710","1663","210","Completed","1","116.09","88.40","116.09","88.40","27.69","7.50","3.00","108.59","20.19"
"850","456","20251001","1601","235","Returned","1","40.99","23.15","40.99","23.15","17.84","0.00","5.00","40.99","17.84"
"851","456","20251001","1601","202","Returned","1","148.28","83.26","148.28","83.26","65.02","0.00","5.00","148.28","65.02"
"852","457","20260105","1686","234","Completed","2","172.64","112.28","345.28","224.56","120.72","0.00","3.00","345.28","120.72"
"853","457","20260105","1686","200","Completed","1","212.44","119.33","212.44","119.33","93.11","0.00","3.00","212.44","93.11"
"854","458","20251015","1993","234","Completed","1","172.64","112.28","172.64","112.28","60.36","10.00","0.00","162.64","50.36"
"855","459","20260921","1988","182","Returned","2","336.54","258.11","673.08","516.22","156.86","5.00","9.99","668.08","151.86"
"856","460","20260723","1506","230","Completed","2","94.90","67.25","189.80","134.50","55.30","15.00","9.99","174.80","40.30"
"857","461","20250804","1707","214","Completed","3","443.92","253.54","1331.76","760.62","571.14","2.50","5.00","1329.26","568.64"
"858","461","20250804","1707","222","Completed","2","100.07","70.05","200.14","140.10","60.04","2.50","5.00","197.64","57.54"
"859","462","20260225","1971","194","Cancelled","1","308.11","207.51","308.11","207.51","100.60","0.00","0.00","308.11","100.60"
"860","462","20260225","1971","188","Cancelled","1","147.11","98.96","147.11","98.96","48.15","0.00","0.00","147.11","48.15"
"861","462","20260225","1971","238","Cancelled","1","192.21","117.17","192.21","117.17","75.04","0.00","0.00","192.21","75.04"
"862","462","20260225","1971","222","Cancelled","1","100.07","70.05","100.07","70.05","30.02","0.00","0.00","100.07","30.02"
"863","463","20260907","1897","204","Returned","1","186.71","108.43","186.71","108.43","78.28","0.00","5.99","186.71","78.28"
"864","464","20260817","1855","197","Completed","2","49.20","27.84","98.40","55.68","42.72","0.00","3.33","98.40","42.72"
"865","464","20260817","1855","206","Completed","1","140.62","81.04","140.62","81.04","59.58","0.00","3.33","140.62","59.58"
"866","464","20260817","1855","219","Completed","1","272.42","159.43","272.42","159.43","112.99","0.00","3.33","272.42","112.99"
"867","465","20260902","1766","196","Completed","1","65.17","42.83","65.17","42.83","22.34","10.00","9.99","55.17","12.34"
"868","466","20250620","1952","234","Returned","1","172.64","112.28","172.64","112.28","60.36","2.50","3.00","170.14","57.86"
"869","466","20250620","1952","238","Returned","1","192.21","117.17","192.21","117.17","75.04","2.50","3.00","189.71","72.54"
"870","467","20260331","1682","195","Completed","1","249.99","156.58","249.99","156.58","93.41","15.00","9.99","234.99","78.41"
"871","468","20260422","1899","235","Completed","1","40.99","23.15","40.99","23.15","17.84","5.00","5.00","35.99","12.84"
"872","468","20260422","1899","239","Completed","1","116.83","67.33","116.83","67.33","49.50","5.00","5.00","111.83","44.50"
"873","469","20260221","1892","194","Completed","1","308.11","207.51","308.11","207.51","100.60","15.00","5.99","293.11","85.60"
"874","470","20260906","1982","233","Cancelled","1","100.29","55.86","100.29","55.86","44.43","0.00","0.00","100.29","44.43"
"875","471","20260920","1872","229","Cancelled","1","328.53","211.34","328.53","211.34","117.19","10.00","0.00","318.53","107.19"
"876","472","20260912","1850","222","Completed","1","100.07","70.05","100.07","70.05","30.02","0.00","9.99","100.07","30.02"
"877","473","20260729","1503","218","Completed","2","195.26","111.40","390.52","222.80","167.72","0.00","0.00","390.52","167.72"
"878","474","20260906","1925","209","Completed","2","157.08","117.89","314.16","235.78","78.38","15.00","9.99","299.16","63.38"
"879","475","20260707","1506","202","Completed","1","148.28","83.26","148.28","83.26","65.02","7.50","0.00","140.78","57.52"
"880","475","20260707","1506","195","Completed","1","249.99","156.58","249.99","156.58","93.41","7.50","0.00","242.49","85.91"
"881","476","20260125","1779","232","Returned","1","292.00","192.97","292.00","192.97","99.03","2.50","5.00","289.50","96.53"
"882","476","20260125","1779","226","Returned","1","155.18","87.63","155.18","87.63","67.55","2.50","5.00","152.68","65.05"
"883","477","20260210","1853","237","Completed","2","155.89","96.42","311.78","192.84","118.94","0.00","9.99","311.78","118.94"
"884","478","20251116","1662","228","Cancelled","1","68.08","45.01","68.08","45.01","23.07","3.75","1.50","64.33","19.32"
"885","478","20251116","1662","240","Cancelled","1","51.43","38.16","51.43","38.16","13.27","3.75","1.50","47.68","9.52"
"886","478","20251116","1662","189","Cancelled","2","413.12","294.37","826.24","588.74","237.50","3.75","1.50","822.49","233.75"
"887","478","20251116","1662","206","Cancelled","1","140.62","81.04","140.62","81.04","59.58","3.75","1.50","136.87","55.83"
"888","479","20260516","1502","232","Cancelled","2","292.00","192.97","584.00","385.94","198.06","0.00","3.00","584.00","198.06"
"889","479","20260516","1502","228","Cancelled","1","68.08","45.01","68.08","45.01","23.07","0.00","3.00","68.08","23.07"
"890","480","20260317","1876","213","Cancelled","2","148.42","96.71","296.84","193.42","103.42","10.00","0.00","286.84","93.42"
"891","481","20260519","1864","202","Cancelled","2","148.28","83.26","296.56","166.52","130.04","0.00","3.00","296.56","130.04"
"892","481","20260519","1864","206","Cancelled","2","140.62","81.04","281.24","162.08","119.16","0.00","3.00","281.24","119.16"
"893","482","20251122","1845","239","Completed","1","116.83","67.33","116.83","67.33","49.50","0.00","0.00","116.83","49.50"
"894","483","20260727","1700","224","Completed","1","44.39","27.23","44.39","27.23","17.16","5.00","5.00","39.39","12.16"
"895","483","20260727","1700","204","Completed","1","186.71","108.43","186.71","108.43","78.28","5.00","5.00","181.71","73.28"
"896","484","20260508","1503","195","Completed","1","249.99","156.58","249.99","156.58","93.41","5.00","0.00","244.99","88.41"
"897","485","20251022","1692","211","Completed","1","412.95","299.35","412.95","299.35","113.60","0.00","3.00","412.95","113.60"
"898","485","20251022","1692","237","Completed","1","155.89","96.42","155.89","96.42","59.47","0.00","3.00","155.89","59.47"
"899","486","20251102","1978","233","Completed","1","100.29","55.86","100.29","55.86","44.43","0.00","9.99","100.29","44.43"
"900","487","20260617","1994","183","Cancelled","1","60.67","34.80","60.67","34.80","25.87","0.00","3.00","60.67","25.87"
"901","487","20260617","1994","213","Cancelled","1","148.42","96.71","148.42","96.71","51.71","0.00","3.00","148.42","51.71"
"902","488","20251007","1783","192","Completed","2","170.10","125.07","340.20","250.14","90.06","0.00","2.00","340.20","90.06"
"903","488","20251007","1783","193","Completed","3","232.94","146.33","698.82","438.99","259.83","0.00","2.00","698.82","259.83"
"904","488","20251007","1783","214","Completed","1","443.92","253.54","443.92","253.54","190.38","0.00","2.00","443.92","190.38"
"905","489","20260524","1944","187","Returned","2","90.39","64.58","180.78","129.16","51.62","0.00","9.99","180.78","51.62"
"906","490","20260921","1956","223","Completed","1","80.76","46.98","80.76","46.98","33.78","0.00","5.00","80.76","33.78"
"907","490","20260921","1956","186","Completed","1","423.31","240.26","423.31","240.26","183.05","0.00","5.00","423.31","183.05"
"908","491","20260810","1507","223","Completed","1","80.76","46.98","80.76","46.98","33.78","10.00","5.99","70.76","23.78"
"909","492","20260318","1857","184","Completed","1","93.32","65.41","93.32","65.41","27.91","0.00","5.00","93.32","27.91"
"910","492","20260318","1857","203","Completed","1","55.41","37.95","55.41","37.95","17.46","0.00","5.00","55.41","17.46"
"911","493","20250707","1943","229","Completed","1","328.53","211.34","328.53","211.34","117.19","15.00","5.99","313.53","102.19"
"912","494","20260908","1935","181","Returned","1","101.22","64.39","101.22","64.39","36.83","10.00","0.00","91.22","26.83"
"913","495","20250606","1736","189","Cancelled","1","413.12","294.37","413.12","294.37","118.75","10.00","0.00","403.12","108.75"
"914","496","20260713","1659","231","Returned","2","111.88","80.39","223.76","160.78","62.98","0.00","5.00","223.76","62.98"
"915","496","20260713","1659","206","Returned","1","140.62","81.04","140.62","81.04","59.58","0.00","5.00","140.62","59.58"
"916","497","20260819","1761","236","Completed","1","335.82","190.06","335.82","190.06","145.76","1.67","0.00","334.15","144.09"
"917","497","20260819","1761","223","Completed","3","80.76","46.98","242.28","140.94","101.34","1.67","0.00","240.61","99.67"
"918","497","20260819","1761","240","Completed","2","51.43","38.16","102.86","76.32","26.54","1.67","0.00","101.19","24.87"
"919","498","20260903","1569","186","Cancelled","1","423.31","240.26","423.31","240.26","183.05","7.50","0.00","415.81","175.55"
"920","498","20260903","1569","200","Cancelled","1","212.44","119.33","212.44","119.33","93.11","7.50","0.00","204.94","85.61"
"921","499","20260519","1534","232","Returned","1","292.00","192.97","292.00","192.97","99.03","0.00","0.00","292.00","99.03"
"922","500","20260227","1869","218","Completed","3","195.26","111.40","585.78","334.20","251.58","7.50","3.00","578.28","244.08"
"923","500","20260227","1869","227","Completed","2","220.71","129.38","441.42","258.76","182.66","7.50","3.00","433.92","175.16"
"924","501","20251224","1909","189","Completed","1","413.12","294.37","413.12","294.37","118.75","5.00","5.99","408.12","113.75"
"925","502","20260409","1683","195","Returned","1","249.99","156.58","249.99","156.58","93.41","0.00","0.00","249.99","93.41"
"926","502","20260409","1683","227","Returned","1","220.71","129.38","220.71","129.38","91.33","0.00","0.00","220.71","91.33"
"927","503","20260828","1742","199","Returned","1","154.93","112.90","154.93","112.90","42.03","0.00","9.99","154.93","42.03"
"928","504","20260817","1619","197","Completed","1","49.20","27.84","49.20","27.84","21.36","5.00","0.00","44.20","16.36"
"929","505","20260211","1802","238","Completed","1","192.21","117.17","192.21","117.17","75.04","7.50","3.00","184.71","67.54"
"930","505","20260211","1802","236","Completed","1","335.82","190.06","335.82","190.06","145.76","7.50","3.00","328.32","138.26"
"931","506","20260825","1892","210","Cancelled","1","116.09","88.40","116.09","88.40","27.69","0.00","0.00","116.09","27.69"
"932","506","20260825","1892","225","Cancelled","1","98.36","65.70","98.36","65.70","32.66","0.00","0.00","98.36","32.66"
"933","506","20260825","1892","209","Cancelled","1","157.08","117.89","157.08","117.89","39.19","0.00","0.00","157.08","39.19"
"934","507","20260806","1819","196","Completed","2","65.17","42.83","130.34","85.66","44.68","10.00","0.00","120.34","34.68"
"935","508","20260529","1639","233","Completed","1","100.29","55.86","100.29","55.86","44.43","0.00","5.99","100.29","44.43"
"936","509","20260118","1568","188","Cancelled","2","147.11","98.96","294.22","197.92","96.30","15.00","9.99","279.22","81.30"
"937","510","20260201","1774","195","Completed","1","249.99","156.58","249.99","156.58","93.41","15.00","5.99","234.99","78.41"
"938","511","20260327","1889","213","Completed","1","148.42","96.71","148.42","96.71","51.71","10.00","0.00","138.42","41.71"
"939","512","20251213","1705","233","Completed","1","100.29","55.86","100.29","55.86","44.43","7.50","3.00","92.79","36.93"
"940","512","20251213","1705","238","Completed","2","192.21","117.17","384.42","234.34","150.08","7.50","3.00","376.92","142.58"
"941","513","20260320","1621","207","Completed","1","440.02","275.08","440.02","275.08","164.94","10.00","5.99","430.02","154.94"
"942","514","20260821","1572","190","Completed","1","100.47","76.85","100.47","76.85","23.62","5.00","2.00","95.47","18.62"
"943","514","20260821","1572","206","Completed","2","140.62","81.04","281.24","162.08","119.16","5.00","2.00","276.24","114.16"
"944","514","20260821","1572","237","Completed","1","155.89","96.42","155.89","96.42","59.47","5.00","2.00","150.89","54.47"
"945","515","20260426","1872","201","Completed","1","183.21","138.22","183.21","138.22","44.99","0.00","5.00","183.21","44.99"
"946","515","20260426","1872","212","Completed","3","97.33","68.97","291.99","206.91","85.08","0.00","5.00","291.99","85.08"
"947","516","20250813","1845","240","Completed","1","51.43","38.16","51.43","38.16","13.27","5.00","5.99","46.43","8.27"
"948","517","20260922","1751","182","Completed","3","336.54","258.11","1009.62","774.33","235.29","0.00","9.99","1009.62","235.29"
"949","518","20260127","1702","211","Completed","1","412.95","299.35","412.95","299.35","113.60","15.00","5.99","397.95","98.60"
"950","519","20260522","1797","206","Completed","2","140.62","81.04","281.24","162.08","119.16","5.00","0.00","276.24","114.16"
"951","519","20260522","1797","187","Completed","3","90.39","64.58","271.17","193.74","77.43","5.00","0.00","266.17","72.43"
"952","520","20260917","1954","207","Cancelled","1","440.02","275.08","440.02","275.08","164.94","0.00","3.33","440.02","164.94"
"953","520","20260917","1954","216","Cancelled","1","315.71","189.79","315.71","189.79","125.92","0.00","3.33","315.71","125.92"
"954","520","20260917","1954","206","Cancelled","1","140.62","81.04","140.62","81.04","59.58","0.00","3.33","140.62","59.58"
"955","521","20260617","1815","234","Completed","1","172.64","112.28","172.64","112.28","60.36","0.00","9.99","172.64","60.36"
"956","522","20260907","1901","232","Completed","1","292.00","192.97","292.00","192.97","99.03","10.00","9.99","282.00","89.03"
"957","523","20260115","1925","208","Completed","1","270.85","183.28","270.85","183.28","87.57","0.00","3.00","270.85","87.57"
"958","523","20260115","1925","188","Completed","1","147.11","98.96","147.11","98.96","48.15","0.00","3.00","147.11","48.15"
"959","524","20260912","1627","238","Completed","1","192.21","117.17","192.21","117.17","75.04","0.00","5.99","192.21","75.04"
"960","525","20260803","1724","237","Cancelled","1","155.89","96.42","155.89","96.42","59.47","0.00","5.99","155.89","59.47"
"961","526","20250818","1663","181","Completed","1","101.22","64.39","101.22","64.39","36.83","0.00","0.00","101.22","36.83"
"962","527","20260427","1806","199","Completed","1","154.93","112.90","154.93","112.90","42.03","0.00","0.00","154.93","42.03"
"963","527","20260427","1806","200","Completed","2","212.44","119.33","424.88","238.66","186.22","0.00","0.00","424.88","186.22"
"964","528","20260531","1686","195","Completed","2","249.99","156.58","499.98","313.16","186.82","0.00","0.00","499.98","186.82"
"965","528","20260531","1686","230","Completed","1","94.90","67.25","94.90","67.25","27.65","0.00","0.00","94.90","27.65"
"966","529","20260828","1821","225","Completed","1","98.36","65.70","98.36","65.70","32.66","0.00","0.00","98.36","32.66"
"967","530","20260731","1935","200","Returned","2","212.44","119.33","424.88","238.66","186.22","0.00","5.00","424.88","186.22"
"968","530","20260731","1935","188","Returned","2","147.11","98.96","294.22","197.92","96.30","0.00","5.00","294.22","96.30"
"969","531","20250819","1865","229","Completed","2","328.53","211.34","657.06","422.68","234.38","15.00","5.99","642.06","219.38"
"970","532","20260826","1757","230","Completed","2","94.90","67.25","189.80","134.50","55.30","7.50","0.00","182.30","47.80"
"971","532","20260826","1757","239","Completed","1","116.83","67.33","116.83","67.33","49.50","7.50","0.00","109.33","42.00"
"972","533","20250617","1917","186","Completed","1","423.31","240.26","423.31","240.26","183.05","2.50","1.50","420.81","180.55"
"973","533","20250617","1917","224","Completed","1","44.39","27.23","44.39","27.23","17.16","2.50","1.50","41.89","14.66"
"974","533","20250617","1917","213","Completed","1","148.42","96.71","148.42","96.71","51.71","2.50","1.50","145.92","49.21"
"975","533","20250617","1917","228","Completed","1","68.08","45.01","68.08","45.01","23.07","2.50","1.50","65.58","20.57"
"976","534","20260731","1868","228","Cancelled","1","68.08","45.01","68.08","45.01","23.07","0.00","5.99","68.08","23.07"
"977","535","20260320","1844","227","Returned","1","220.71","129.38","220.71","129.38","91.33","5.00","2.00","215.71","86.33"
"978","535","20260320","1844","197","Returned","1","49.20","27.84","49.20","27.84","21.36","5.00","2.00","44.20","16.36"
"979","535","20260320","1844","212","Returned","1","97.33","68.97","97.33","68.97","28.36","5.00","2.00","92.33","23.36"
"980","536","20260326","1961","213","Completed","1","148.42","96.71","148.42","96.71","51.71","2.50","5.00","145.92","49.21"
"981","536","20260326","1961","190","Completed","2","100.47","76.85","200.94","153.70","47.24","2.50","5.00","198.44","44.74"
"982","537","20250804","1609","182","Completed","1","336.54","258.11","336.54","258.11","78.43","0.00","3.33","336.54","78.43"
"983","537","20250804","1609","204","Completed","1","186.71","108.43","186.71","108.43","78.28","0.00","3.33","186.71","78.28"
"984","537","20250804","1609","188","Completed","3","147.11","98.96","441.33","296.88","144.45","0.00","3.33","441.33","144.45"
"985","538","20260210","1840","185","Completed","1","121.63","79.08","121.63","79.08","42.55","0.00","9.99","121.63","42.55"
"986","539","20260626","1610","205","Completed","1","77.40","52.92","77.40","52.92","24.48","0.00","0.00","77.40","24.48"
"987","540","20251230","1736","229","Completed","1","328.53","211.34","328.53","211.34","117.19","0.00","3.00","328.53","117.19"
"988","540","20251230","1736","205","Completed","1","77.40","52.92","77.40","52.92","24.48","0.00","3.00","77.40","24.48"
"989","541","20260706","1641","232","Returned","1","292.00","192.97","292.00","192.97","99.03","15.00","0.00","277.00","84.03"
"990","542","20260208","1977","211","Completed","1","412.95","299.35","412.95","299.35","113.60","0.00","3.00","412.95","113.60"
"991","542","20260208","1977","206","Completed","1","140.62","81.04","140.62","81.04","59.58","0.00","3.00","140.62","59.58"
"992","543","20260122","1987","233","Completed","1","100.29","55.86","100.29","55.86","44.43","2.50","2.50","97.79","41.93"
"993","543","20260122","1987","193","Completed","1","232.94","146.33","232.94","146.33","86.61","2.50","2.50","230.44","84.11"
"994","543","20260122","1987","190","Completed","1","100.47","76.85","100.47","76.85","23.62","2.50","2.50","97.97","21.12"
"995","543","20260122","1987","202","Completed","2","148.28","83.26","296.56","166.52","130.04","2.50","2.50","294.06","127.54"
"996","544","20260821","1880","232","Completed","2","292.00","192.97","584.00","385.94","198.06","0.00","1.50","584.00","198.06"
"997","544","20260821","1880","220","Completed","1","97.88","74.33","97.88","74.33","23.55","0.00","1.50","97.88","23.55"
"998","544","20260821","1880","212","Completed","1","97.33","68.97","97.33","68.97","28.36","0.00","1.50","97.33","28.36"
"999","544","20260821","1880","239","Completed","3","116.83","67.33","350.49","201.99","148.50","0.00","1.50","350.49","148.50"
"1000","545","20260505","1575","213","Completed","1","148.42","96.71","148.42","96.71","51.71","5.00","2.00","143.42","46.71"
"1001","545","20260505","1575","192","Completed","1","170.10","125.07","170.10","125.07","45.03","5.00","2.00","165.10","40.03"
"1002","545","20260505","1575","215","Completed","1","45.82","32.17","45.82","32.17","13.65","5.00","2.00","40.82","8.65"
"1003","546","20260810","1684","185","Returned","1","121.63","79.08","121.63","79.08","42.55","0.00","0.00","121.63","42.55"
"1004","547","20260531","1728","202","Returned","1","148.28","83.26","148.28","83.26","65.02","0.00","5.99","148.28","65.02"
"1005","548","20251105","1671","188","Completed","1","147.11","98.96","147.11","98.96","48.15","0.00","9.99","147.11","48.15"
"1006","549","20260110","1987","234","Cancelled","1","172.64","112.28","172.64","112.28","60.36","0.00","5.99","172.64","60.36"
"1007","550","20251231","1937","205","Returned","2","77.40","52.92","154.80","105.84","48.96","1.25","0.00","153.55","47.71"
"1008","550","20251231","1937","236","Returned","2","335.82","190.06","671.64","380.12","291.52","1.25","0.00","670.39","290.27"
"1009","550","20251231","1937","182","Returned","2","336.54","258.11","673.08","516.22","156.86","1.25","0.00","671.83","155.61"
"1010","550","20251231","1937","200","Returned","2","212.44","119.33","424.88","238.66","186.22","1.25","0.00","423.63","184.97"
"1011","551","20260321","1902","184","Returned","1","93.32","65.41","93.32","65.41","27.91","0.00","9.99","93.32","27.91"
"1012","552","20260902","1763","210","Completed","1","116.09","88.40","116.09","88.40","27.69","15.00","5.99","101.09","12.69"
"1013","553","20260712","1683","223","Completed","3","80.76","46.98","242.28","140.94","101.34","0.00","5.00","242.28","101.34"
"1014","553","20260712","1683","218","Completed","1","195.26","111.40","195.26","111.40","83.86","0.00","5.00","195.26","83.86"
"1015","554","20251130","1782","228","Completed","2","68.08","45.01","136.16","90.02","46.14","2.50","5.00","133.66","43.64"
"1016","554","20251130","1782","193","Completed","3","232.94","146.33","698.82","438.99","259.83","2.50","5.00","696.32","257.33"
"1017","555","20260720","1769","236","Completed","1","335.82","190.06","335.82","190.06","145.76","0.00","3.33","335.82","145.76"
"1018","555","20260720","1769","221","Completed","1","211.10","133.66","211.10","133.66","77.44","0.00","3.33","211.10","77.44"
"1019","555","20260720","1769","185","Completed","3","121.63","79.08","364.89","237.24","127.65","0.00","3.33","364.89","127.65"
"1020","556","20260912","1723","235","Completed","1","40.99","23.15","40.99","23.15","17.84","10.00","5.99","30.99","7.84"
"1021","557","20260502","1962","210","Completed","1","116.09","88.40","116.09","88.40","27.69","0.00","9.99","116.09","27.69"
"1022","558","20260407","1955","218","Completed","1","195.26","111.40","195.26","111.40","83.86","3.75","2.50","191.51","80.11"
"1023","558","20260407","1955","225","Completed","1","98.36","65.70","98.36","65.70","32.66","3.75","2.50","94.61","28.91"
"1024","558","20260407","1955","210","Completed","1","116.09","88.40","116.09","88.40","27.69","3.75","2.50","112.34","23.94"
"1025","558","20260407","1955","199","Completed","1","154.93","112.90","154.93","112.90","42.03","3.75","2.50","151.18","38.28"
"1026","559","20260821","1545","236","Completed","1","335.82","190.06","335.82","190.06","145.76","5.00","5.99","330.82","140.76"
"1027","560","20260824","1646","230","Completed","2","94.90","67.25","189.80","134.50","55.30","15.00","0.00","174.80","40.30"
"1028","561","20260816","1910","234","Returned","1","172.64","112.28","172.64","112.28","60.36","0.00","0.00","172.64","60.36"
"1029","561","20260816","1910","219","Returned","1","272.42","159.43","272.42","159.43","112.99","0.00","0.00","272.42","112.99"
"1030","562","20250820","1786","197","Completed","1","49.20","27.84","49.20","27.84","21.36","0.00","0.00","49.20","21.36"
"1031","563","20260820","1576","194","Completed","1","308.11","207.51","308.11","207.51","100.60","2.50","5.00","305.61","98.10"
"1032","563","20260820","1576","216","Completed","1","315.71","189.79","315.71","189.79","125.92","2.50","5.00","313.21","123.42"
"1033","564","20260624","1695","238","Completed","1","192.21","117.17","192.21","117.17","75.04","10.00","5.99","182.21","65.04"
"1034","565","20250924","1721","196","Completed","1","65.17","42.83","65.17","42.83","22.34","10.00","0.00","55.17","12.34"
"1035","566","20260830","1781","224","Cancelled","1","44.39","27.23","44.39","27.23","17.16","10.00","0.00","34.39","7.16"
"1036","567","20260220","1557","197","Completed","2","49.20","27.84","98.40","55.68","42.72","5.00","5.00","93.40","37.72"
"1037","567","20260220","1557","213","Completed","2","148.42","96.71","296.84","193.42","103.42","5.00","5.00","291.84","98.42"
"1038","568","20251109","1554","183","Cancelled","1","60.67","34.80","60.67","34.80","25.87","3.33","2.00","57.34","22.54"
"1039","568","20251109","1554","227","Cancelled","1","220.71","129.38","220.71","129.38","91.33","3.33","2.00","217.38","88.00"
"1040","568","20251109","1554","232","Cancelled","1","292.00","192.97","292.00","192.97","99.03","3.33","2.00","288.67","95.70"
"1041","569","20260913","1765","183","Completed","1","60.67","34.80","60.67","34.80","25.87","0.00","5.00","60.67","25.87"
"1042","569","20260913","1765","214","Completed","1","443.92","253.54","443.92","253.54","190.38","0.00","5.00","443.92","190.38"
"1043","570","20260626","1968","227","Returned","1","220.71","129.38","220.71","129.38","91.33","0.00","0.00","220.71","91.33"
"1044","570","20260626","1968","191","Returned","1","45.75","27.33","45.75","27.33","18.42","0.00","0.00","45.75","18.42"
"1045","571","20260816","1596","209","Returned","1","157.08","117.89","157.08","117.89","39.19","7.50","5.00","149.58","31.69"
"1046","571","20260816","1596","224","Returned","3","44.39","27.23","133.17","81.69","51.48","7.50","5.00","125.67","43.98"
"1047","572","20260413","1610","193","Completed","1","232.94","146.33","232.94","146.33","86.61","0.00","5.00","232.94","86.61"
"1048","572","20260413","1610","186","Completed","1","423.31","240.26","423.31","240.26","183.05","0.00","5.00","423.31","183.05"
"1049","573","20260325","1879","189","Completed","1","413.12","294.37","413.12","294.37","118.75","15.00","9.99","398.12","103.75"
"1050","574","20251012","1801","181","Completed","1","101.22","64.39","101.22","64.39","36.83","2.50","0.00","98.72","34.33"
"1051","574","20251012","1801","211","Completed","2","412.95","299.35","825.90","598.70","227.20","2.50","0.00","823.40","224.70"
"1052","575","20260610","1881","237","Completed","1","155.89","96.42","155.89","96.42","59.47","5.00","0.00","150.89","54.47"
"1053","575","20260610","1881","219","Completed","1","272.42","159.43","272.42","159.43","112.99","5.00","0.00","267.42","107.99"
"1054","575","20260610","1881","193","Completed","1","232.94","146.33","232.94","146.33","86.61","5.00","0.00","227.94","81.61"
"1055","576","20251015","1937","207","Completed","1","440.02","275.08","440.02","275.08","164.94","0.00","0.00","440.02","164.94"
"1056","576","20251015","1937","223","Completed","1","80.76","46.98","80.76","46.98","33.78","0.00","0.00","80.76","33.78"
"1057","577","20260701","1776","191","Completed","1","45.75","27.33","45.75","27.33","18.42","0.00","5.99","45.75","18.42"
"1058","578","20260906","1924","220","Completed","1","97.88","74.33","97.88","74.33","23.55","0.00","9.99","97.88","23.55"
"1059","579","20250718","1627","221","Completed","1","211.10","133.66","211.10","133.66","77.44","10.00","9.99","201.10","67.44"
"1060","580","20260223","1982","186","Cancelled","1","423.31","240.26","423.31","240.26","183.05","2.50","0.00","420.81","180.55"
"1061","580","20260223","1982","215","Cancelled","3","45.82","32.17","137.46","96.51","40.95","2.50","0.00","134.96","38.45"
"1062","581","20251007","1835","220","Cancelled","1","97.88","74.33","97.88","74.33","23.55","0.00","3.00","97.88","23.55"
"1063","581","20251007","1835","194","Cancelled","2","308.11","207.51","616.22","415.02","201.20","0.00","3.00","616.22","201.20"
"1064","582","20251128","1962","234","Completed","1","172.64","112.28","172.64","112.28","60.36","0.00","0.00","172.64","60.36"
"1065","583","20260907","1612","227","Completed","2","220.71","129.38","441.42","258.76","182.66","0.00","0.00","441.42","182.66"
"1066","584","20251116","1668","189","Completed","1","413.12","294.37","413.12","294.37","118.75","0.00","0.00","413.12","118.75"
"1067","585","20251002","1567","181","Completed","1","101.22","64.39","101.22","64.39","36.83","0.00","5.99","101.22","36.83"
"1068","586","20260922","1738","218","Completed","3","195.26","111.40","585.78","334.20","251.58","7.50","5.00","578.28","244.08"
"1069","586","20260922","1738","206","Completed","2","140.62","81.04","281.24","162.08","119.16","7.50","5.00","273.74","111.66"
"1070","587","20260423","1800","190","Cancelled","1","100.47","76.85","100.47","76.85","23.62","0.00","3.33","100.47","23.62"
"1071","587","20260423","1800","216","Cancelled","1","315.71","189.79","315.71","189.79","125.92","0.00","3.33","315.71","125.92"
"1072","587","20260423","1800","186","Cancelled","3","423.31","240.26","1269.93","720.78","549.15","0.00","3.33","1269.93","549.15"
"1073","588","20250411","1736","205","Completed","2","77.40","52.92","154.80","105.84","48.96","0.00","5.99","154.80","48.96"
"1074","589","20260430","1576","184","Cancelled","1","93.32","65.41","93.32","65.41","27.91","0.00","0.00","93.32","27.91"
"1075","590","20260523","1579","183","Completed","1","60.67","34.80","60.67","34.80","25.87","2.50","5.00","58.17","23.37"
"1076","590","20260523","1579","201","Completed","1","183.21","138.22","183.21","138.22","44.99","2.50","5.00","180.71","42.49"
"1077","591","20260619","1708","189","Completed","1","413.12","294.37","413.12","294.37","118.75","0.00","5.00","413.12","118.75"
"1078","591","20260619","1708","213","Completed","2","148.42","96.71","296.84","193.42","103.42","0.00","5.00","296.84","103.42"
"1079","592","20260517","1985","209","Cancelled","1","157.08","117.89","157.08","117.89","39.19","5.00","0.00","152.08","34.19"
"1080","593","20260817","1631","218","Returned","1","195.26","111.40","195.26","111.40","83.86","0.00","5.99","195.26","83.86"
"1081","594","20260520","1630","234","Completed","2","172.64","112.28","345.28","224.56","120.72","1.67","0.00","343.61","119.05"
"1082","594","20260520","1630","199","Completed","1","154.93","112.90","154.93","112.90","42.03","1.67","0.00","153.26","40.36"
"1083","594","20260520","1630","207","Completed","2","440.02","275.08","880.04","550.16","329.88","1.67","0.00","878.37","328.21"
"1084","595","20260329","1786","209","Completed","2","157.08","117.89","314.16","235.78","78.38","5.00","3.33","309.16","73.38"
"1085","595","20260329","1786","191","Completed","1","45.75","27.33","45.75","27.33","18.42","5.00","3.33","40.75","13.42"
"1086","595","20260329","1786","237","Completed","1","155.89","96.42","155.89","96.42","59.47","5.00","3.33","150.89","54.47"
"1087","596","20260606","1872","202","Completed","1","148.28","83.26","148.28","83.26","65.02","0.00","0.00","148.28","65.02"
"1088","597","20260820","1547","207","Cancelled","1","440.02","275.08","440.02","275.08","164.94","0.00","1.50","440.02","164.94"
"1089","597","20260820","1547","218","Cancelled","1","195.26","111.40","195.26","111.40","83.86","0.00","1.50","195.26","83.86"
"1090","597","20260820","1547","184","Cancelled","1","93.32","65.41","93.32","65.41","27.91","0.00","1.50","93.32","27.91"
"1091","597","20260820","1547","236","Cancelled","1","335.82","190.06","335.82","190.06","145.76","0.00","1.50","335.82","145.76"
"1092","598","20260918","1712","240","Completed","1","51.43","38.16","51.43","38.16","13.27","0.00","3.33","51.43","13.27"
"1093","598","20260918","1712","182","Completed","1","336.54","258.11","336.54","258.11","78.43","0.00","3.33","336.54","78.43"
"1094","598","20260918","1712","220","Completed","1","97.88","74.33","97.88","74.33","23.55","0.00","3.33","97.88","23.55"
"1095","599","20251029","1734","218","Completed","3","195.26","111.40","585.78","334.20","251.58","0.00","3.33","585.78","251.58"
"1096","599","20251029","1734","203","Completed","1","55.41","37.95","55.41","37.95","17.46","0.00","3.33","55.41","17.46"
"1097","599","20251029","1734","200","Completed","1","212.44","119.33","212.44","119.33","93.11","0.00","3.33","212.44","93.11"
"1098","600","20260824","1661","233","Completed","1","100.29","55.86","100.29","55.86","44.43","0.00","5.99","100.29","44.43"
"1099","601","20250821","1931","187","Completed","2","90.39","64.58","180.78","129.16","51.62","5.00","3.00","175.78","46.62"
"1100","601","20250821","1931","183","Completed","2","60.67","34.80","121.34","69.60","51.74","5.00","3.00","116.34","46.74"
"1101","602","20260723","1606","237","Completed","1","155.89","96.42","155.89","96.42","59.47","2.50","5.00","153.39","56.97"
"1102","602","20260723","1606","222","Completed","1","100.07","70.05","100.07","70.05","30.02","2.50","5.00","97.57","27.52"
"1103","603","20260616","1606","197","Returned","1","49.20","27.84","49.20","27.84","21.36","15.00","0.00","34.20","6.36"
"1104","604","20251018","1671","220","Completed","2","97.88","74.33","195.76","148.66","47.10","15.00","0.00","180.76","32.10"
"1105","605","20260728","1619","201","Returned","1","183.21","138.22","183.21","138.22","44.99","10.00","5.99","173.21","34.99"
"1106","606","20260916","1754","189","Completed","1","413.12","294.37","413.12","294.37","118.75","0.00","3.33","413.12","118.75"
"1107","606","20260916","1754","201","Completed","1","183.21","138.22","183.21","138.22","44.99","0.00","3.33","183.21","44.99"
"1108","606","20260916","1754","224","Completed","1","44.39","27.23","44.39","27.23","17.16","0.00","3.33","44.39","17.16"
"1109","607","20260516","1873","210","Returned","1","116.09","88.40","116.09","88.40","27.69","0.00","0.00","116.09","27.69"
"1110","608","20260727","1755","193","Cancelled","1","232.94","146.33","232.94","146.33","86.61","0.00","0.00","232.94","86.61"
"1111","609","20260623","1663","237","Completed","1","155.89","96.42","155.89","96.42","59.47","0.00","2.00","155.89","59.47"
"1112","609","20260623","1663","205","Completed","1","77.40","52.92","77.40","52.92","24.48","0.00","2.00","77.40","24.48"
"1113","609","20260623","1663","202","Completed","1","148.28","83.26","148.28","83.26","65.02","0.00","2.00","148.28","65.02"
"1114","610","20260915","1850","214","Completed","1","443.92","253.54","443.92","253.54","190.38","7.50","3.00","436.42","182.88"
"1115","610","20260915","1850","238","Completed","2","192.21","117.17","384.42","234.34","150.08","7.50","3.00","376.92","142.58"
"1116","611","20260616","1817","230","Completed","2","94.90","67.25","189.80","134.50","55.30","15.00","5.99","174.80","40.30"
"1117","612","20260518","1908","219","Completed","1","272.42","159.43","272.42","159.43","112.99","0.00","0.00","272.42","112.99"
"1118","612","20260518","1908","190","Completed","1","100.47","76.85","100.47","76.85","23.62","0.00","0.00","100.47","23.62"
"1119","612","20260518","1908","198","Completed","2","71.76","49.35","143.52","98.70","44.82","0.00","0.00","143.52","44.82"
"1120","613","20260901","1797","231","Completed","1","111.88","80.39","111.88","80.39","31.49","2.50","5.00","109.38","28.99"
"1121","613","20260901","1797","203","Completed","1","55.41","37.95","55.41","37.95","17.46","2.50","5.00","52.91","14.96"
"1122","614","20250427","1515","228","Returned","1","68.08","45.01","68.08","45.01","23.07","0.00","0.00","68.08","23.07"
"1123","614","20250427","1515","238","Returned","2","192.21","117.17","384.42","234.34","150.08","0.00","0.00","384.42","150.08"
"1124","615","20260329","1882","214","Completed","1","443.92","253.54","443.92","253.54","190.38","0.00","2.50","443.92","190.38"
"1125","615","20260329","1882","207","Completed","1","440.02","275.08","440.02","275.08","164.94","0.00","2.50","440.02","164.94"
"1126","615","20260329","1882","220","Completed","3","97.88","74.33","293.64","222.99","70.65","0.00","2.50","293.64","70.65"
"1127","615","20260329","1882","231","Completed","1","111.88","80.39","111.88","80.39","31.49","0.00","2.50","111.88","31.49"
"1128","616","20260203","1733","214","Completed","1","443.92","253.54","443.92","253.54","190.38","0.00","9.99","443.92","190.38"
"1129","617","20260203","1702","188","Completed","1","147.11","98.96","147.11","98.96","48.15","10.00","9.99","137.11","38.15"
"1130","618","20260110","1501","236","Cancelled","1","335.82","190.06","335.82","190.06","145.76","0.00","0.00","335.82","145.76"
"1131","619","20260713","1818","219","Returned","1","272.42","159.43","272.42","159.43","112.99","10.00","9.99","262.42","102.99"
"1132","620","20260725","1795","203","Completed","1","55.41","37.95","55.41","37.95","17.46","0.00","5.00","55.41","17.46"
"1133","620","20260725","1795","231","Completed","2","111.88","80.39","223.76","160.78","62.98","0.00","5.00","223.76","62.98"
"1134","621","20260713","1594","215","Returned","2","45.82","32.17","91.64","64.34","27.30","0.00","0.00","91.64","27.30"
"1135","622","20250423","1971","189","Completed","1","413.12","294.37","413.12","294.37","118.75","0.00","0.00","413.12","118.75"
"1136","622","20250423","1971","193","Completed","1","232.94","146.33","232.94","146.33","86.61","0.00","0.00","232.94","86.61"
"1137","622","20250423","1971","184","Completed","1","93.32","65.41","93.32","65.41","27.91","0.00","0.00","93.32","27.91"
"1138","623","20260206","1753","218","Completed","1","195.26","111.40","195.26","111.40","83.86","0.00","2.50","195.26","83.86"
"1139","623","20260206","1753","194","Completed","1","308.11","207.51","308.11","207.51","100.60","0.00","2.50","308.11","100.60"
"1140","623","20260206","1753","229","Completed","1","328.53","211.34","328.53","211.34","117.19","0.00","2.50","328.53","117.19"
"1141","623","20260206","1753","215","Completed","1","45.82","32.17","45.82","32.17","13.65","0.00","2.50","45.82","13.65"
"1142","624","20260919","1561","219","Completed","1","272.42","159.43","272.42","159.43","112.99","0.00","2.00","272.42","112.99"
"1143","624","20260919","1561","214","Completed","2","443.92","253.54","887.84","507.08","380.76","0.00","2.00","887.84","380.76"
"1144","624","20260919","1561","239","Completed","1","116.83","67.33","116.83","67.33","49.50","0.00","2.00","116.83","49.50"
"1145","625","20260902","1801","234","Cancelled","1","172.64","112.28","172.64","112.28","60.36","7.50","3.00","165.14","52.86"
"1146","625","20260902","1801","215","Cancelled","1","45.82","32.17","45.82","32.17","13.65","7.50","3.00","38.32","6.15"
"1147","626","20260718","1690","209","Completed","1","157.08","117.89","157.08","117.89","39.19","3.75","1.50","153.33","35.44"
"1148","626","20260718","1690","190","Completed","1","100.47","76.85","100.47","76.85","23.62","3.75","1.50","96.72","19.87"
"1149","626","20260718","1690","232","Completed","1","292.00","192.97","292.00","192.97","99.03","3.75","1.50","288.25","95.28"
"1150","626","20260718","1690","223","Completed","2","80.76","46.98","161.52","93.96","67.56","3.75","1.50","157.77","63.81"
"1151","627","20251225","1537","191","Returned","1","45.75","27.33","45.75","27.33","18.42","15.00","0.00","30.75","3.42"
"1152","628","20260504","1687","201","Cancelled","1","183.21","138.22","183.21","138.22","44.99","5.00","3.00","178.21","39.99"
"1153","628","20260504","1687","208","Cancelled","3","270.85","183.28","812.55","549.84","262.71","5.00","3.00","807.55","257.71"
"1154","629","20260903","1562","238","Cancelled","1","192.21","117.17","192.21","117.17","75.04","5.00","9.99","187.21","70.04"
"1155","630","20260910","1941","198","Completed","2","71.76","49.35","143.52","98.70","44.82","10.00","5.99","133.52","34.82"
"1156","631","20250829","1659","195","Completed","1","249.99","156.58","249.99","156.58","93.41","0.00","0.00","249.99","93.41"
"1157","632","20251213","1928","204","Completed","1","186.71","108.43","186.71","108.43","78.28","10.00","0.00","176.71","68.28"
"1158","633","20260225","1985","205","Completed","2","77.40","52.92","154.80","105.84","48.96","0.00","5.99","154.80","48.96"
"1159","634","20260402","1532","235","Completed","1","40.99","23.15","40.99","23.15","17.84","5.00","5.00","35.99","12.84"
"1160","634","20260402","1532","212","Completed","1","97.33","68.97","97.33","68.97","28.36","5.00","5.00","92.33","23.36"
"1161","635","20260507","1513","227","Completed","2","220.71","129.38","441.42","258.76","182.66","5.00","0.00","436.42","177.66"
"1162","636","20260707","1575","202","Completed","1","148.28","83.26","148.28","83.26","65.02","0.00","3.33","148.28","65.02"
"1163","636","20260707","1575","223","Completed","1","80.76","46.98","80.76","46.98","33.78","0.00","3.33","80.76","33.78"
"1164","636","20260707","1575","224","Completed","1","44.39","27.23","44.39","27.23","17.16","0.00","3.33","44.39","17.16"
"1165","637","20260829","1698","225","Cancelled","2","98.36","65.70","196.72","131.40","65.32","0.00","2.00","196.72","65.32"
"1166","637","20260829","1698","236","Cancelled","2","335.82","190.06","671.64","380.12","291.52","0.00","2.00","671.64","291.52"
"1167","637","20260829","1698","184","Cancelled","1","93.32","65.41","93.32","65.41","27.91","0.00","2.00","93.32","27.91"
"1168","638","20260906","1599","220","Cancelled","1","97.88","74.33","97.88","74.33","23.55","15.00","9.99","82.88","8.55"
"1169","639","20260730","1990","213","Returned","2","148.42","96.71","296.84","193.42","103.42","10.00","5.99","286.84","93.42"
"1170","640","20260624","1678","187","Completed","1","90.39","64.58","90.39","64.58","25.81","5.00","5.99","85.39","20.81"
"1171","641","20260402","1502","183","Cancelled","1","60.67","34.80","60.67","34.80","25.87","0.00","9.99","60.67","25.87"
"1172","642","20260326","1641","220","Completed","1","97.88","74.33","97.88","74.33","23.55","0.00","9.99","97.88","23.55"
"1173","643","20260922","1738","238","Completed","3","192.21","117.17","576.63","351.51","225.12","7.50","5.00","569.13","217.62"
"1174","643","20260922","1738","184","Completed","1","93.32","65.41","93.32","65.41","27.91","7.50","5.00","85.82","20.41"
"1175","644","20260508","1924","181","Completed","1","101.22","64.39","101.22","64.39","36.83","0.00","9.99","101.22","36.83"
"1176","645","20251206","1695","223","Completed","1","80.76","46.98","80.76","46.98","33.78","2.50","0.00","78.26","31.28"
"1177","645","20251206","1695","188","Completed","1","147.11","98.96","147.11","98.96","48.15","2.50","0.00","144.61","45.65"
"1178","646","20260826","1531","219","Completed","3","272.42","159.43","817.26","478.29","338.97","0.00","5.00","817.26","338.97"
"1179","646","20260826","1531","190","Completed","1","100.47","76.85","100.47","76.85","23.62","0.00","5.00","100.47","23.62"
"1180","647","20260708","1832","225","Cancelled","1","98.36","65.70","98.36","65.70","32.66","0.00","2.00","98.36","32.66"
"1181","647","20260708","1832","209","Cancelled","1","157.08","117.89","157.08","117.89","39.19","0.00","2.00","157.08","39.19"
"1182","647","20260708","1832","231","Cancelled","3","111.88","80.39","335.64","241.17","94.47","0.00","2.00","335.64","94.47"
"1183","648","20251214","1647","187","Completed","1","90.39","64.58","90.39","64.58","25.81","0.00","9.99","90.39","25.81"
"1184","649","20250712","1501","211","Completed","1","412.95","299.35","412.95","299.35","113.60","15.00","0.00","397.95","98.60"
"1185","650","20260617","1699","228","Completed","1","68.08","45.01","68.08","45.01","23.07","0.00","3.33","68.08","23.07"
"1186","650","20260617","1699","214","Completed","1","443.92","253.54","443.92","253.54","190.38","0.00","3.33","443.92","190.38"
"1187","650","20260617","1699","191","Completed","1","45.75","27.33","45.75","27.33","18.42","0.00","3.33","45.75","18.42"
"1188","651","20260820","1587","191","Completed","3","45.75","27.33","137.25","81.99","55.26","3.33","0.00","133.92","51.93"
"1189","651","20260820","1587","186","Completed","3","423.31","240.26","1269.93","720.78","549.15","3.33","0.00","1266.60","545.82"
"1190","651","20260820","1587","225","Completed","1","98.36","65.70","98.36","65.70","32.66","3.33","0.00","95.03","29.33"
"1191","652","20260909","1608","240","Completed","1","51.43","38.16","51.43","38.16","13.27","15.00","5.99","36.43","-1.73"
"1192","653","20260327","1898","222","Cancelled","1","100.07","70.05","100.07","70.05","30.02","15.00","9.99","85.07","15.02"
"1193","654","20260210","1538","210","Cancelled","2","116.09","88.40","232.18","176.80","55.38","3.33","0.00","228.85","52.05"
"1194","654","20260210","1538","223","Cancelled","1","80.76","46.98","80.76","46.98","33.78","3.33","0.00","77.43","30.45"
"1195","654","20260210","1538","208","Cancelled","1","270.85","183.28","270.85","183.28","87.57","3.33","0.00","267.52","84.24"
"1196","655","20260817","1600","202","Returned","1","148.28","83.26","148.28","83.26","65.02","15.00","5.99","133.28","50.02"
"1197","656","20260911","1596","233","Returned","2","100.29","55.86","200.58","111.72","88.86","7.50","3.00","193.08","81.36"
"1198","656","20260911","1596","230","Returned","1","94.90","67.25","94.90","67.25","27.65","7.50","3.00","87.40","20.15"
"1199","657","20260605","1792","237","Completed","1","155.89","96.42","155.89","96.42","59.47","5.00","5.99","150.89","54.47"
"1200","658","20250816","1693","190","Completed","1","100.47","76.85","100.47","76.85","23.62","5.00","9.99","95.47","18.62"
"1201","659","20260905","1807","206","Cancelled","1","140.62","81.04","140.62","81.04","59.58","0.00","0.00","140.62","59.58"
"1202","660","20260921","1554","224","Completed","1","44.39","27.23","44.39","27.23","17.16","5.00","3.00","39.39","12.16"
"1203","660","20260921","1554","195","Completed","1","249.99","156.58","249.99","156.58","93.41","5.00","3.00","244.99","88.41"
"1204","661","20260731","1603","216","Cancelled","1","315.71","189.79","315.71","189.79","125.92","5.00","5.00","310.71","120.92"
"1205","661","20260731","1603","234","Cancelled","1","172.64","112.28","172.64","112.28","60.36","5.00","5.00","167.64","55.36"
"1206","662","20260825","1741","214","Completed","1","443.92","253.54","443.92","253.54","190.38","0.00","0.00","443.92","190.38"
"1207","663","20260708","1755","195","Completed","1","249.99","156.58","249.99","156.58","93.41","5.00","3.00","244.99","88.41"
"1208","663","20260708","1755","223","Completed","1","80.76","46.98","80.76","46.98","33.78","5.00","3.00","75.76","28.78"
"1209","664","20260704","1602","208","Completed","1","270.85","183.28","270.85","183.28","87.57","0.00","5.00","270.85","87.57"
"1210","664","20260704","1602","234","Completed","1","172.64","112.28","172.64","112.28","60.36","0.00","5.00","172.64","60.36"
"1211","665","20260209","1955","200","Cancelled","1","212.44","119.33","212.44","119.33","93.11","0.00","0.00","212.44","93.11"
"1212","665","20260209","1955","192","Cancelled","1","170.10","125.07","170.10","125.07","45.03","0.00","0.00","170.10","45.03"
"1213","666","20260713","1684","185","Cancelled","1","121.63","79.08","121.63","79.08","42.55","15.00","9.99","106.63","27.55"
"1214","667","20250927","1516","223","Completed","1","80.76","46.98","80.76","46.98","33.78","5.00","5.99","75.76","28.78"
"1215","668","20260726","1568","191","Completed","3","45.75","27.33","137.25","81.99","55.26","0.00","9.99","137.25","55.26"
"1216","669","20250826","1657","234","Completed","1","172.64","112.28","172.64","112.28","60.36","0.00","5.99","172.64","60.36"
"1217","670","20251223","1894","210","Completed","1","116.09","88.40","116.09","88.40","27.69","0.00","5.00","116.09","27.69"
"1218","670","20251223","1894","216","Completed","2","315.71","189.79","631.42","379.58","251.84","0.00","5.00","631.42","251.84"
"1219","671","20260318","1685","226","Completed","2","155.18","87.63","310.36","175.26","135.10","0.00","0.00","310.36","135.10"
"1220","672","20260706","1799","236","Completed","2","335.82","190.06","671.64","380.12","291.52","5.00","0.00","666.64","286.52"
"1221","673","20260428","1598","216","Completed","1","315.71","189.79","315.71","189.79","125.92","0.00","0.00","315.71","125.92"
"1222","673","20260428","1598","195","Completed","1","249.99","156.58","249.99","156.58","93.41","0.00","0.00","249.99","93.41"
"1223","673","20260428","1598","223","Completed","1","80.76","46.98","80.76","46.98","33.78","0.00","0.00","80.76","33.78"
"1224","674","20260312","1573","206","Completed","1","140.62","81.04","140.62","81.04","59.58","0.00","0.00","140.62","59.58"
"1225","675","20260425","1756","187","Completed","2","90.39","64.58","180.78","129.16","51.62","15.00","0.00","165.78","36.62"
"1226","676","20260611","1610","234","Completed","1","172.64","112.28","172.64","112.28","60.36","5.00","0.00","167.64","55.36"
"1227","677","20251202","1754","195","Completed","1","249.99","156.58","249.99","156.58","93.41","0.00","0.00","249.99","93.41"
"1228","677","20251202","1754","189","Completed","2","413.12","294.37","826.24","588.74","237.50","0.00","0.00","826.24","237.50"
"1229","677","20251202","1754","231","Completed","1","111.88","80.39","111.88","80.39","31.49","0.00","0.00","111.88","31.49"
"1230","678","20251013","1776","205","Completed","1","77.40","52.92","77.40","52.92","24.48","0.00","3.00","77.40","24.48"
"1231","678","20251013","1776","212","Completed","1","97.33","68.97","97.33","68.97","28.36","0.00","3.00","97.33","28.36"
"1232","679","20260816","1841","202","Returned","1","148.28","83.26","148.28","83.26","65.02","0.00","1.50","148.28","65.02"
"1233","679","20260816","1841","192","Returned","1","170.10","125.07","170.10","125.07","45.03","0.00","1.50","170.10","45.03"
"1234","679","20260816","1841","207","Returned","1","440.02","275.08","440.02","275.08","164.94","0.00","1.50","440.02","164.94"
"1235","679","20260816","1841","234","Returned","2","172.64","112.28","345.28","224.56","120.72","0.00","1.50","345.28","120.72"
"1236","680","20250812","1862","237","Completed","2","155.89","96.42","311.78","192.84","118.94","15.00","0.00","296.78","103.94"
"1237","681","20260613","1759","210","Returned","1","116.09","88.40","116.09","88.40","27.69","0.00","5.00","116.09","27.69"
"1238","681","20260613","1759","209","Returned","1","157.08","117.89","157.08","117.89","39.19","0.00","5.00","157.08","39.19"
"1239","682","20260922","1738","198","Completed","1","71.76","49.35","71.76","49.35","22.41","15.00","0.00","56.76","7.41"
"1240","683","20260819","1653","225","Completed","1","98.36","65.70","98.36","65.70","32.66","0.00","3.00","98.36","32.66"
"1241","683","20260819","1653","222","Completed","1","100.07","70.05","100.07","70.05","30.02","0.00","3.00","100.07","30.02"
"1242","684","20260127","1538","219","Completed","1","272.42","159.43","272.42","159.43","112.99","0.00","5.99","272.42","112.99"
"1243","685","20260812","1785","203","Completed","1","55.41","37.95","55.41","37.95","17.46","0.00","5.99","55.41","17.46"
"1244","686","20260720","1671","182","Completed","2","336.54","258.11","673.08","516.22","156.86","5.00","0.00","668.08","151.86"
"1245","686","20260720","1671","217","Completed","1","148.68","108.91","148.68","108.91","39.77","5.00","0.00","143.68","34.77"
"1246","686","20260720","1671","210","Completed","3","116.09","88.40","348.27","265.20","83.07","5.00","0.00","343.27","78.07"
"1247","687","20250316","1820","225","Completed","2","98.36","65.70","196.72","131.40","65.32","0.00","2.00","196.72","65.32"
"1248","687","20250316","1820","209","Completed","2","157.08","117.89","314.16","235.78","78.38","0.00","2.00","314.16","78.38"
"1249","687","20250316","1820","218","Completed","1","195.26","111.40","195.26","111.40","83.86","0.00","2.00","195.26","83.86"
"1250","688","20260719","1990","201","Completed","1","183.21","138.22","183.21","138.22","44.99","5.00","0.00","178.21","39.99"
"1251","688","20260719","1990","191","Completed","1","45.75","27.33","45.75","27.33","18.42","5.00","0.00","40.75","13.42"
"1252","689","20260824","1830","202","Completed","1","148.28","83.26","148.28","83.26","65.02","0.00","5.99","148.28","65.02"
"1253","690","20260607","1790","200","Cancelled","2","212.44","119.33","424.88","238.66","186.22","5.00","5.99","419.88","181.22"
"1254","691","20260311","1582","195","Completed","2","249.99","156.58","499.98","313.16","186.82","5.00","3.33","494.98","181.82"
"1255","691","20260311","1582","202","Completed","1","148.28","83.26","148.28","83.26","65.02","5.00","3.33","143.28","60.02"
"1256","691","20260311","1582","230","Completed","1","94.90","67.25","94.90","67.25","27.65","5.00","3.33","89.90","22.65"
"1257","692","20260917","1638","186","Cancelled","3","423.31","240.26","1269.93","720.78","549.15","2.50","2.50","1267.43","546.65"
"1258","692","20260917","1638","181","Cancelled","1","101.22","64.39","101.22","64.39","36.83","2.50","2.50","98.72","34.33"
"1259","692","20260917","1638","202","Cancelled","1","148.28","83.26","148.28","83.26","65.02","2.50","2.50","145.78","62.52"
"1260","692","20260917","1638","229","Cancelled","2","328.53","211.34","657.06","422.68","234.38","2.50","2.50","654.56","231.88"
"1261","693","20260401","1801","216","Returned","2","315.71","189.79","631.42","379.58","251.84","0.00","9.99","631.42","251.84"
"1262","694","20260912","1897","222","Completed","1","100.07","70.05","100.07","70.05","30.02","0.00","3.00","100.07","30.02"
"1263","694","20260912","1897","210","Completed","1","116.09","88.40","116.09","88.40","27.69","0.00","3.00","116.09","27.69"
"1264","695","20251222","1928","228","Returned","1","68.08","45.01","68.08","45.01","23.07","0.00","0.00","68.08","23.07"
"1265","696","20260910","1561","195","Completed","1","249.99","156.58","249.99","156.58","93.41","10.00","9.99","239.99","83.41"
"1266","697","20260426","1797","220","Returned","1","97.88","74.33","97.88","74.33","23.55","10.00","9.99","87.88","13.55"
"1267","698","20260711","1504","222","Completed","2","100.07","70.05","200.14","140.10","60.04","7.50","0.00","192.64","52.54"
"1268","698","20260711","1504","199","Completed","1","154.93","112.90","154.93","112.90","42.03","7.50","0.00","147.43","34.53"
"1269","699","20260520","1974","212","Returned","2","97.33","68.97","194.66","137.94","56.72","15.00","9.99","179.66","41.72"
"1270","700","20251010","1938","203","Completed","1","55.41","37.95","55.41","37.95","17.46","5.00","9.99","50.41","12.46"
"1271","701","20260810","1612","186","Completed","1","423.31","240.26","423.31","240.26","183.05","0.00","0.00","423.31","183.05"
"1272","701","20260810","1612","181","Completed","1","101.22","64.39","101.22","64.39","36.83","0.00","0.00","101.22","36.83"
"1273","701","20260810","1612","238","Completed","1","192.21","117.17","192.21","117.17","75.04","0.00","0.00","192.21","75.04"
"1274","702","20260921","1956","193","Completed","2","232.94","146.33","465.88","292.66","173.22","7.50","3.00","458.38","165.72"
"1275","702","20260921","1956","216","Completed","1","315.71","189.79","315.71","189.79","125.92","7.50","3.00","308.21","118.42"
"1276","703","20251018","1663","230","Returned","1","94.90","67.25","94.90","67.25","27.65","0.00","0.00","94.90","27.65"
"1277","703","20251018","1663","233","Returned","2","100.29","55.86","200.58","111.72","88.86","0.00","0.00","200.58","88.86"
"1278","704","20260602","1890","183","Completed","1","60.67","34.80","60.67","34.80","25.87","7.50","5.00","53.17","18.37"
"1279","704","20260602","1890","203","Completed","1","55.41","37.95","55.41","37.95","17.46","7.50","5.00","47.91","9.96"
"1280","705","20260425","1505","190","Cancelled","2","100.47","76.85","200.94","153.70","47.24","0.00","0.00","200.94","47.24"
"1281","706","20260419","1995","204","Completed","1","186.71","108.43","186.71","108.43","78.28","5.00","3.00","181.71","73.28"
"1282","706","20260419","1995","224","Completed","1","44.39","27.23","44.39","27.23","17.16","5.00","3.00","39.39","12.16"
"1283","707","20260921","1832","216","Completed","1","315.71","189.79","315.71","189.79","125.92","0.00","0.00","315.71","125.92"
"1284","707","20260921","1832","193","Completed","1","232.94","146.33","232.94","146.33","86.61","0.00","0.00","232.94","86.61"
"1285","707","20260921","1832","214","Completed","1","443.92","253.54","443.92","253.54","190.38","0.00","0.00","443.92","190.38"
"1286","708","20260411","1810","226","Completed","3","155.18","87.63","465.54","262.89","202.65","0.00","5.99","465.54","202.65"
"1287","709","20260612","1928","212","Completed","1","97.33","68.97","97.33","68.97","28.36","0.00","9.99","97.33","28.36"
"1288","710","20260902","1675","182","Cancelled","1","336.54","258.11","336.54","258.11","78.43","5.00","2.00","331.54","73.43"
"1289","710","20260902","1675","229","Cancelled","1","328.53","211.34","328.53","211.34","117.19","5.00","2.00","323.53","112.19"
"1290","710","20260902","1675","191","Cancelled","2","45.75","27.33","91.50","54.66","36.84","5.00","2.00","86.50","31.84"
"1291","711","20260123","1820","194","Completed","1","308.11","207.51","308.11","207.51","100.60","15.00","0.00","293.11","85.60"
"1292","712","20260212","1978","218","Completed","1","195.26","111.40","195.26","111.40","83.86","0.00","5.00","195.26","83.86"
"1293","712","20260212","1978","189","Completed","1","413.12","294.37","413.12","294.37","118.75","0.00","5.00","413.12","118.75"
"1294","713","20260608","1737","195","Returned","1","249.99","156.58","249.99","156.58","93.41","0.00","3.33","249.99","93.41"
"1295","713","20260608","1737","212","Returned","1","97.33","68.97","97.33","68.97","28.36","0.00","3.33","97.33","28.36"
"1296","713","20260608","1737","236","Returned","1","335.82","190.06","335.82","190.06","145.76","0.00","3.33","335.82","145.76"
"1297","714","20260620","1575","206","Completed","1","140.62","81.04","140.62","81.04","59.58","5.00","3.00","135.62","54.58"
"1298","714","20260620","1575","225","Completed","1","98.36","65.70","98.36","65.70","32.66","5.00","3.00","93.36","27.66"
"1299","715","20260405","1579","192","Completed","2","170.10","125.07","340.20","250.14","90.06","0.00","5.99","340.20","90.06"
"1300","716","20260918","1945","205","Completed","1","77.40","52.92","77.40","52.92","24.48","15.00","0.00","62.40","9.48"
"1301","717","20260821","1990","233","Returned","2","100.29","55.86","200.58","111.72","88.86","0.00","5.00","200.58","88.86"
"1302","717","20260821","1990","225","Returned","1","98.36","65.70","98.36","65.70","32.66","0.00","5.00","98.36","32.66"
"1303","718","20250412","1983","199","Completed","1","154.93","112.90","154.93","112.90","42.03","10.00","5.99","144.93","32.03"
"1304","719","20260830","1768","208","Completed","3","270.85","183.28","812.55","549.84","262.71","3.33","0.00","809.22","259.38"
"1305","719","20260830","1768","238","Completed","1","192.21","117.17","192.21","117.17","75.04","3.33","0.00","188.88","71.71"
"1306","719","20260830","1768","230","Completed","1","94.90","67.25","94.90","67.25","27.65","3.33","0.00","91.57","24.32"
"1307","720","20260915","1878","240","Completed","1","51.43","38.16","51.43","38.16","13.27","15.00","0.00","36.43","-1.73"
"1308","721","20260307","1637","181","Completed","2","101.22","64.39","202.44","128.78","73.66","0.00","0.00","202.44","73.66"
"1309","721","20260307","1637","225","Completed","1","98.36","65.70","98.36","65.70","32.66","0.00","0.00","98.36","32.66"
"1310","722","20260630","1990","186","Completed","1","423.31","240.26","423.31","240.26","183.05","0.00","9.99","423.31","183.05"
"1311","723","20260628","1732","218","Completed","1","195.26","111.40","195.26","111.40","83.86","0.00","5.00","195.26","83.86"
"1312","723","20260628","1732","201","Completed","1","183.21","138.22","183.21","138.22","44.99","0.00","5.00","183.21","44.99"
"1313","724","20260805","1536","214","Completed","1","443.92","253.54","443.92","253.54","190.38","0.00","0.00","443.92","190.38"
"1314","725","20260323","1722","212","Completed","1","97.33","68.97","97.33","68.97","28.36","0.00","0.00","97.33","28.36"
"1315","725","20260323","1722","219","Completed","2","272.42","159.43","544.84","318.86","225.98","0.00","0.00","544.84","225.98"
"1316","726","20260910","1897","224","Returned","2","44.39","27.23","88.78","54.46","34.32","0.00","3.33","88.78","34.32"
"1317","726","20260910","1897","213","Returned","2","148.42","96.71","296.84","193.42","103.42","0.00","3.33","296.84","103.42"
"1318","726","20260910","1897","229","Returned","1","328.53","211.34","328.53","211.34","117.19","0.00","3.33","328.53","117.19"
"1319","727","20260829","1735","222","Completed","1","100.07","70.05","100.07","70.05","30.02","0.00","0.00","100.07","30.02"
"1320","728","20260710","1706","230","Returned","3","94.90","67.25","284.70","201.75","82.95","10.00","0.00","274.70","72.95"
"1321","729","20260808","1651","184","Completed","1","93.32","65.41","93.32","65.41","27.91","0.00","9.99","93.32","27.91"
"1322","730","20260622","1593","228","Completed","1","68.08","45.01","68.08","45.01","23.07","0.00","0.00","68.08","23.07"
"1323","731","20260509","1808","232","Completed","2","292.00","192.97","584.00","385.94","198.06","0.00","0.00","584.00","198.06"
"1324","731","20260509","1808","207","Completed","1","440.02","275.08","440.02","275.08","164.94","0.00","0.00","440.02","164.94"
"1325","731","20260509","1808","223","Completed","1","80.76","46.98","80.76","46.98","33.78","0.00","0.00","80.76","33.78"
"1326","732","20260822","1736","194","Completed","2","308.11","207.51","616.22","415.02","201.20","5.00","5.99","611.22","196.20"
"1327","733","20260817","1653","202","Completed","1","148.28","83.26","148.28","83.26","65.02","15.00","9.99","133.28","50.02"
"1328","734","20260315","1779","203","Completed","1","55.41","37.95","55.41","37.95","17.46","0.00","3.00","55.41","17.46"
"1329","734","20260315","1779","209","Completed","1","157.08","117.89","157.08","117.89","39.19","0.00","3.00","157.08","39.19"
"1330","735","20260115","1864","233","Completed","1","100.29","55.86","100.29","55.86","44.43","0.00","3.33","100.29","44.43"
"1331","735","20260115","1864","220","Completed","1","97.88","74.33","97.88","74.33","23.55","0.00","3.33","97.88","23.55"
"1332","735","20260115","1864","239","Completed","1","116.83","67.33","116.83","67.33","49.50","0.00","3.33","116.83","49.50"
"1333","736","20260530","1754","192","Returned","1","170.10","125.07","170.10","125.07","45.03","2.50","0.00","167.60","42.53"
"1334","736","20260530","1754","213","Returned","1","148.42","96.71","148.42","96.71","51.71","2.50","0.00","145.92","49.21"
"1335","737","20260726","1602","187","Completed","1","90.39","64.58","90.39","64.58","25.81","0.00","0.00","90.39","25.81"
"1336","738","20260224","1794","186","Cancelled","1","423.31","240.26","423.31","240.26","183.05","2.50","0.00","420.81","180.55"
"1337","738","20260224","1794","240","Cancelled","2","51.43","38.16","102.86","76.32","26.54","2.50","0.00","100.36","24.04"
"1338","739","20251101","1567","183","Completed","1","60.67","34.80","60.67","34.80","25.87","10.00","5.99","50.67","15.87"
"1339","740","20260530","1674","211","Completed","1","412.95","299.35","412.95","299.35","113.60","2.50","5.00","410.45","111.10"
"1340","740","20260530","1674","229","Completed","1","328.53","211.34","328.53","211.34","117.19","2.50","5.00","326.03","114.69"
"1341","741","20260419","1669","236","Returned","1","335.82","190.06","335.82","190.06","145.76","0.00","0.00","335.82","145.76"
"1342","742","20260422","1524","224","Completed","1","44.39","27.23","44.39","27.23","17.16","0.00","5.99","44.39","17.16"
"1343","743","20260719","1742","190","Completed","1","100.47","76.85","100.47","76.85","23.62","10.00","9.99","90.47","13.62"
"1344","744","20260308","1506","188","Cancelled","1","147.11","98.96","147.11","98.96","48.15","0.00","9.99","147.11","48.15"
"1345","745","20250719","1836","220","Completed","1","97.88","74.33","97.88","74.33","23.55","15.00","5.99","82.88","8.55"
"1346","746","20260427","1597","195","Completed","2","249.99","156.58","499.98","313.16","186.82","5.00","3.00","494.98","181.82"
"1347","746","20260427","1597","233","Completed","1","100.29","55.86","100.29","55.86","44.43","5.00","3.00","95.29","39.43"
"1348","747","20250410","1501","213","Returned","2","148.42","96.71","296.84","193.42","103.42","5.00","3.00","291.84","98.42"
"1349","747","20250410","1501","221","Returned","1","211.10","133.66","211.10","133.66","77.44","5.00","3.00","206.10","72.44"
"1350","748","20251202","1773","226","Cancelled","1","155.18","87.63","155.18","87.63","67.55","10.00","0.00","145.18","57.55"
"1351","749","20250328","1707","216","Completed","2","315.71","189.79","631.42","379.58","251.84","0.00","0.00","631.42","251.84"
"1352","750","20251122","1978","200","Completed","3","212.44","119.33","637.32","357.99","279.33","0.00","0.00","637.32","279.33"
"1353","751","20260723","1982","230","Completed","2","94.90","67.25","189.80","134.50","55.30","10.00","0.00","179.80","45.30"
"1354","752","20260728","1668","182","Completed","2","336.54","258.11","673.08","516.22","156.86","0.00","9.99","673.08","156.86"
"1355","753","20260922","1738","237","Completed","1","155.89","96.42","155.89","96.42","59.47","0.00","9.99","155.89","59.47"
"1356","754","20260614","1879","240","Completed","1","51.43","38.16","51.43","38.16","13.27","0.00","3.00","51.43","13.27"
"1357","754","20260614","1879","222","Completed","3","100.07","70.05","300.21","210.15","90.06","0.00","3.00","300.21","90.06"
"1358","755","20260214","1693","231","Completed","2","111.88","80.39","223.76","160.78","62.98","15.00","5.99","208.76","47.98"
"1359","756","20260330","1814","234","Completed","1","172.64","112.28","172.64","112.28","60.36","10.00","0.00","162.64","50.36"
"1360","757","20260517","1775","187","Completed","1","90.39","64.58","90.39","64.58","25.81","0.00","0.00","90.39","25.81"
"1361","758","20260920","1897","216","Completed","1","315.71","189.79","315.71","189.79","125.92","0.00","9.99","315.71","125.92"
"1362","759","20260913","1871","209","Completed","3","157.08","117.89","471.24","353.67","117.57","5.00","9.99","466.24","112.57"
"1363","760","20260603","1799","202","Cancelled","2","148.28","83.26","296.56","166.52","130.04","0.00","0.00","296.56","130.04"
"1364","761","20260116","1592","240","Returned","2","51.43","38.16","102.86","76.32","26.54","0.00","5.99","102.86","26.54"
"1365","762","20260329","1626","186","Completed","1","423.31","240.26","423.31","240.26","183.05","0.00","0.00","423.31","183.05"
"1366","762","20260329","1626","227","Completed","1","220.71","129.38","220.71","129.38","91.33","0.00","0.00","220.71","91.33"
"1367","763","20260829","1633","183","Returned","1","60.67","34.80","60.67","34.80","25.87","5.00","5.00","55.67","20.87"
"1368","763","20260829","1633","234","Returned","2","172.64","112.28","345.28","224.56","120.72","5.00","5.00","340.28","115.72"
"1369","764","20260602","1553","200","Returned","1","212.44","119.33","212.44","119.33","93.11","15.00","9.99","197.44","78.11"
"1370","765","20260910","1860","217","Completed","1","148.68","108.91","148.68","108.91","39.77","0.00","3.00","148.68","39.77"
"1371","765","20260910","1860","238","Completed","1","192.21","117.17","192.21","117.17","75.04","0.00","3.00","192.21","75.04"
"1372","766","20260909","1605","210","Completed","1","116.09","88.40","116.09","88.40","27.69","2.50","5.00","113.59","25.19"
"1373","766","20260909","1605","235","Completed","1","40.99","23.15","40.99","23.15","17.84","2.50","5.00","38.49","15.34"
"1374","767","20260903","1600","212","Returned","2","97.33","68.97","194.66","137.94","56.72","10.00","9.99","184.66","46.72"
"1375","768","20250511","1716","195","Completed","2","249.99","156.58","499.98","313.16","186.82","0.00","0.00","499.98","186.82"
"1376","768","20250511","1716","230","Completed","1","94.90","67.25","94.90","67.25","27.65","0.00","0.00","94.90","27.65"
"1377","769","20251209","1964","201","Completed","2","183.21","138.22","366.42","276.44","89.98","1.67","3.33","364.75","88.31"
"1378","769","20251209","1964","212","Completed","2","97.33","68.97","194.66","137.94","56.72","1.67","3.33","192.99","55.05"
"1379","769","20251209","1964","192","Completed","1","170.10","125.07","170.10","125.07","45.03","1.67","3.33","168.43","43.36"
"1380","770","20250724","1641","221","Completed","1","211.10","133.66","211.10","133.66","77.44","0.00","0.00","211.10","77.44"
"1381","771","20260905","1967","195","Cancelled","1","249.99","156.58","249.99","156.58","93.41","0.00","9.99","249.99","93.41"
"1382","772","20260921","1557","229","Returned","2","328.53","211.34","657.06","422.68","234.38","0.00","3.00","657.06","234.38"
"1383","772","20260921","1557","225","Returned","2","98.36","65.70","196.72","131.40","65.32","0.00","3.00","196.72","65.32"
"1384","773","20260515","1541","191","Completed","1","45.75","27.33","45.75","27.33","18.42","10.00","5.99","35.75","8.42"
"1385","774","20260915","1690","237","Completed","3","155.89","96.42","467.67","289.26","178.41","0.00","0.00","467.67","178.41"
"1386","774","20260915","1690","212","Completed","1","97.33","68.97","97.33","68.97","28.36","0.00","0.00","97.33","28.36"
"1387","774","20260915","1690","204","Completed","1","186.71","108.43","186.71","108.43","78.28","0.00","0.00","186.71","78.28"
"1388","775","20260908","1574","207","Completed","1","440.02","275.08","440.02","275.08","164.94","5.00","3.00","435.02","159.94"
"1389","775","20260908","1574","200","Completed","1","212.44","119.33","212.44","119.33","93.11","5.00","3.00","207.44","88.11"
"1390","776","20250831","1661","223","Completed","1","80.76","46.98","80.76","46.98","33.78","0.00","0.00","80.76","33.78"
"1391","777","20260725","1766","197","Completed","1","49.20","27.84","49.20","27.84","21.36","5.00","2.00","44.20","16.36"
"1392","777","20260725","1766","222","Completed","1","100.07","70.05","100.07","70.05","30.02","5.00","2.00","95.07","25.02"
"1393","777","20260725","1766","238","Completed","1","192.21","117.17","192.21","117.17","75.04","5.00","2.00","187.21","70.04"
"1394","778","20260619","1809","233","Completed","1","100.29","55.86","100.29","55.86","44.43","0.00","3.33","100.29","44.43"
"1395","778","20260619","1809","236","Completed","1","335.82","190.06","335.82","190.06","145.76","0.00","3.33","335.82","145.76"
"1396","778","20260619","1809","184","Completed","2","93.32","65.41","186.64","130.82","55.82","0.00","3.33","186.64","55.82"
"1397","779","20260828","1922","211","Cancelled","2","412.95","299.35","825.90","598.70","227.20","7.50","0.00","818.40","219.70"
"1398","779","20260828","1922","200","Cancelled","3","212.44","119.33","637.32","357.99","279.33","7.50","0.00","629.82","271.83"
"1399","780","20260209","1671","207","Completed","2","440.02","275.08","880.04","550.16","329.88","15.00","0.00","865.04","314.88"
"1400","781","20260122","1899","233","Completed","1","100.29","55.86","100.29","55.86","44.43","0.00","2.00","100.29","44.43"
"1401","781","20260122","1899","184","Completed","1","93.32","65.41","93.32","65.41","27.91","0.00","2.00","93.32","27.91"
"1402","781","20260122","1899","202","Completed","1","148.28","83.26","148.28","83.26","65.02","0.00","2.00","148.28","65.02"
"1403","782","20260324","1968","201","Completed","1","183.21","138.22","183.21","138.22","44.99","15.00","0.00","168.21","29.99"
"1404","783","20260725","1539","197","Completed","1","49.20","27.84","49.20","27.84","21.36","10.00","9.99","39.20","11.36"
"1405","784","20250917","1662","199","Completed","1","154.93","112.90","154.93","112.90","42.03","2.50","0.00","152.43","39.53"
"1406","784","20250917","1662","195","Completed","2","249.99","156.58","499.98","313.16","186.82","2.50","0.00","497.48","184.32"
"1407","785","20260311","1890","203","Completed","1","55.41","37.95","55.41","37.95","17.46","2.50","5.00","52.91","14.96"
"1408","785","20260311","1890","240","Completed","2","51.43","38.16","102.86","76.32","26.54","2.50","5.00","100.36","24.04"
"1409","786","20260729","1702","208","Cancelled","2","270.85","183.28","541.70","366.56","175.14","10.00","5.99","531.70","165.14"
"1410","787","20260503","1701","213","Completed","1","148.42","96.71","148.42","96.71","51.71","0.00","5.99","148.42","51.71"
"1411","788","20260214","1660","238","Returned","1","192.21","117.17","192.21","117.17","75.04","0.00","5.00","192.21","75.04"
"1412","788","20260214","1660","205","Returned","1","77.40","52.92","77.40","52.92","24.48","0.00","5.00","77.40","24.48"
"1413","789","20260809","1902","223","Completed","1","80.76","46.98","80.76","46.98","33.78","3.75","1.50","77.01","30.03"
"1414","789","20260809","1902","226","Completed","1","155.18","87.63","155.18","87.63","67.55","3.75","1.50","151.43","63.80"
"1415","789","20260809","1902","224","Completed","2","44.39","27.23","88.78","54.46","34.32","3.75","1.50","85.03","30.57"
"1416","789","20260809","1902","187","Completed","2","90.39","64.58","180.78","129.16","51.62","3.75","1.50","177.03","47.87"
"1417","790","20260903","1637","187","Completed","1","90.39","64.58","90.39","64.58","25.81","0.00","5.99","90.39","25.81"
"1418","791","20260521","1688","230","Completed","1","94.90","67.25","94.90","67.25","27.65","0.00","0.00","94.90","27.65"
"1419","792","20260620","1977","211","Completed","2","412.95","299.35","825.90","598.70","227.20","1.67","3.33","824.23","225.53"
"1420","792","20260620","1977","240","Completed","2","51.43","38.16","102.86","76.32","26.54","1.67","3.33","101.19","24.87"
"1421","792","20260620","1977","196","Completed","3","65.17","42.83","195.51","128.49","67.02","1.67","3.33","193.84","65.35"
"1422","793","20260127","1974","221","Returned","1","211.10","133.66","211.10","133.66","77.44","5.00","2.00","206.10","72.44"
"1423","793","20260127","1974","183","Returned","1","60.67","34.80","60.67","34.80","25.87","5.00","2.00","55.67","20.87"
"1424","793","20260127","1974","206","Returned","1","140.62","81.04","140.62","81.04","59.58","5.00","2.00","135.62","54.58"
"1425","794","20260907","1850","211","Completed","1","412.95","299.35","412.95","299.35","113.60","15.00","5.99","397.95","98.60"
"1426","795","20260520","1518","197","Completed","1","49.20","27.84","49.20","27.84","21.36","0.00","2.50","49.20","21.36"
"1427","795","20260520","1518","188","Completed","1","147.11","98.96","147.11","98.96","48.15","0.00","2.50","147.11","48.15"
"1428","795","20260520","1518","222","Completed","2","100.07","70.05","200.14","140.10","60.04","0.00","2.50","200.14","60.04"
"1429","795","20260520","1518","230","Completed","1","94.90","67.25","94.90","67.25","27.65","0.00","2.50","94.90","27.65"
"1430","796","20260808","1847","208","Completed","3","270.85","183.28","812.55","549.84","262.71","5.00","3.00","807.55","257.71"
"1431","796","20260808","1847","193","Completed","1","232.94","146.33","232.94","146.33","86.61","5.00","3.00","227.94","81.61"
"1432","797","20260810","1510","211","Completed","1","412.95","299.35","412.95","299.35","113.60","0.00","5.99","412.95","113.60"
"1433","798","20260407","1662","182","Completed","1","336.54","258.11","336.54","258.11","78.43","5.00","0.00","331.54","73.43"
"1434","798","20260407","1662","200","Completed","1","212.44","119.33","212.44","119.33","93.11","5.00","0.00","207.44","88.11"
"1435","799","20260426","1993","226","Completed","2","155.18","87.63","310.36","175.26","135.10","2.50","0.00","307.86","132.60"
"1436","799","20260426","1993","232","Completed","3","292.00","192.97","876.00","578.91","297.09","2.50","0.00","873.50","294.59"
"1437","800","20260517","1859","209","Completed","1","157.08","117.89","157.08","117.89","39.19","0.00","0.00","157.08","39.19"
"1438","801","20260623","1830","181","Completed","1","101.22","64.39","101.22","64.39","36.83","15.00","9.99","86.22","21.83"
"1439","802","20260816","1612","195","Completed","1","249.99","156.58","249.99","156.58","93.41","0.00","2.50","249.99","93.41"
"1440","802","20260816","1612","235","Completed","1","40.99","23.15","40.99","23.15","17.84","0.00","2.50","40.99","17.84"
"1441","802","20260816","1612","182","Completed","2","336.54","258.11","673.08","516.22","156.86","0.00","2.50","673.08","156.86"
"1442","802","20260816","1612","198","Completed","1","71.76","49.35","71.76","49.35","22.41","0.00","2.50","71.76","22.41"
"1443","803","20260713","1607","224","Completed","2","44.39","27.23","88.78","54.46","34.32","0.00","0.00","88.78","34.32"
"1444","804","20260712","1810","196","Completed","2","65.17","42.83","130.34","85.66","44.68","5.00","0.00","125.34","39.68"
"1445","804","20260712","1810","226","Completed","1","155.18","87.63","155.18","87.63","67.55","5.00","0.00","150.18","62.55"
"1446","805","20260313","1518","216","Completed","2","315.71","189.79","631.42","379.58","251.84","1.67","3.33","629.75","250.17"
"1447","805","20260313","1518","190","Completed","1","100.47","76.85","100.47","76.85","23.62","1.67","3.33","98.80","21.95"
"1448","805","20260313","1518","217","Completed","1","148.68","108.91","148.68","108.91","39.77","1.67","3.33","147.01","38.10"
"1449","806","20250820","1735","225","Completed","2","98.36","65.70","196.72","131.40","65.32","0.00","5.99","196.72","65.32"
"1450","807","20260907","1601","214","Completed","2","443.92","253.54","887.84","507.08","380.76","0.00","3.00","887.84","380.76"
"1451","807","20260907","1601","196","Completed","1","65.17","42.83","65.17","42.83","22.34","0.00","3.00","65.17","22.34"
"1452","808","20251221","1654","203","Completed","1","55.41","37.95","55.41","37.95","17.46","5.00","9.99","50.41","12.46"
"1453","809","20260813","1804","213","Completed","1","148.42","96.71","148.42","96.71","51.71","10.00","9.99","138.42","41.71"
"1454","810","20260523","1833","215","Completed","1","45.82","32.17","45.82","32.17","13.65","15.00","9.99","30.82","-1.35"
"1455","811","20260616","1831","231","Completed","1","111.88","80.39","111.88","80.39","31.49","0.00","3.00","111.88","31.49"
"1456","811","20260616","1831","240","Completed","2","51.43","38.16","102.86","76.32","26.54","0.00","3.00","102.86","26.54"
"1457","812","20260624","1774","186","Completed","1","423.31","240.26","423.31","240.26","183.05","3.33","0.00","419.98","179.72"
"1458","812","20260624","1774","234","Completed","2","172.64","112.28","345.28","224.56","120.72","3.33","0.00","341.95","117.39"
"1459","812","20260624","1774","231","Completed","1","111.88","80.39","111.88","80.39","31.49","3.33","0.00","108.55","28.16"
"1460","813","20260920","1746","225","Completed","1","98.36","65.70","98.36","65.70","32.66","5.00","9.99","93.36","27.66"
"1461","814","20260609","2000","222","Completed","1","100.07","70.05","100.07","70.05","30.02","7.50","0.00","92.57","22.52"
"1462","814","20260609","2000","207","Completed","1","440.02","275.08","440.02","275.08","164.94","7.50","0.00","432.52","157.44"
"1463","815","20260611","1827","202","Completed","1","148.28","83.26","148.28","83.26","65.02","0.00","3.33","148.28","65.02"
"1464","815","20260611","1827","208","Completed","1","270.85","183.28","270.85","183.28","87.57","0.00","3.33","270.85","87.57"
"1465","815","20260611","1827","186","Completed","1","423.31","240.26","423.31","240.26","183.05","0.00","3.33","423.31","183.05"
"1466","816","20250810","1520","212","Returned","2","97.33","68.97","194.66","137.94","56.72","7.50","5.00","187.16","49.22"
"1467","816","20250810","1520","229","Returned","1","328.53","211.34","328.53","211.34","117.19","7.50","5.00","321.03","109.69"
"1468","817","20260207","1729","221","Completed","1","211.10","133.66","211.10","133.66","77.44","15.00","9.99","196.10","62.44"
"1469","818","20260816","1596","183","Completed","2","60.67","34.80","121.34","69.60","51.74","5.00","0.00","116.34","46.74"
"1470","818","20260816","1596","227","Completed","1","220.71","129.38","220.71","129.38","91.33","5.00","0.00","215.71","86.33"
"1471","818","20260816","1596","224","Completed","1","44.39","27.23","44.39","27.23","17.16","5.00","0.00","39.39","12.16"
"1472","819","20260611","1504","235","Completed","1","40.99","23.15","40.99","23.15","17.84","0.00","5.99","40.99","17.84"
"1473","820","20251110","1520","187","Completed","1","90.39","64.58","90.39","64.58","25.81","0.00","5.00","90.39","25.81"
"1474","820","20251110","1520","189","Completed","2","413.12","294.37","826.24","588.74","237.50","0.00","5.00","826.24","237.50"
"1475","821","20260731","1723","214","Returned","1","443.92","253.54","443.92","253.54","190.38","10.00","5.99","433.92","180.38"
"1476","822","20260104","1788","217","Returned","1","148.68","108.91","148.68","108.91","39.77","0.00","3.00","148.68","39.77"
"1477","822","20260104","1788","211","Returned","1","412.95","299.35","412.95","299.35","113.60","0.00","3.00","412.95","113.60"
"1478","823","20260919","1858","223","Completed","2","80.76","46.98","161.52","93.96","67.56","15.00","5.99","146.52","52.56"
"1479","824","20260802","1551","199","Completed","1","154.93","112.90","154.93","112.90","42.03","5.00","0.00","149.93","37.03"
"1480","825","20260115","1989","201","Cancelled","2","183.21","138.22","366.42","276.44","89.98","0.00","0.00","366.42","89.98"
"1481","825","20260115","1989","225","Cancelled","1","98.36","65.70","98.36","65.70","32.66","0.00","0.00","98.36","32.66"
"1482","825","20260115","1989","239","Cancelled","1","116.83","67.33","116.83","67.33","49.50","0.00","0.00","116.83","49.50"
"1483","825","20260115","1989","202","Cancelled","2","148.28","83.26","296.56","166.52","130.04","0.00","0.00","296.56","130.04"
"1484","826","20260201","1981","184","Completed","1","93.32","65.41","93.32","65.41","27.91","0.00","3.00","93.32","27.91"
"1485","826","20260201","1981","189","Completed","1","413.12","294.37","413.12","294.37","118.75","0.00","3.00","413.12","118.75"
"1486","827","20260623","1903","193","Completed","1","232.94","146.33","232.94","146.33","86.61","0.00","0.00","232.94","86.61"
"1487","827","20260623","1903","201","Completed","1","183.21","138.22","183.21","138.22","44.99","0.00","0.00","183.21","44.99"
"1488","828","20260604","1993","203","Returned","2","55.41","37.95","110.82","75.90","34.92","0.00","9.99","110.82","34.92"
"1489","829","20260615","1977","200","Completed","1","212.44","119.33","212.44","119.33","93.11","0.00","0.00","212.44","93.11"
"1490","830","20260226","1791","214","Completed","1","443.92","253.54","443.92","253.54","190.38","0.00","9.99","443.92","190.38"
"1491","831","20260507","1856","207","Completed","1","440.02","275.08","440.02","275.08","164.94","10.00","5.99","430.02","154.94"
"1492","832","20260524","1744","202","Completed","1","148.28","83.26","148.28","83.26","65.02","10.00","9.99","138.28","55.02"
"1493","833","20260227","1748","216","Completed","1","315.71","189.79","315.71","189.79","125.92","0.00","9.99","315.71","125.92"
"1494","834","20251213","1820","201","Cancelled","2","183.21","138.22","366.42","276.44","89.98","2.50","3.00","363.92","87.48"
"1495","834","20251213","1820","221","Cancelled","1","211.10","133.66","211.10","133.66","77.44","2.50","3.00","208.60","74.94"
"1496","835","20260627","1892","197","Completed","2","49.20","27.84","98.40","55.68","42.72","2.50","0.00","95.90","40.22"
"1497","835","20260627","1892","228","Completed","1","68.08","45.01","68.08","45.01","23.07","2.50","0.00","65.58","20.57"
"1498","836","20260710","1755","226","Completed","1","155.18","87.63","155.18","87.63","67.55","3.75","2.50","151.43","63.80"
"1499","836","20260710","1755","225","Completed","1","98.36","65.70","98.36","65.70","32.66","3.75","2.50","94.61","28.91"
"1500","836","20260710","1755","199","Completed","1","154.93","112.90","154.93","112.90","42.03","3.75","2.50","151.18","38.28"
"1501","836","20260710","1755","227","Completed","1","220.71","129.38","220.71","129.38","91.33","3.75","2.50","216.96","87.58"
"1502","837","20260322","1532","233","Completed","3","100.29","55.86","300.87","167.58","133.29","10.00","0.00","290.87","123.29"
"1503","838","20260614","1685","202","Returned","1","148.28","83.26","148.28","83.26","65.02","5.00","5.00","143.28","60.02"
"1504","838","20260614","1685","188","Returned","3","147.11","98.96","441.33","296.88","144.45","5.00","5.00","436.33","139.45"
"1505","839","20260627","1763","186","Returned","2","423.31","240.26","846.62","480.52","366.10","0.00","0.00","846.62","366.10"
"1506","840","20251210","1536","224","Completed","2","44.39","27.23","88.78","54.46","34.32","2.50","5.00","86.28","31.82"
"1507","840","20251210","1536","229","Completed","1","328.53","211.34","328.53","211.34","117.19","2.50","5.00","326.03","114.69"
"1508","841","20260912","1670","217","Cancelled","1","148.68","108.91","148.68","108.91","39.77","10.00","5.99","138.68","29.77"
"1509","842","20260424","1952","196","Cancelled","1","65.17","42.83","65.17","42.83","22.34","10.00","9.99","55.17","12.34"
"1510","843","20260305","1733","193","Completed","1","232.94","146.33","232.94","146.33","86.61","0.00","9.99","232.94","86.61"
"1511","844","20260806","1621","192","Completed","1","170.10","125.07","170.10","125.07","45.03","0.00","3.00","170.10","45.03"
"1512","844","20260806","1621","227","Completed","1","220.71","129.38","220.71","129.38","91.33","0.00","3.00","220.71","91.33"
"1513","845","20250819","1854","206","Completed","1","140.62","81.04","140.62","81.04","59.58","0.00","0.00","140.62","59.58"
"1514","845","20250819","1854","234","Completed","1","172.64","112.28","172.64","112.28","60.36","0.00","0.00","172.64","60.36"
"1515","846","20260129","1776","182","Cancelled","2","336.54","258.11","673.08","516.22","156.86","10.00","0.00","663.08","146.86"
"1516","847","20260627","1851","200","Completed","1","212.44","119.33","212.44","119.33","93.11","0.00","9.99","212.44","93.11"
"1517","848","20260905","1994","208","Completed","1","270.85","183.28","270.85","183.28","87.57","0.00","3.00","270.85","87.57"
"1518","848","20260905","1994","231","Completed","1","111.88","80.39","111.88","80.39","31.49","0.00","3.00","111.88","31.49"
"1519","849","20250913","1717","186","Cancelled","2","423.31","240.26","846.62","480.52","366.10","0.00","5.00","846.62","366.10"
"1520","849","20250913","1717","223","Cancelled","1","80.76","46.98","80.76","46.98","33.78","0.00","5.00","80.76","33.78"
"1521","850","20260531","1615","229","Returned","1","328.53","211.34","328.53","211.34","117.19","0.00","3.33","328.53","117.19"
"1522","850","20260531","1615","222","Returned","1","100.07","70.05","100.07","70.05","30.02","0.00","3.33","100.07","30.02"
"1523","850","20260531","1615","217","Returned","1","148.68","108.91","148.68","108.91","39.77","0.00","3.33","148.68","39.77"
"1524","851","20260812","1922","200","Completed","1","212.44","119.33","212.44","119.33","93.11","15.00","5.99","197.44","78.11"
"1525","852","20260619","1838","188","Completed","1","147.11","98.96","147.11","98.96","48.15","2.50","0.00","144.61","45.65"
"1526","852","20260619","1838","203","Completed","1","55.41","37.95","55.41","37.95","17.46","2.50","0.00","52.91","14.96"
"1527","853","20250403","1877","187","Returned","1","90.39","64.58","90.39","64.58","25.81","0.00","0.00","90.39","25.81"
"1528","854","20260905","1675","202","Completed","2","148.28","83.26","296.56","166.52","130.04","0.00","0.00","296.56","130.04"
"1529","855","20260421","1616","219","Completed","2","272.42","159.43","544.84","318.86","225.98","5.00","5.99","539.84","220.98"
"1530","856","20260622","1832","199","Completed","1","154.93","112.90","154.93","112.90","42.03","7.50","3.00","147.43","34.53"
"1531","856","20260622","1832","227","Completed","1","220.71","129.38","220.71","129.38","91.33","7.50","3.00","213.21","83.83"
"1532","857","20260421","1729","189","Completed","1","413.12","294.37","413.12","294.37","118.75","0.00","0.00","413.12","118.75"
"1533","857","20260421","1729","237","Completed","1","155.89","96.42","155.89","96.42","59.47","0.00","0.00","155.89","59.47"
"1534","858","20260905","1809","209","Returned","1","157.08","117.89","157.08","117.89","39.19","5.00","0.00","152.08","34.19"
"1535","859","20260905","1675","208","Completed","1","270.85","183.28","270.85","183.28","87.57","0.00","9.99","270.85","87.57"
"1536","860","20260915","1714","240","Returned","2","51.43","38.16","102.86","76.32","26.54","0.00","0.00","102.86","26.54"
"1537","861","20260627","1746","230","Returned","1","94.90","67.25","94.90","67.25","27.65","3.33","2.00","91.57","24.32"
"1538","861","20260627","1746","229","Returned","1","328.53","211.34","328.53","211.34","117.19","3.33","2.00","325.20","113.86"
"1539","861","20260627","1746","200","Returned","1","212.44","119.33","212.44","119.33","93.11","3.33","2.00","209.11","89.78"
"1540","862","20260620","1773","194","Completed","3","308.11","207.51","924.33","622.53","301.80","0.00","1.50","924.33","301.80"
"1541","862","20260620","1773","209","Completed","3","157.08","117.89","471.24","353.67","117.57","0.00","1.50","471.24","117.57"
"1542","862","20260620","1773","188","Completed","1","147.11","98.96","147.11","98.96","48.15","0.00","1.50","147.11","48.15"
"1543","862","20260620","1773","228","Completed","1","68.08","45.01","68.08","45.01","23.07","0.00","1.50","68.08","23.07"
"1544","863","20250522","1706","213","Completed","2","148.42","96.71","296.84","193.42","103.42","0.00","3.00","296.84","103.42"
"1545","863","20250522","1706","192","Completed","1","170.10","125.07","170.10","125.07","45.03","0.00","3.00","170.10","45.03"
"1546","864","20260624","1550","215","Completed","1","45.82","32.17","45.82","32.17","13.65","0.00","0.00","45.82","13.65"
"1547","864","20260624","1550","239","Completed","1","116.83","67.33","116.83","67.33","49.50","0.00","0.00","116.83","49.50"
"1548","865","20260511","1898","210","Completed","2","116.09","88.40","232.18","176.80","55.38","15.00","5.99","217.18","40.38"
"1549","866","20260329","1859","184","Completed","1","93.32","65.41","93.32","65.41","27.91","0.00","3.33","93.32","27.91"
"1550","866","20260329","1859","215","Completed","3","45.82","32.17","137.46","96.51","40.95","0.00","3.33","137.46","40.95"
"1551","866","20260329","1859","196","Completed","1","65.17","42.83","65.17","42.83","22.34","0.00","3.33","65.17","22.34"
"1552","867","20260619","1672","239","Returned","1","116.83","67.33","116.83","67.33","49.50","0.00","5.00","116.83","49.50"
"1553","867","20260619","1672","202","Returned","1","148.28","83.26","148.28","83.26","65.02","0.00","5.00","148.28","65.02"
"1554","868","20260515","1521","202","Cancelled","1","148.28","83.26","148.28","83.26","65.02","2.50","3.00","145.78","62.52"
"1555","868","20260515","1521","199","Cancelled","1","154.93","112.90","154.93","112.90","42.03","2.50","3.00","152.43","39.53"
"1556","869","20260608","1994","183","Completed","1","60.67","34.80","60.67","34.80","25.87","1.67","0.00","59.00","24.20"
"1557","869","20260608","1994","201","Completed","2","183.21","138.22","366.42","276.44","89.98","1.67","0.00","364.75","88.31"
"1558","869","20260608","1994","227","Completed","1","220.71","129.38","220.71","129.38","91.33","1.67","0.00","219.04","89.66"
"1559","870","20260722","1918","191","Returned","1","45.75","27.33","45.75","27.33","18.42","5.00","0.00","40.75","13.42"
"1560","870","20260722","1918","234","Returned","1","172.64","112.28","172.64","112.28","60.36","5.00","0.00","167.64","55.36"
"1561","870","20260722","1918","218","Returned","1","195.26","111.40","195.26","111.40","83.86","5.00","0.00","190.26","78.86"
"1562","871","20260608","1724","195","Completed","2","249.99","156.58","499.98","313.16","186.82","0.00","0.00","499.98","186.82"
"1563","871","20260608","1724","191","Completed","1","45.75","27.33","45.75","27.33","18.42","0.00","0.00","45.75","18.42"
"1564","871","20260608","1724","212","Completed","2","97.33","68.97","194.66","137.94","56.72","0.00","0.00","194.66","56.72"
"1565","872","20251108","1720","203","Returned","1","55.41","37.95","55.41","37.95","17.46","10.00","0.00","45.41","7.46"
"1566","873","20260917","1743","209","Completed","1","157.08","117.89","157.08","117.89","39.19","15.00","5.99","142.08","24.19"
"1567","874","20260406","1783","234","Completed","1","172.64","112.28","172.64","112.28","60.36","10.00","5.99","162.64","50.36"
"1568","875","20251117","1971","215","Completed","2","45.82","32.17","91.64","64.34","27.30","0.00","5.00","91.64","27.30"
"1569","875","20251117","1971","223","Completed","1","80.76","46.98","80.76","46.98","33.78","0.00","5.00","80.76","33.78"
"1570","876","20260401","1914","202","Completed","1","148.28","83.26","148.28","83.26","65.02","0.00","2.00","148.28","65.02"
"1571","876","20260401","1914","215","Completed","1","45.82","32.17","45.82","32.17","13.65","0.00","2.00","45.82","13.65"
"1572","876","20260401","1914","183","Completed","1","60.67","34.80","60.67","34.80","25.87","0.00","2.00","60.67","25.87"
"1573","877","20260908","1583","221","Completed","2","211.10","133.66","422.20","267.32","154.88","0.00","3.00","422.20","154.88"
"1574","877","20260908","1583","207","Completed","2","440.02","275.08","880.04","550.16","329.88","0.00","3.00","880.04","329.88"
"1575","878","20260321","1505","201","Completed","1","183.21","138.22","183.21","138.22","44.99","0.00","9.99","183.21","44.99"
"1576","879","20260919","1850","238","Returned","1","192.21","117.17","192.21","117.17","75.04","5.00","0.00","187.21","70.04"
"1577","879","20260919","1850","188","Returned","1","147.11","98.96","147.11","98.96","48.15","5.00","0.00","142.11","43.15"
"1578","880","20251103","1573","196","Returned","1","65.17","42.83","65.17","42.83","22.34","10.00","0.00","55.17","12.34"
"1579","881","20260724","1753","219","Completed","1","272.42","159.43","272.42","159.43","112.99","3.75","2.50","268.67","109.24"
"1580","881","20260724","1753","227","Completed","3","220.71","129.38","662.13","388.14","273.99","3.75","2.50","658.38","270.24"
"1581","881","20260724","1753","201","Completed","3","183.21","138.22","549.63","414.66","134.97","3.75","2.50","545.88","131.22"
"1582","881","20260724","1753","221","Completed","1","211.10","133.66","211.10","133.66","77.44","3.75","2.50","207.35","73.69"
"1583","882","20251124","1545","198","Completed","2","71.76","49.35","143.52","98.70","44.82","0.00","0.00","143.52","44.82"
"1584","883","20260727","1640","187","Completed","1","90.39","64.58","90.39","64.58","25.81","0.00","0.00","90.39","25.81"
"1585","884","20251121","1965","194","Returned","1","308.11","207.51","308.11","207.51","100.60","0.00","2.00","308.11","100.60"
"1586","884","20251121","1965","192","Returned","1","170.10","125.07","170.10","125.07","45.03","0.00","2.00","170.10","45.03"
"1587","884","20251121","1965","208","Returned","1","270.85","183.28","270.85","183.28","87.57","0.00","2.00","270.85","87.57"
"1588","885","20260909","1747","233","Completed","2","100.29","55.86","200.58","111.72","88.86","10.00","5.99","190.58","78.86"
"1589","886","20260114","1519","226","Returned","1","155.18","87.63","155.18","87.63","67.55","0.00","2.50","155.18","67.55"
"1590","886","20260114","1519","212","Returned","1","97.33","68.97","97.33","68.97","28.36","0.00","2.50","97.33","28.36"
"1591","886","20260114","1519","200","Returned","1","212.44","119.33","212.44","119.33","93.11","0.00","2.50","212.44","93.11"
"1592","886","20260114","1519","198","Returned","2","71.76","49.35","143.52","98.70","44.82","0.00","2.50","143.52","44.82"
"1593","887","20260723","1619","212","Completed","1","97.33","68.97","97.33","68.97","28.36","0.00","0.00","97.33","28.36"
"1594","888","20260818","1777","199","Cancelled","1","154.93","112.90","154.93","112.90","42.03","15.00","9.99","139.93","27.03"
"1595","889","20260325","1630","221","Cancelled","1","211.10","133.66","211.10","133.66","77.44","0.00","5.99","211.10","77.44"
"1596","890","20251117","1895","196","Completed","1","65.17","42.83","65.17","42.83","22.34","0.00","9.99","65.17","22.34"
"1597","891","20260809","1805","235","Completed","1","40.99","23.15","40.99","23.15","17.84","7.50","5.00","33.49","10.34"
"1598","891","20260809","1805","197","Completed","3","49.20","27.84","147.60","83.52","64.08","7.50","5.00","140.10","56.58"
"1599","892","20260827","1923","224","Completed","1","44.39","27.23","44.39","27.23","17.16","1.67","2.00","42.72","15.49"
"1600","892","20260827","1923","231","Completed","1","111.88","80.39","111.88","80.39","31.49","1.67","2.00","110.21","29.82"
"1601","892","20260827","1923","229","Completed","1","328.53","211.34","328.53","211.34","117.19","1.67","2.00","326.86","115.52"
"1602","893","20260721","1933","218","Returned","1","195.26","111.40","195.26","111.40","83.86","15.00","5.99","180.26","68.86"
"1603","894","20260623","1866","209","Completed","1","157.08","117.89","157.08","117.89","39.19","7.50","0.00","149.58","31.69"
"1604","894","20260623","1866","184","Completed","1","93.32","65.41","93.32","65.41","27.91","7.50","0.00","85.82","20.41"
"1605","895","20260703","1670","227","Returned","1","220.71","129.38","220.71","129.38","91.33","0.00","0.00","220.71","91.33"
"1606","895","20260703","1670","200","Returned","1","212.44","119.33","212.44","119.33","93.11","0.00","0.00","212.44","93.11"
"1607","896","20250817","1767","193","Completed","1","232.94","146.33","232.94","146.33","86.61","10.00","9.99","222.94","76.61"
"1608","897","20260717","1656","201","Returned","1","183.21","138.22","183.21","138.22","44.99","10.00","9.99","173.21","34.99"
"1609","898","20251128","1504","240","Completed","2","51.43","38.16","102.86","76.32","26.54","5.00","5.00","97.86","21.54"
"1610","898","20251128","1504","225","Completed","1","98.36","65.70","98.36","65.70","32.66","5.00","5.00","93.36","27.66"
"1611","899","20260323","1855","204","Completed","1","186.71","108.43","186.71","108.43","78.28","0.00","0.00","186.71","78.28"
"1612","900","20260914","1764","227","Returned","1","220.71","129.38","220.71","129.38","91.33","0.00","2.00","220.71","91.33"
"1613","900","20260914","1764","207","Returned","1","440.02","275.08","440.02","275.08","164.94","0.00","2.00","440.02","164.94"
"1614","900","20260914","1764","198","Returned","2","71.76","49.35","143.52","98.70","44.82","0.00","2.00","143.52","44.82"
"1615","901","20260905","1768","207","Returned","1","440.02","275.08","440.02","275.08","164.94","0.00","5.99","440.02","164.94"
"1616","902","20260708","1725","181","Cancelled","1","101.22","64.39","101.22","64.39","36.83","0.00","5.99","101.22","36.83"
"1617","903","20260606","1682","225","Completed","1","98.36","65.70","98.36","65.70","32.66","1.67","0.00","96.69","30.99"
"1618","903","20260606","1682","228","Completed","3","68.08","45.01","204.24","135.03","69.21","1.67","0.00","202.57","67.54"
"1619","903","20260606","1682","191","Completed","1","45.75","27.33","45.75","27.33","18.42","1.67","0.00","44.08","16.75"
"1620","904","20250503","1861","232","Completed","1","292.00","192.97","292.00","192.97","99.03","5.00","5.99","287.00","94.03"
"1621","905","20260921","1879","234","Returned","2","172.64","112.28","345.28","224.56","120.72","3.33","2.00","341.95","117.39"
"1622","905","20260921","1879","239","Returned","1","116.83","67.33","116.83","67.33","49.50","3.33","2.00","113.50","46.17"
"1623","905","20260921","1879","220","Returned","1","97.88","74.33","97.88","74.33","23.55","3.33","2.00","94.55","20.22"
"1624","906","20260506","1790","225","Returned","2","98.36","65.70","196.72","131.40","65.32","0.00","5.99","196.72","65.32"
"1625","907","20260124","1503","182","Completed","1","336.54","258.11","336.54","258.11","78.43","5.00","5.99","331.54","73.43"
"1626","908","20260826","1903","238","Returned","1","192.21","117.17","192.21","117.17","75.04","15.00","9.99","177.21","60.04"
"1627","909","20260810","1788","223","Returned","1","80.76","46.98","80.76","46.98","33.78","7.50","0.00","73.26","26.28"
"1628","909","20260810","1788","217","Returned","1","148.68","108.91","148.68","108.91","39.77","7.50","0.00","141.18","32.27"
"1629","910","20260426","1543","223","Completed","1","80.76","46.98","80.76","46.98","33.78","7.50","3.00","73.26","26.28"
"1630","910","20260426","1543","239","Completed","1","116.83","67.33","116.83","67.33","49.50","7.50","3.00","109.33","42.00"
"1631","911","20260818","1646","203","Completed","1","55.41","37.95","55.41","37.95","17.46","5.00","9.99","50.41","12.46"
"1632","912","20260710","1506","234","Completed","1","172.64","112.28","172.64","112.28","60.36","0.00","2.00","172.64","60.36"
"1633","912","20260710","1506","221","Completed","1","211.10","133.66","211.10","133.66","77.44","0.00","2.00","211.10","77.44"
"1634","912","20260710","1506","212","Completed","1","97.33","68.97","97.33","68.97","28.36","0.00","2.00","97.33","28.36"
"1635","913","20260206","1709","187","Completed","3","90.39","64.58","271.17","193.74","77.43","0.00","2.00","271.17","77.43"
"1636","913","20260206","1709","236","Completed","2","335.82","190.06","671.64","380.12","291.52","0.00","2.00","671.64","291.52"
"1637","913","20260206","1709","229","Completed","1","328.53","211.34","328.53","211.34","117.19","0.00","2.00","328.53","117.19"
"1638","914","20260210","1632","230","Completed","2","94.90","67.25","189.80","134.50","55.30","0.00","3.00","189.80","55.30"
"1639","914","20260210","1632","228","Completed","1","68.08","45.01","68.08","45.01","23.07","0.00","3.00","68.08","23.07"
"1640","915","20260821","1796","240","Completed","1","51.43","38.16","51.43","38.16","13.27","0.00","0.00","51.43","13.27"
"1641","916","20251106","1702","234","Completed","1","172.64","112.28","172.64","112.28","60.36","10.00","9.99","162.64","50.36"
"1642","917","20251113","1783","218","Returned","1","195.26","111.40","195.26","111.40","83.86","0.00","3.00","195.26","83.86"
"1643","917","20251113","1783","226","Returned","1","155.18","87.63","155.18","87.63","67.55","0.00","3.00","155.18","67.55"
"1644","918","20260613","1741","222","Completed","1","100.07","70.05","100.07","70.05","30.02","0.00","0.00","100.07","30.02"
"1645","919","20250601","1902","207","Completed","1","440.02","275.08","440.02","275.08","164.94","0.00","5.00","440.02","164.94"
"1646","919","20250601","1902","199","Completed","1","154.93","112.90","154.93","112.90","42.03","0.00","5.00","154.93","42.03"
"1647","920","20260919","1562","232","Returned","1","292.00","192.97","292.00","192.97","99.03","0.00","5.00","292.00","99.03"
"1648","920","20260919","1562","193","Returned","1","232.94","146.33","232.94","146.33","86.61","0.00","5.00","232.94","86.61"
"1649","921","20260625","2000","218","Completed","1","195.26","111.40","195.26","111.40","83.86","10.00","9.99","185.26","73.86"
"1650","922","20260306","1506","200","Completed","1","212.44","119.33","212.44","119.33","93.11","0.00","3.33","212.44","93.11"
"1651","922","20260306","1506","185","Completed","1","121.63","79.08","121.63","79.08","42.55","0.00","3.33","121.63","42.55"
"1652","922","20260306","1506","197","Completed","1","49.20","27.84","49.20","27.84","21.36","0.00","3.33","49.20","21.36"
"1653","923","20260525","1987","228","Completed","1","68.08","45.01","68.08","45.01","23.07","0.00","0.00","68.08","23.07"
"1654","924","20260524","1595","201","Cancelled","1","183.21","138.22","183.21","138.22","44.99","0.00","5.99","183.21","44.99"
"1655","925","20260315","1749","231","Completed","1","111.88","80.39","111.88","80.39","31.49","1.67","0.00","110.21","29.82"
"1656","925","20260315","1749","193","Completed","1","232.94","146.33","232.94","146.33","86.61","1.67","0.00","231.27","84.94"
"1657","925","20260315","1749","208","Completed","1","270.85","183.28","270.85","183.28","87.57","1.67","0.00","269.18","85.90"
"1658","926","20260723","1545","234","Completed","2","172.64","112.28","345.28","224.56","120.72","0.00","2.00","345.28","120.72"
"1659","926","20260723","1545","214","Completed","1","443.92","253.54","443.92","253.54","190.38","0.00","2.00","443.92","190.38"
"1660","926","20260723","1545","220","Completed","2","97.88","74.33","195.76","148.66","47.10","0.00","2.00","195.76","47.10"
"1661","927","20260819","1563","181","Completed","1","101.22","64.39","101.22","64.39","36.83","0.00","9.99","101.22","36.83"
"1662","928","20260609","1967","220","Completed","1","97.88","74.33","97.88","74.33","23.55","10.00","9.99","87.88","13.55"
"1663","929","20250816","1695","224","Completed","1","44.39","27.23","44.39","27.23","17.16","5.00","3.33","39.39","12.16"
"1664","929","20250816","1695","239","Completed","3","116.83","67.33","350.49","201.99","148.50","5.00","3.33","345.49","143.50"
"1665","929","20250816","1695","233","Completed","1","100.29","55.86","100.29","55.86","44.43","5.00","3.33","95.29","39.43"
"1666","930","20260531","1544","229","Completed","2","328.53","211.34","657.06","422.68","234.38","0.00","2.00","657.06","234.38"
"1667","930","20260531","1544","197","Completed","2","49.20","27.84","98.40","55.68","42.72","0.00","2.00","98.40","42.72"
"1668","930","20260531","1544","219","Completed","1","272.42","159.43","272.42","159.43","112.99","0.00","2.00","272.42","112.99"
"1669","931","20251208","1862","194","Completed","1","308.11","207.51","308.11","207.51","100.60","1.67","3.33","306.44","98.93"
"1670","931","20251208","1862","191","Completed","1","45.75","27.33","45.75","27.33","18.42","1.67","3.33","44.08","16.75"
"1671","931","20251208","1862","184","Completed","2","93.32","65.41","186.64","130.82","55.82","1.67","3.33","184.97","54.15"
"1672","932","20260119","1683","198","Returned","1","71.76","49.35","71.76","49.35","22.41","5.00","0.00","66.76","17.41"
"1673","932","20260119","1683","188","Returned","1","147.11","98.96","147.11","98.96","48.15","5.00","0.00","142.11","43.15"
"1674","933","20260509","1964","189","Completed","2","413.12","294.37","826.24","588.74","237.50","0.00","5.99","826.24","237.50"
"1675","934","20260804","1899","209","Completed","1","157.08","117.89","157.08","117.89","39.19","15.00","9.99","142.08","24.19"
"1676","935","20260904","1646","205","Completed","1","77.40","52.92","77.40","52.92","24.48","0.00","5.00","77.40","24.48"
"1677","935","20260904","1646","204","Completed","1","186.71","108.43","186.71","108.43","78.28","0.00","5.00","186.71","78.28"
"1678","936","20260905","1991","197","Returned","1","49.20","27.84","49.20","27.84","21.36","10.00","9.99","39.20","11.36"
"1679","937","20260610","1978","195","Returned","1","249.99","156.58","249.99","156.58","93.41","0.00","0.00","249.99","93.41"
"1680","938","20260222","1813","240","Completed","2","51.43","38.16","102.86","76.32","26.54","10.00","5.99","92.86","16.54"
"1681","939","20260914","1560","239","Completed","1","116.83","67.33","116.83","67.33","49.50","0.00","9.99","116.83","49.50"
"1682","940","20251006","1786","205","Completed","1","77.40","52.92","77.40","52.92","24.48","0.00","5.99","77.40","24.48"
"1683","941","20251014","1733","195","Completed","1","249.99","156.58","249.99","156.58","93.41","2.50","5.00","247.49","90.91"
"1684","941","20251014","1733","238","Completed","1","192.21","117.17","192.21","117.17","75.04","2.50","5.00","189.71","72.54"
"1685","942","20251119","1695","236","Completed","1","335.82","190.06","335.82","190.06","145.76","0.00","5.99","335.82","145.76"
"1686","943","20260318","1657","226","Completed","1","155.18","87.63","155.18","87.63","67.55","0.00","9.99","155.18","67.55"
"1687","944","20260811","1588","191","Returned","1","45.75","27.33","45.75","27.33","18.42","0.00","0.00","45.75","18.42"
"1688","944","20260811","1588","235","Returned","1","40.99","23.15","40.99","23.15","17.84","0.00","0.00","40.99","17.84"
"1689","945","20260329","1580","191","Completed","1","45.75","27.33","45.75","27.33","18.42","0.00","5.99","45.75","18.42"
"1690","946","20260131","1851","181","Completed","1","101.22","64.39","101.22","64.39","36.83","0.00","5.99","101.22","36.83"
"1691","947","20260816","1979","209","Returned","2","157.08","117.89","314.16","235.78","78.38","0.00","2.50","314.16","78.38"
"1692","947","20260816","1979","238","Returned","1","192.21","117.17","192.21","117.17","75.04","0.00","2.50","192.21","75.04"
"1693","947","20260816","1979","210","Returned","1","116.09","88.40","116.09","88.40","27.69","0.00","2.50","116.09","27.69"
"1694","947","20260816","1979","213","Returned","1","148.42","96.71","148.42","96.71","51.71","0.00","2.50","148.42","51.71"
"1695","948","20260609","1587","203","Returned","1","55.41","37.95","55.41","37.95","17.46","0.00","0.00","55.41","17.46"
"1696","949","20260912","1886","223","Completed","1","80.76","46.98","80.76","46.98","33.78","2.50","2.50","78.26","31.28"
"1697","949","20260912","1886","203","Completed","1","55.41","37.95","55.41","37.95","17.46","2.50","2.50","52.91","14.96"
"1698","949","20260912","1886","181","Completed","1","101.22","64.39","101.22","64.39","36.83","2.50","2.50","98.72","34.33"
"1699","949","20260912","1886","219","Completed","2","272.42","159.43","544.84","318.86","225.98","2.50","2.50","542.34","223.48"
"1700","950","20260718","1744","213","Cancelled","1","148.42","96.71","148.42","96.71","51.71","0.00","3.00","148.42","51.71"
"1701","950","20260718","1744","236","Cancelled","1","335.82","190.06","335.82","190.06","145.76","0.00","3.00","335.82","145.76"
"1702","951","20260314","1895","215","Completed","1","45.82","32.17","45.82","32.17","13.65","1.67","0.00","44.15","11.98"
"1703","951","20260314","1895","189","Completed","2","413.12","294.37","826.24","588.74","237.50","1.67","0.00","824.57","235.83"
"1704","951","20260314","1895","225","Completed","1","98.36","65.70","98.36","65.70","32.66","1.67","0.00","96.69","30.99"
"1705","952","20260827","1588","237","Completed","1","155.89","96.42","155.89","96.42","59.47","2.50","3.00","153.39","56.97"
"1706","952","20260827","1588","238","Completed","1","192.21","117.17","192.21","117.17","75.04","2.50","3.00","189.71","72.54"
"1707","953","20260801","1602","186","Returned","2","423.31","240.26","846.62","480.52","366.10","5.00","9.99","841.62","361.10"
"1708","954","20251223","1652","191","Cancelled","1","45.75","27.33","45.75","27.33","18.42","5.00","3.00","40.75","13.42"
"1709","954","20251223","1652","217","Cancelled","1","148.68","108.91","148.68","108.91","39.77","5.00","3.00","143.68","34.77"
"1710","955","20251016","1658","186","Returned","1","423.31","240.26","423.31","240.26","183.05","5.00","0.00","418.31","178.05"
"1711","955","20251016","1658","231","Returned","1","111.88","80.39","111.88","80.39","31.49","5.00","0.00","106.88","26.49"
"1712","955","20251016","1658","205","Returned","2","77.40","52.92","154.80","105.84","48.96","5.00","0.00","149.80","43.96"
"1713","956","20260821","1989","210","Returned","1","116.09","88.40","116.09","88.40","27.69","0.00","3.33","116.09","27.69"
"1714","956","20260821","1989","214","Returned","1","443.92","253.54","443.92","253.54","190.38","0.00","3.33","443.92","190.38"
"1715","956","20260821","1989","195","Returned","2","249.99","156.58","499.98","313.16","186.82","0.00","3.33","499.98","186.82"
"1716","957","20260303","1519","185","Returned","1","121.63","79.08","121.63","79.08","42.55","0.00","9.99","121.63","42.55"
"1717","958","20260703","1661","208","Completed","1","270.85","183.28","270.85","183.28","87.57","15.00","9.99","255.85","72.57"
"1718","959","20260919","1952","200","Completed","1","212.44","119.33","212.44","119.33","93.11","5.00","5.00","207.44","88.11"
"1719","959","20260919","1952","210","Completed","1","116.09","88.40","116.09","88.40","27.69","5.00","5.00","111.09","22.69"
"1720","960","20250429","1590","195","Completed","2","249.99","156.58","499.98","313.16","186.82","10.00","0.00","489.98","176.82"
"1721","961","20260922","1972","192","Completed","1","170.10","125.07","170.10","125.07","45.03","0.00","3.00","170.10","45.03"
"1722","961","20260922","1972","195","Completed","1","249.99","156.58","249.99","156.58","93.41","0.00","3.00","249.99","93.41"
"1723","962","20260605","1623","209","Completed","3","157.08","117.89","471.24","353.67","117.57","10.00","5.99","461.24","107.57"
"1724","963","20260620","1934","181","Completed","2","101.22","64.39","202.44","128.78","73.66","0.00","5.00","202.44","73.66"
"1725","963","20260620","1934","190","Completed","1","100.47","76.85","100.47","76.85","23.62","0.00","5.00","100.47","23.62"
"1726","964","20251214","1938","216","Returned","1","315.71","189.79","315.71","189.79","125.92","1.67","2.00","314.04","124.25"
"1727","964","20251214","1938","182","Returned","1","336.54","258.11","336.54","258.11","78.43","1.67","2.00","334.87","76.76"
"1728","964","20251214","1938","238","Returned","1","192.21","117.17","192.21","117.17","75.04","1.67","2.00","190.54","73.37"
"1729","965","20260408","1816","181","Completed","1","101.22","64.39","101.22","64.39","36.83","0.00","5.00","101.22","36.83"
"1730","965","20260408","1816","210","Completed","1","116.09","88.40","116.09","88.40","27.69","0.00","5.00","116.09","27.69"
"1731","966","20260831","1772","201","Returned","1","183.21","138.22","183.21","138.22","44.99","15.00","9.99","168.21","29.99"
"1732","967","20260617","1606","225","Completed","1","98.36","65.70","98.36","65.70","32.66","15.00","5.99","83.36","17.66"
"1733","968","20260901","1872","237","Cancelled","2","155.89","96.42","311.78","192.84","118.94","0.00","9.99","311.78","118.94"
"1734","969","20260628","1819","213","Returned","1","148.42","96.71","148.42","96.71","51.71","0.00","3.33","148.42","51.71"
"1735","969","20260628","1819","240","Returned","2","51.43","38.16","102.86","76.32","26.54","0.00","3.33","102.86","26.54"
"1736","969","20260628","1819","235","Returned","1","40.99","23.15","40.99","23.15","17.84","0.00","3.33","40.99","17.84"
"1737","970","20260123","1655","197","Completed","3","49.20","27.84","147.60","83.52","64.08","0.00","3.00","147.60","64.08"
"1738","970","20260123","1655","195","Completed","3","249.99","156.58","749.97","469.74","280.23","0.00","3.00","749.97","280.23"
"1739","971","20260506","1575","181","Cancelled","1","101.22","64.39","101.22","64.39","36.83","15.00","9.99","86.22","21.83"
"1740","972","20260618","1690","231","Completed","1","111.88","80.39","111.88","80.39","31.49","0.00","5.99","111.88","31.49"
"1741","973","20260530","1570","193","Cancelled","1","232.94","146.33","232.94","146.33","86.61","0.00","5.99","232.94","86.61"
"1742","974","20260309","1677","235","Completed","1","40.99","23.15","40.99","23.15","17.84","5.00","2.00","35.99","12.84"
"1743","974","20260309","1677","185","Completed","1","121.63","79.08","121.63","79.08","42.55","5.00","2.00","116.63","37.55"
"1744","974","20260309","1677","204","Completed","1","186.71","108.43","186.71","108.43","78.28","5.00","2.00","181.71","73.28"
"1745","975","20250811","1787","186","Completed","1","423.31","240.26","423.31","240.26","183.05","10.00","5.99","413.31","173.05"
"1746","976","20260509","1987","190","Returned","1","100.47","76.85","100.47","76.85","23.62","15.00","5.99","85.47","8.62"
"1747","977","20260912","1791","231","Cancelled","2","111.88","80.39","223.76","160.78","62.98","5.00","5.99","218.76","57.98"
"1748","978","20260328","1609","196","Completed","1","65.17","42.83","65.17","42.83","22.34","1.67","3.33","63.50","20.67"
"1749","978","20260328","1609","186","Completed","1","423.31","240.26","423.31","240.26","183.05","1.67","3.33","421.64","181.38"
"1750","978","20260328","1609","238","Completed","1","192.21","117.17","192.21","117.17","75.04","1.67","3.33","190.54","73.37"
"1751","979","20250825","1758","212","Returned","1","97.33","68.97","97.33","68.97","28.36","5.00","0.00","92.33","23.36"
"1752","979","20250825","1758","181","Returned","1","101.22","64.39","101.22","64.39","36.83","5.00","0.00","96.22","31.83"
"1753","980","20251113","1722","201","Completed","1","183.21","138.22","183.21","138.22","44.99","5.00","3.00","178.21","39.99"
"1754","980","20251113","1722","208","Completed","1","270.85","183.28","270.85","183.28","87.57","5.00","3.00","265.85","82.57"
"1755","981","20251228","1909","230","Cancelled","1","94.90","67.25","94.90","67.25","27.65","15.00","9.99","79.90","12.65"
"1756","982","20250614","1852","191","Completed","1","45.75","27.33","45.75","27.33","18.42","0.00","0.00","45.75","18.42"
"1757","983","20250607","1657","235","Cancelled","1","40.99","23.15","40.99","23.15","17.84","0.00","9.99","40.99","17.84"
"1758","984","20260320","1861","187","Completed","1","90.39","64.58","90.39","64.58","25.81","10.00","5.99","80.39","15.81"
"1759","985","20260917","1560","209","Completed","2","157.08","117.89","314.16","235.78","78.38","0.00","5.99","314.16","78.38"
"1760","986","20260520","1645","215","Completed","1","45.82","32.17","45.82","32.17","13.65","15.00","0.00","30.82","-1.35"
"1761","987","20251217","1862","237","Completed","3","155.89","96.42","467.67","289.26","178.41","0.00","1.50","467.67","178.41"
"1762","987","20251217","1862","203","Completed","2","55.41","37.95","110.82","75.90","34.92","0.00","1.50","110.82","34.92"
"1763","987","20251217","1862","197","Completed","1","49.20","27.84","49.20","27.84","21.36","0.00","1.50","49.20","21.36"
"1764","987","20251217","1862","208","Completed","2","270.85","183.28","541.70","366.56","175.14","0.00","1.50","541.70","175.14"
"1765","988","20260211","1641","235","Completed","1","40.99","23.15","40.99","23.15","17.84","0.00","0.00","40.99","17.84"
"1766","989","20260129","1786","183","Completed","2","60.67","34.80","121.34","69.60","51.74","0.00","0.00","121.34","51.74"
"1767","990","20251228","1522","231","Completed","1","111.88","80.39","111.88","80.39","31.49","2.50","5.00","109.38","28.99"
"1768","990","20251228","1522","205","Completed","1","77.40","52.92","77.40","52.92","24.48","2.50","5.00","74.90","21.98"
"1769","991","20260829","1869","190","Returned","2","100.47","76.85","200.94","153.70","47.24","0.00","0.00","200.94","47.24"
"1770","992","20260723","1567","183","Completed","1","60.67","34.80","60.67","34.80","25.87","0.00","5.99","60.67","25.87"
"1771","993","20260131","1532","211","Returned","1","412.95","299.35","412.95","299.35","113.60","2.50","0.00","410.45","111.10"
"1772","993","20260131","1532","237","Returned","2","155.89","96.42","311.78","192.84","118.94","2.50","0.00","309.28","116.44"
"1773","994","20250601","1654","181","Returned","2","101.22","64.39","202.44","128.78","73.66","5.00","3.00","197.44","68.66"
"1774","994","20250601","1654","205","Returned","1","77.40","52.92","77.40","52.92","24.48","5.00","3.00","72.40","19.48"
"1775","995","20260731","1804","230","Completed","1","94.90","67.25","94.90","67.25","27.65","15.00","5.99","79.90","12.65"
"1776","996","20260622","1550","211","Cancelled","1","412.95","299.35","412.95","299.35","113.60","10.00","0.00","402.95","103.60"
"1777","997","20260112","1630","230","Completed","1","94.90","67.25","94.90","67.25","27.65","0.00","9.99","94.90","27.65"
"1778","998","20260317","1933","186","Cancelled","2","423.31","240.26","846.62","480.52","366.10","1.67","0.00","844.95","364.43"
"1779","998","20260317","1933","220","Cancelled","1","97.88","74.33","97.88","74.33","23.55","1.67","0.00","96.21","21.88"
"1780","998","20260317","1933","228","Cancelled","1","68.08","45.01","68.08","45.01","23.07","1.67","0.00","66.41","21.40"
"1781","999","20260326","1759","234","Completed","1","172.64","112.28","172.64","112.28","60.36","7.50","0.00","165.14","52.86"
"1782","999","20260326","1759","185","Completed","1","121.63","79.08","121.63","79.08","42.55","7.50","0.00","114.13","35.05"
"1783","1000","20260209","1750","231","Completed","1","111.88","80.39","111.88","80.39","31.49","5.00","3.33","106.88","26.49"
"1784","1000","20260209","1750","218","Completed","1","195.26","111.40","195.26","111.40","83.86","5.00","3.33","190.26","78.86"
"1785","1000","20260209","1750","204","Completed","1","186.71","108.43","186.71","108.43","78.28","5.00","3.33","181.71","73.28"
"1786","1001","20251123","1944","183","Completed","1","60.67","34.80","60.67","34.80","25.87","5.00","5.99","55.67","20.87"
"1787","1002","20250731","1726","215","Returned","1","45.82","32.17","45.82","32.17","13.65","5.00","9.99","40.82","8.65"
"1788","1003","20260802","1855","184","Completed","1","93.32","65.41","93.32","65.41","27.91","1.67","2.00","91.65","26.24"
"1789","1003","20260802","1855","203","Completed","1","55.41","37.95","55.41","37.95","17.46","1.67","2.00","53.74","15.79"
"1790","1003","20260802","1855","189","Completed","1","413.12","294.37","413.12","294.37","118.75","1.67","2.00","411.45","117.08"
"1791","1004","20250811","1955","222","Completed","1","100.07","70.05","100.07","70.05","30.02","0.00","9.99","100.07","30.02"
"1792","1005","20260722","1741","220","Completed","1","97.88","74.33","97.88","74.33","23.55","5.00","5.99","92.88","18.55"
"1793","1006","20260129","1680","206","Completed","1","140.62","81.04","140.62","81.04","59.58","1.67","3.33","138.95","57.91"
"1794","1006","20260129","1680","227","Completed","3","220.71","129.38","662.13","388.14","273.99","1.67","3.33","660.46","272.32"
"1795","1006","20260129","1680","199","Completed","2","154.93","112.90","309.86","225.80","84.06","1.67","3.33","308.19","82.39"
"1796","1007","20251006","1537","197","Completed","2","49.20","27.84","98.40","55.68","42.72","0.00","0.00","98.40","42.72"
"1797","1007","20251006","1537","187","Completed","1","90.39","64.58","90.39","64.58","25.81","0.00","0.00","90.39","25.81"
"1798","1007","20251006","1537","227","Completed","1","220.71","129.38","220.71","129.38","91.33","0.00","0.00","220.71","91.33"
"1799","1008","20260228","1737","211","Completed","1","412.95","299.35","412.95","299.35","113.60","5.00","5.99","407.95","108.60"
"1800","1009","20260128","1940","229","Returned","1","328.53","211.34","328.53","211.34","117.19","15.00","9.99","313.53","102.19"
"1801","1010","20251205","1553","224","Completed","1","44.39","27.23","44.39","27.23","17.16","5.00","5.99","39.39","12.16"
"1802","1011","20251011","1745","181","Completed","1","101.22","64.39","101.22","64.39","36.83","0.00","9.99","101.22","36.83"
"1803","1012","20260529","1629","191","Completed","1","45.75","27.33","45.75","27.33","18.42","1.67","3.33","44.08","16.75"
"1804","1012","20260529","1629","206","Completed","1","140.62","81.04","140.62","81.04","59.58","1.67","3.33","138.95","57.91"
"1805","1012","20260529","1629","229","Completed","1","328.53","211.34","328.53","211.34","117.19","1.67","3.33","326.86","115.52"
"1806","1013","20260920","1971","226","Completed","2","155.18","87.63","310.36","175.26","135.10","0.00","3.00","310.36","135.10"
"1807","1013","20260920","1971","201","Completed","1","183.21","138.22","183.21","138.22","44.99","0.00","3.00","183.21","44.99"
"1808","1014","20260905","1901","211","Completed","1","412.95","299.35","412.95","299.35","113.60","7.50","0.00","405.45","106.10"
"1809","1014","20260905","1901","225","Completed","2","98.36","65.70","196.72","131.40","65.32","7.50","0.00","189.22","57.82"
"1810","1015","20260527","1535","201","Completed","1","183.21","138.22","183.21","138.22","44.99","0.00","5.00","183.21","44.99"
"1811","1015","20260527","1535","181","Completed","3","101.22","64.39","303.66","193.17","110.49","0.00","5.00","303.66","110.49"
"1812","1016","20260823","1935","235","Completed","1","40.99","23.15","40.99","23.15","17.84","1.67","0.00","39.32","16.17"
"1813","1016","20260823","1935","238","Completed","2","192.21","117.17","384.42","234.34","150.08","1.67","0.00","382.75","148.41"
"1814","1016","20260823","1935","189","Completed","1","413.12","294.37","413.12","294.37","118.75","1.67","0.00","411.45","117.08"
"1815","1017","20260921","1529","234","Completed","1","172.64","112.28","172.64","112.28","60.36","0.00","9.99","172.64","60.36"
"1816","1018","20260808","1558","231","Returned","2","111.88","80.39","223.76","160.78","62.98","5.00","9.99","218.76","57.98"
"1817","1019","20260616","1541","182","Completed","2","336.54","258.11","673.08","516.22","156.86","5.00","0.00","668.08","151.86"
"1818","1019","20260616","1541","181","Completed","1","101.22","64.39","101.22","64.39","36.83","5.00","0.00","96.22","31.83"
"1819","1020","20260814","1705","185","Completed","1","121.63","79.08","121.63","79.08","42.55","0.00","3.00","121.63","42.55"
"1820","1020","20260814","1705","239","Completed","1","116.83","67.33","116.83","67.33","49.50","0.00","3.00","116.83","49.50"
"1821","1021","20260731","1808","198","Completed","1","71.76","49.35","71.76","49.35","22.41","0.00","0.00","71.76","22.41"
"1822","1021","20260731","1808","213","Completed","1","148.42","96.71","148.42","96.71","51.71","0.00","0.00","148.42","51.71"
"1823","1022","20251013","1862","230","Completed","1","94.90","67.25","94.90","67.25","27.65","10.00","9.99","84.90","17.65"
"1824","1023","20250829","1862","189","Completed","1","413.12","294.37","413.12","294.37","118.75","0.00","0.00","413.12","118.75"
"1825","1023","20250829","1862","233","Completed","1","100.29","55.86","100.29","55.86","44.43","0.00","0.00","100.29","44.43"
"1826","1024","20251216","1523","205","Completed","1","77.40","52.92","77.40","52.92","24.48","10.00","5.99","67.40","14.48"
"1827","1025","20260813","1600","200","Completed","1","212.44","119.33","212.44","119.33","93.11","15.00","0.00","197.44","78.11"
"1828","1026","20260313","1592","225","Returned","1","98.36","65.70","98.36","65.70","32.66","0.00","0.00","98.36","32.66"
"1829","1027","20260515","1799","238","Completed","1","192.21","117.17","192.21","117.17","75.04","0.00","2.00","192.21","75.04"
"1830","1027","20260515","1799","210","Completed","2","116.09","88.40","232.18","176.80","55.38","0.00","2.00","232.18","55.38"
"1831","1027","20260515","1799","188","Completed","1","147.11","98.96","147.11","98.96","48.15","0.00","2.00","147.11","48.15"
"1832","1028","20260411","1969","204","Completed","2","186.71","108.43","373.42","216.86","156.56","1.67","2.00","371.75","154.89"
"1833","1028","20260411","1969","226","Completed","2","155.18","87.63","310.36","175.26","135.10","1.67","2.00","308.69","133.43"
"1834","1028","20260411","1969","212","Completed","1","97.33","68.97","97.33","68.97","28.36","1.67","2.00","95.66","26.69"
"1835","1029","20260414","1595","239","Completed","1","116.83","67.33","116.83","67.33","49.50","0.00","5.00","116.83","49.50"
"1836","1029","20260414","1595","193","Completed","1","232.94","146.33","232.94","146.33","86.61","0.00","5.00","232.94","86.61"
"1837","1030","20260908","1916","216","Completed","1","315.71","189.79","315.71","189.79","125.92","2.50","5.00","313.21","123.42"
"1838","1030","20260908","1916","199","Completed","1","154.93","112.90","154.93","112.90","42.03","2.50","5.00","152.43","39.53"
"1839","1031","20260915","1560","218","Returned","1","195.26","111.40","195.26","111.40","83.86","10.00","0.00","185.26","73.86"
"1840","1032","20250901","1932","220","Cancelled","1","97.88","74.33","97.88","74.33","23.55","0.00","0.00","97.88","23.55"
"1841","1033","20260909","1714","181","Returned","1","101.22","64.39","101.22","64.39","36.83","0.00","0.00","101.22","36.83"
"1842","1034","20251207","1651","193","Returned","1","232.94","146.33","232.94","146.33","86.61","15.00","5.99","217.94","71.61"
"1843","1035","20260920","1543","231","Completed","2","111.88","80.39","223.76","160.78","62.98","5.00","9.99","218.76","57.98"
"1844","1036","20250710","1648","215","Completed","1","45.82","32.17","45.82","32.17","13.65","10.00","9.99","35.82","3.65"
"1845","1037","20260116","1645","217","Completed","2","148.68","108.91","297.36","217.82","79.54","1.67","3.33","295.69","77.87"
"1846","1037","20260116","1645","237","Completed","3","155.89","96.42","467.67","289.26","178.41","1.67","3.33","466.00","176.74"
"1847","1037","20260116","1645","194","Completed","1","308.11","207.51","308.11","207.51","100.60","1.67","3.33","306.44","98.93"
"1848","1038","20260507","1924","229","Completed","1","328.53","211.34","328.53","211.34","117.19","5.00","5.00","323.53","112.19"
"1849","1038","20260507","1924","223","Completed","1","80.76","46.98","80.76","46.98","33.78","5.00","5.00","75.76","28.78"
"1850","1039","20260312","1671","215","Completed","1","45.82","32.17","45.82","32.17","13.65","3.33","2.00","42.49","10.32"
"1851","1039","20260312","1671","186","Completed","1","423.31","240.26","423.31","240.26","183.05","3.33","2.00","419.98","179.72"
"1852","1039","20260312","1671","202","Completed","1","148.28","83.26","148.28","83.26","65.02","3.33","2.00","144.95","61.69"
"1853","1040","20260410","1873","214","Returned","1","443.92","253.54","443.92","253.54","190.38","2.50","1.50","441.42","187.88"
"1854","1040","20260410","1873","199","Returned","1","154.93","112.90","154.93","112.90","42.03","2.50","1.50","152.43","39.53"
"1855","1040","20260410","1873","233","Returned","1","100.29","55.86","100.29","55.86","44.43","2.50","1.50","97.79","41.93"
"1856","1040","20260410","1873","182","Returned","1","336.54","258.11","336.54","258.11","78.43","2.50","1.50","334.04","75.93"
"1857","1041","20260627","1542","210","Cancelled","1","116.09","88.40","116.09","88.40","27.69","5.00","9.99","111.09","22.69"
"1858","1042","20260530","1531","231","Cancelled","2","111.88","80.39","223.76","160.78","62.98","0.00","3.33","223.76","62.98"
"1859","1042","20260530","1531","208","Cancelled","1","270.85","183.28","270.85","183.28","87.57","0.00","3.33","270.85","87.57"
"1860","1042","20260530","1531","236","Cancelled","1","335.82","190.06","335.82","190.06","145.76","0.00","3.33","335.82","145.76"
"1861","1043","20260524","1649","218","Completed","3","195.26","111.40","585.78","334.20","251.58","2.50","3.00","583.28","249.08"
"1862","1043","20260524","1649","226","Completed","3","155.18","87.63","465.54","262.89","202.65","2.50","3.00","463.04","200.15"
"1863","1044","20260424","1505","197","Completed","2","49.20","27.84","98.40","55.68","42.72","0.00","0.00","98.40","42.72"
"1864","1044","20260424","1505","186","Completed","2","423.31","240.26","846.62","480.52","366.10","0.00","0.00","846.62","366.10"
"1865","1045","20260619","1839","202","Completed","1","148.28","83.26","148.28","83.26","65.02","0.00","0.00","148.28","65.02"
"1866","1045","20260619","1839","212","Completed","1","97.33","68.97","97.33","68.97","28.36","0.00","0.00","97.33","28.36"
"1867","1045","20260619","1839","199","Completed","3","154.93","112.90","464.79","338.70","126.09","0.00","0.00","464.79","126.09"
"1868","1045","20260619","1839","200","Completed","1","212.44","119.33","212.44","119.33","93.11","0.00","0.00","212.44","93.11"
"1869","1046","20260920","1942","212","Returned","1","97.33","68.97","97.33","68.97","28.36","0.00","9.99","97.33","28.36"
"1870","1047","20260910","1664","186","Completed","1","423.31","240.26","423.31","240.26","183.05","0.00","9.99","423.31","183.05"
"1871","1048","20260628","1833","213","Completed","2","148.42","96.71","296.84","193.42","103.42","0.00","5.99","296.84","103.42"
"1872","1049","20260730","1517","187","Cancelled","1","90.39","64.58","90.39","64.58","25.81","7.50","0.00","82.89","18.31"
"1873","1049","20260730","1517","225","Cancelled","2","98.36","65.70","196.72","131.40","65.32","7.50","0.00","189.22","57.82"
"1874","1050","20260731","1525","228","Completed","1","68.08","45.01","68.08","45.01","23.07","0.00","3.33","68.08","23.07"
"1875","1050","20260731","1525","232","Completed","1","292.00","192.97","292.00","192.97","99.03","0.00","3.33","292.00","99.03"
"1876","1050","20260731","1525","222","Completed","1","100.07","70.05","100.07","70.05","30.02","0.00","3.33","100.07","30.02"
"1877","1051","20251129","1668","213","Completed","1","148.42","96.71","148.42","96.71","51.71","0.00","2.00","148.42","51.71"
"1878","1051","20251129","1668","229","Completed","1","328.53","211.34","328.53","211.34","117.19","0.00","2.00","328.53","117.19"
"1879","1051","20251129","1668","202","Completed","1","148.28","83.26","148.28","83.26","65.02","0.00","2.00","148.28","65.02"
"1880","1052","20260103","1750","190","Completed","1","100.47","76.85","100.47","76.85","23.62","10.00","5.99","90.47","13.62"
"1881","1053","20260803","1558","202","Cancelled","1","148.28","83.26","148.28","83.26","65.02","5.00","5.99","143.28","60.02"
"1882","1054","20251107","1545","240","Returned","2","51.43","38.16","102.86","76.32","26.54","2.50","0.00","100.36","24.04"
"1883","1054","20251107","1545","183","Returned","2","60.67","34.80","121.34","69.60","51.74","2.50","0.00","118.84","49.24"
"1884","1055","20260120","1673","198","Completed","1","71.76","49.35","71.76","49.35","22.41","7.50","0.00","64.26","14.91"
"1885","1055","20260120","1673","234","Completed","1","172.64","112.28","172.64","112.28","60.36","7.50","0.00","165.14","52.86"
"1886","1056","20260225","1629","215","Returned","1","45.82","32.17","45.82","32.17","13.65","5.00","0.00","40.82","8.65"
"1887","1057","20260507","1695","228","Cancelled","1","68.08","45.01","68.08","45.01","23.07","7.50","3.00","60.58","15.57"
"1888","1057","20260507","1695","222","Cancelled","1","100.07","70.05","100.07","70.05","30.02","7.50","3.00","92.57","22.52"
"1889","1058","20250704","1861","186","Completed","1","423.31","240.26","423.31","240.26","183.05","0.00","3.00","423.31","183.05"
"1890","1058","20250704","1861","189","Completed","2","413.12","294.37","826.24","588.74","237.50","0.00","3.00","826.24","237.50"
"1891","1059","20260802","1677","236","Completed","1","335.82","190.06","335.82","190.06","145.76","5.00","5.99","330.82","140.76"
"1892","1060","20260618","1867","213","Cancelled","1","148.42","96.71","148.42","96.71","51.71","0.00","0.00","148.42","51.71"
"1893","1060","20260618","1867","206","Cancelled","1","140.62","81.04","140.62","81.04","59.58","0.00","0.00","140.62","59.58"
"1894","1061","20251229","1932","185","Completed","1","121.63","79.08","121.63","79.08","42.55","3.33","3.33","118.30","39.22"
"1895","1061","20251229","1932","227","Completed","1","220.71","129.38","220.71","129.38","91.33","3.33","3.33","217.38","88.00"
"1896","1061","20251229","1932","218","Completed","1","195.26","111.40","195.26","111.40","83.86","3.33","3.33","191.93","80.53"
"1897","1062","20250605","1501","212","Completed","1","97.33","68.97","97.33","68.97","28.36","5.00","2.00","92.33","23.36"
"1898","1062","20250605","1501","233","Completed","1","100.29","55.86","100.29","55.86","44.43","5.00","2.00","95.29","39.43"
"1899","1062","20250605","1501","239","Completed","1","116.83","67.33","116.83","67.33","49.50","5.00","2.00","111.83","44.50"
"1900","1063","20260331","1838","200","Cancelled","1","212.44","119.33","212.44","119.33","93.11","5.00","2.00","207.44","88.11"
"1901","1063","20260331","1838","226","Cancelled","3","155.18","87.63","465.54","262.89","202.65","5.00","2.00","460.54","197.65"
"1902","1063","20260331","1838","190","Cancelled","1","100.47","76.85","100.47","76.85","23.62","5.00","2.00","95.47","18.62"
"1903","1064","20260610","1552","186","Cancelled","1","423.31","240.26","423.31","240.26","183.05","0.00","3.33","423.31","183.05"
"1904","1064","20260610","1552","185","Cancelled","1","121.63","79.08","121.63","79.08","42.55","0.00","3.33","121.63","42.55"
"1905","1064","20260610","1552","240","Cancelled","1","51.43","38.16","51.43","38.16","13.27","0.00","3.33","51.43","13.27"
"1906","1065","20260918","1850","184","Completed","1","93.32","65.41","93.32","65.41","27.91","5.00","0.00","88.32","22.91"
"1907","1066","20251005","1947","182","Returned","2","336.54","258.11","673.08","516.22","156.86","0.00","0.00","673.08","156.86"
"1908","1066","20251005","1947","227","Returned","3","220.71","129.38","662.13","388.14","273.99","0.00","0.00","662.13","273.99"
"1909","1066","20251005","1947","218","Returned","1","195.26","111.40","195.26","111.40","83.86","0.00","0.00","195.26","83.86"
"1910","1067","20251118","1661","190","Completed","1","100.47","76.85","100.47","76.85","23.62","0.00","5.99","100.47","23.62"
"1911","1068","20260414","1763","213","Completed","2","148.42","96.71","296.84","193.42","103.42","0.00","2.00","296.84","103.42"
"1912","1068","20260414","1763","217","Completed","2","148.68","108.91","297.36","217.82","79.54","0.00","2.00","297.36","79.54"
"1913","1068","20260414","1763","222","Completed","3","100.07","70.05","300.21","210.15","90.06","0.00","2.00","300.21","90.06"
"1914","1069","20260512","1830","210","Completed","1","116.09","88.40","116.09","88.40","27.69","1.67","2.00","114.42","26.02"
"1915","1069","20260512","1830","234","Completed","1","172.64","112.28","172.64","112.28","60.36","1.67","2.00","170.97","58.69"
"1916","1069","20260512","1830","193","Completed","1","232.94","146.33","232.94","146.33","86.61","1.67","2.00","231.27","84.94"
"1917","1070","20260520","1564","184","Completed","1","93.32","65.41","93.32","65.41","27.91","5.00","3.00","88.32","22.91"
"1918","1070","20260520","1564","197","Completed","1","49.20","27.84","49.20","27.84","21.36","5.00","3.00","44.20","16.36"
"1919","1071","20260815","1777","240","Completed","1","51.43","38.16","51.43","38.16","13.27","5.00","9.99","46.43","8.27"
"1920","1072","20260705","1540","217","Returned","2","148.68","108.91","297.36","217.82","79.54","0.00","3.00","297.36","79.54"
"1921","1072","20260705","1540","190","Returned","1","100.47","76.85","100.47","76.85","23.62","0.00","3.00","100.47","23.62"
"1922","1073","20260520","1768","210","Completed","1","116.09","88.40","116.09","88.40","27.69","15.00","9.99","101.09","12.69"
"1923","1074","20260304","1627","227","Returned","1","220.71","129.38","220.71","129.38","91.33","0.00","0.00","220.71","91.33"
"1924","1075","20260301","1748","192","Completed","1","170.10","125.07","170.10","125.07","45.03","2.50","0.00","167.60","42.53"
"1925","1075","20260301","1748","230","Completed","1","94.90","67.25","94.90","67.25","27.65","2.50","0.00","92.40","25.15"
"1926","1076","20260921","1985","228","Completed","1","68.08","45.01","68.08","45.01","23.07","5.00","5.00","63.08","18.07"
"1927","1076","20260921","1985","188","Completed","1","147.11","98.96","147.11","98.96","48.15","5.00","5.00","142.11","43.15"
"1928","1077","20250610","1658","207","Completed","1","440.02","275.08","440.02","275.08","164.94","10.00","9.99","430.02","154.94"
"1929","1078","20260915","1854","187","Completed","1","90.39","64.58","90.39","64.58","25.81","0.00","2.00","90.39","25.81"
"1930","1078","20260915","1854","240","Completed","1","51.43","38.16","51.43","38.16","13.27","0.00","2.00","51.43","13.27"
"1931","1078","20260915","1854","203","Completed","1","55.41","37.95","55.41","37.95","17.46","0.00","2.00","55.41","17.46"
"1932","1079","20260519","1582","194","Completed","1","308.11","207.51","308.11","207.51","100.60","10.00","9.99","298.11","90.60"
"1933","1080","20260807","1712","224","Completed","1","44.39","27.23","44.39","27.23","17.16","1.67","3.33","42.72","15.49"
"1934","1080","20260807","1712","200","Completed","1","212.44","119.33","212.44","119.33","93.11","1.67","3.33","210.77","91.44"
"1935","1080","20260807","1712","234","Completed","2","172.64","112.28","345.28","224.56","120.72","1.67","3.33","343.61","119.05"
"1936","1081","20260121","1840","228","Completed","1","68.08","45.01","68.08","45.01","23.07","10.00","9.99","58.08","13.07"
"1937","1082","20260316","1588","207","Completed","1","440.02","275.08","440.02","275.08","164.94","0.00","0.00","440.02","164.94"
"1938","1082","20260316","1588","191","Completed","1","45.75","27.33","45.75","27.33","18.42","0.00","0.00","45.75","18.42"
"1939","1083","20260829","1596","215","Completed","1","45.82","32.17","45.82","32.17","13.65","0.00","5.99","45.82","13.65"
"1940","1084","20260907","1860","186","Completed","1","423.31","240.26","423.31","240.26","183.05","5.00","0.00","418.31","178.05"
"1941","1084","20260907","1860","213","Completed","2","148.42","96.71","296.84","193.42","103.42","5.00","0.00","291.84","98.42"
"1942","1085","20260806","1707","191","Returned","1","45.75","27.33","45.75","27.33","18.42","5.00","5.00","40.75","13.42"
"1943","1085","20260806","1707","226","Returned","1","155.18","87.63","155.18","87.63","67.55","5.00","5.00","150.18","62.55"
"1944","1086","20260515","1574","232","Completed","1","292.00","192.97","292.00","192.97","99.03","15.00","0.00","277.00","84.03"
"1945","1087","20260729","1570","203","Returned","1","55.41","37.95","55.41","37.95","17.46","10.00","5.99","45.41","7.46"
"1946","1088","20251126","1638","225","Completed","2","98.36","65.70","196.72","131.40","65.32","0.00","2.00","196.72","65.32"
"1947","1088","20251126","1638","232","Completed","2","292.00","192.97","584.00","385.94","198.06","0.00","2.00","584.00","198.06"
"1948","1088","20251126","1638","199","Completed","1","154.93","112.90","154.93","112.90","42.03","0.00","2.00","154.93","42.03"
"1949","1089","20260203","1795","235","Completed","1","40.99","23.15","40.99","23.15","17.84","7.50","3.00","33.49","10.34"
"1950","1089","20260203","1795","183","Completed","1","60.67","34.80","60.67","34.80","25.87","7.50","3.00","53.17","18.37"
"1951","1090","20260601","1787","199","Returned","1","154.93","112.90","154.93","112.90","42.03","0.00","0.00","154.93","42.03"
"1952","1090","20260601","1787","213","Returned","1","148.42","96.71","148.42","96.71","51.71","0.00","0.00","148.42","51.71"
"1953","1091","20260616","1566","209","Returned","1","157.08","117.89","157.08","117.89","39.19","2.50","3.00","154.58","36.69"
"1954","1091","20260616","1566","183","Returned","2","60.67","34.80","121.34","69.60","51.74","2.50","3.00","118.84","49.24"
"1955","1092","20250725","1845","188","Completed","1","147.11","98.96","147.11","98.96","48.15","7.50","3.00","139.61","40.65"
"1956","1092","20250725","1845","192","Completed","1","170.10","125.07","170.10","125.07","45.03","7.50","3.00","162.60","37.53"
"1957","1093","20260411","1749","204","Completed","1","186.71","108.43","186.71","108.43","78.28","0.00","0.00","186.71","78.28"
"1958","1094","20260608","1609","234","Completed","1","172.64","112.28","172.64","112.28","60.36","0.00","5.00","172.64","60.36"
"1959","1094","20260608","1609","196","Completed","1","65.17","42.83","65.17","42.83","22.34","0.00","5.00","65.17","22.34"
"1960","1095","20260228","1922","205","Returned","2","77.40","52.92","154.80","105.84","48.96","5.00","2.00","149.80","43.96"
"1961","1095","20260228","1922","209","Returned","1","157.08","117.89","157.08","117.89","39.19","5.00","2.00","152.08","34.19"
"1962","1095","20260228","1922","233","Returned","1","100.29","55.86","100.29","55.86","44.43","5.00","2.00","95.29","39.43"
"1963","1096","20260912","1712","232","Returned","3","292.00","192.97","876.00","578.91","297.09","2.50","0.00","873.50","294.59"
"1964","1096","20260912","1712","218","Returned","1","195.26","111.40","195.26","111.40","83.86","2.50","0.00","192.76","81.36"
"1965","1097","20260901","1911","235","Cancelled","2","40.99","23.15","81.98","46.30","35.68","0.00","2.00","81.98","35.68"
"1966","1097","20260901","1911","214","Cancelled","1","443.92","253.54","443.92","253.54","190.38","0.00","2.00","443.92","190.38"
"1967","1097","20260901","1911","187","Cancelled","1","90.39","64.58","90.39","64.58","25.81","0.00","2.00","90.39","25.81"
"1968","1098","20260511","1865","186","Completed","2","423.31","240.26","846.62","480.52","366.10","0.00","5.99","846.62","366.10"
"1969","1099","20260419","1634","223","Completed","1","80.76","46.98","80.76","46.98","33.78","15.00","5.99","65.76","18.78"
"1970","1100","20251118","1666","214","Cancelled","3","443.92","253.54","1331.76","760.62","571.14","1.67","3.33","1330.09","569.47"
"1971","1100","20251118","1666","208","Cancelled","2","270.85","183.28","541.70","366.56","175.14","1.67","3.33","540.03","173.47"
"1972","1100","20251118","1666","236","Cancelled","1","335.82","190.06","335.82","190.06","145.76","1.67","3.33","334.15","144.09"
"1973","1101","20260713","1732","239","Completed","2","116.83","67.33","233.66","134.66","99.00","2.50","0.00","231.16","96.50"
"1974","1101","20260713","1732","200","Completed","1","212.44","119.33","212.44","119.33","93.11","2.50","0.00","209.94","90.61"
"1975","1101","20260713","1732","181","Completed","1","101.22","64.39","101.22","64.39","36.83","2.50","0.00","98.72","34.33"
"1976","1101","20260713","1732","230","Completed","1","94.90","67.25","94.90","67.25","27.65","2.50","0.00","92.40","25.15"
"1977","1102","20260630","1933","236","Cancelled","1","335.82","190.06","335.82","190.06","145.76","0.00","0.00","335.82","145.76"
"1978","1102","20260630","1933","209","Cancelled","2","157.08","117.89","314.16","235.78","78.38","0.00","0.00","314.16","78.38"
"1979","1103","20260814","1673","229","Completed","2","328.53","211.34","657.06","422.68","234.38","10.00","0.00","647.06","224.38"
"1980","1104","20260115","1981","188","Completed","1","147.11","98.96","147.11","98.96","48.15","7.50","5.00","139.61","40.65"
"1981","1104","20260115","1981","226","Completed","1","155.18","87.63","155.18","87.63","67.55","7.50","5.00","147.68","60.05"
"1982","1105","20260917","1779","238","Completed","1","192.21","117.17","192.21","117.17","75.04","0.00","0.00","192.21","75.04"
"1983","1106","20260911","1512","185","Returned","1","121.63","79.08","121.63","79.08","42.55","0.00","5.99","121.63","42.55"
"1984","1107","20260710","1903","203","Returned","1","55.41","37.95","55.41","37.95","17.46","0.00","3.00","55.41","17.46"
"1985","1107","20260710","1903","199","Returned","2","154.93","112.90","309.86","225.80","84.06","0.00","3.00","309.86","84.06"
"1986","1108","20260526","1667","212","Cancelled","1","97.33","68.97","97.33","68.97","28.36","15.00","9.99","82.33","13.36"
"1987","1109","20260414","1525","226","Cancelled","1","155.18","87.63","155.18","87.63","67.55","0.00","1.50","155.18","67.55"
"1988","1109","20260414","1525","188","Cancelled","2","147.11","98.96","294.22","197.92","96.30","0.00","1.50","294.22","96.30"
"1989","1109","20260414","1525","223","Cancelled","1","80.76","46.98","80.76","46.98","33.78","0.00","1.50","80.76","33.78"
"1990","1109","20260414","1525","208","Cancelled","2","270.85","183.28","541.70","366.56","175.14","0.00","1.50","541.70","175.14"
"1991","1110","20260429","1663","226","Returned","1","155.18","87.63","155.18","87.63","67.55","0.00","0.00","155.18","67.55"
"1992","1110","20260429","1663","190","Returned","3","100.47","76.85","301.41","230.55","70.86","0.00","0.00","301.41","70.86"
"1993","1110","20260429","1663","219","Returned","1","272.42","159.43","272.42","159.43","112.99","0.00","0.00","272.42","112.99"
"1994","1110","20260429","1663","186","Returned","1","423.31","240.26","423.31","240.26","183.05","0.00","0.00","423.31","183.05"
"1995","1111","20260604","1988","211","Completed","2","412.95","299.35","825.90","598.70","227.20","7.50","5.00","818.40","219.70"
"1996","1111","20260604","1988","209","Completed","3","157.08","117.89","471.24","353.67","117.57","7.50","5.00","463.74","110.07"
"1997","1112","20260106","1836","235","Completed","2","40.99","23.15","81.98","46.30","35.68","5.00","3.33","76.98","30.68"
"1998","1112","20260106","1836","205","Completed","1","77.40","52.92","77.40","52.92","24.48","5.00","3.33","72.40","19.48"
"1999","1112","20260106","1836","200","Completed","1","212.44","119.33","212.44","119.33","93.11","5.00","3.33","207.44","88.11"
"2000","1113","20260917","1956","185","Completed","1","121.63","79.08","121.63","79.08","42.55","10.00","5.99","111.63","32.55"
"2001","1114","20260820","1646","221","Completed","1","211.10","133.66","211.10","133.66","77.44","5.00","9.99","206.10","72.44"
"2002","1115","20260903","1769","232","Completed","1","292.00","192.97","292.00","192.97","99.03","0.00","3.00","292.00","99.03"
"2003","1115","20260903","1769","206","Completed","1","140.62","81.04","140.62","81.04","59.58","0.00","3.00","140.62","59.58"
"2004","1116","20251026","1617","217","Completed","1","148.68","108.91","148.68","108.91","39.77","7.50","0.00","141.18","32.27"
"2005","1116","20251026","1617","221","Completed","1","211.10","133.66","211.10","133.66","77.44","7.50","0.00","203.60","69.94"
"2006","1117","20250719","1568","236","Completed","1","335.82","190.06","335.82","190.06","145.76","0.00","0.00","335.82","145.76"
"2007","1117","20250719","1568","224","Completed","1","44.39","27.23","44.39","27.23","17.16","0.00","0.00","44.39","17.16"
"2008","1118","20251028","1748","227","Completed","2","220.71","129.38","441.42","258.76","182.66","0.00","5.00","441.42","182.66"
"2009","1118","20251028","1748","225","Completed","1","98.36","65.70","98.36","65.70","32.66","0.00","5.00","98.36","32.66"
"2010","1119","20260614","1846","217","Cancelled","1","148.68","108.91","148.68","108.91","39.77","15.00","9.99","133.68","24.77"
"2011","1120","20260604","1770","230","Completed","1","94.90","67.25","94.90","67.25","27.65","0.00","3.00","94.90","27.65"
"2012","1120","20260604","1770","229","Completed","2","328.53","211.34","657.06","422.68","234.38","0.00","3.00","657.06","234.38"
"2013","1121","20251116","1861","225","Completed","1","98.36","65.70","98.36","65.70","32.66","0.00","5.00","98.36","32.66"
"2014","1121","20251116","1861","235","Completed","1","40.99","23.15","40.99","23.15","17.84","0.00","5.00","40.99","17.84"
"2015","1122","20260524","1512","184","Cancelled","2","93.32","65.41","186.64","130.82","55.82","0.00","2.00","186.64","55.82"
"2016","1122","20260524","1512","235","Cancelled","1","40.99","23.15","40.99","23.15","17.84","0.00","2.00","40.99","17.84"
"2017","1122","20260524","1512","202","Cancelled","1","148.28","83.26","148.28","83.26","65.02","0.00","2.00","148.28","65.02"
"2018","1123","20251025","1692","233","Cancelled","1","100.29","55.86","100.29","55.86","44.43","10.00","0.00","90.29","34.43"
"2019","1124","20260627","1717","182","Cancelled","2","336.54","258.11","673.08","516.22","156.86","2.50","3.00","670.58","154.36"
"2020","1124","20260627","1717","204","Cancelled","1","186.71","108.43","186.71","108.43","78.28","2.50","3.00","184.21","75.78"
"2021","1125","20260920","1684","184","Completed","1","93.32","65.41","93.32","65.41","27.91","0.00","5.99","93.32","27.91"
"2022","1126","20260405","1801","224","Completed","1","44.39","27.23","44.39","27.23","17.16","0.00","0.00","44.39","17.16"
"2023","1127","20260105","1695","195","Cancelled","1","249.99","156.58","249.99","156.58","93.41","0.00","3.00","249.99","93.41"
"2024","1127","20260105","1695","226","Cancelled","1","155.18","87.63","155.18","87.63","67.55","0.00","3.00","155.18","67.55"
"2025","1128","20251222","1964","212","Completed","1","97.33","68.97","97.33","68.97","28.36","5.00","0.00","92.33","23.36"
"2026","1128","20251222","1964","237","Completed","1","155.89","96.42","155.89","96.42","59.47","5.00","0.00","150.89","54.47"
"2027","1129","20260729","1688","216","Completed","1","315.71","189.79","315.71","189.79","125.92","0.00","0.00","315.71","125.92"
"2028","1130","20260504","1791","196","Cancelled","2","65.17","42.83","130.34","85.66","44.68","0.00","0.00","130.34","44.68"
"2029","1130","20260504","1791","203","Cancelled","2","55.41","37.95","110.82","75.90","34.92","0.00","0.00","110.82","34.92"
"2030","1130","20260504","1791","210","Cancelled","3","116.09","88.40","348.27","265.20","83.07","0.00","0.00","348.27","83.07"
"2031","1130","20260504","1791","226","Cancelled","1","155.18","87.63","155.18","87.63","67.55","0.00","0.00","155.18","67.55"
"2032","1131","20260619","1576","195","Completed","1","249.99","156.58","249.99","156.58","93.41","0.00","3.33","249.99","93.41"
"2033","1131","20260619","1576","209","Completed","1","157.08","117.89","157.08","117.89","39.19","0.00","3.33","157.08","39.19"
"2034","1131","20260619","1576","204","Completed","2","186.71","108.43","373.42","216.86","156.56","0.00","3.33","373.42","156.56"
"2035","1132","20260712","1571","223","Completed","1","80.76","46.98","80.76","46.98","33.78","10.00","5.99","70.76","23.78"
"2036","1133","20260313","1793","208","Completed","1","270.85","183.28","270.85","183.28","87.57","10.00","9.99","260.85","77.57"
"2037","1134","20260610","1895","223","Completed","1","80.76","46.98","80.76","46.98","33.78","0.00","0.00","80.76","33.78"
"2038","1134","20260610","1895","181","Completed","1","101.22","64.39","101.22","64.39","36.83","0.00","0.00","101.22","36.83"
"2039","1134","20260610","1895","183","Completed","1","60.67","34.80","60.67","34.80","25.87","0.00","0.00","60.67","25.87"
"2040","1134","20260610","1895","217","Completed","1","148.68","108.91","148.68","108.91","39.77","0.00","0.00","148.68","39.77"
"2041","1135","20250531","1627","225","Completed","1","98.36","65.70","98.36","65.70","32.66","5.00","9.99","93.36","27.66"
"2042","1136","20260825","1842","223","Completed","3","80.76","46.98","242.28","140.94","101.34","0.00","0.00","242.28","101.34"
"2043","1137","20260610","1698","190","Completed","1","100.47","76.85","100.47","76.85","23.62","0.00","0.00","100.47","23.62"
"2044","1137","20260610","1698","198","Completed","2","71.76","49.35","143.52","98.70","44.82","0.00","0.00","143.52","44.82"
"2045","1138","20260308","1985","233","Completed","2","100.29","55.86","200.58","111.72","88.86","5.00","3.33","195.58","83.86"
"2046","1138","20260308","1985","187","Completed","3","90.39","64.58","271.17","193.74","77.43","5.00","3.33","266.17","72.43"
"2047","1138","20260308","1985","200","Completed","1","212.44","119.33","212.44","119.33","93.11","5.00","3.33","207.44","88.11"
"2048","1139","20260128","1701","192","Completed","1","170.10","125.07","170.10","125.07","45.03","2.50","5.00","167.60","42.53"
"2049","1139","20260128","1701","187","Completed","2","90.39","64.58","180.78","129.16","51.62","2.50","5.00","178.28","49.12"
"2050","1140","20250912","1896","207","Completed","1","440.02","275.08","440.02","275.08","164.94","0.00","0.00","440.02","164.94"
"2051","1140","20250912","1896","239","Completed","1","116.83","67.33","116.83","67.33","49.50","0.00","0.00","116.83","49.50"
"2052","1141","20251104","1614","208","Returned","1","270.85","183.28","270.85","183.28","87.57","0.00","5.00","270.85","87.57"
"2053","1141","20251104","1614","194","Returned","1","308.11","207.51","308.11","207.51","100.60","0.00","5.00","308.11","100.60"
"2054","1142","20260303","1506","216","Completed","1","315.71","189.79","315.71","189.79","125.92","0.00","2.00","315.71","125.92"
"2055","1142","20260303","1506","192","Completed","2","170.10","125.07","340.20","250.14","90.06","0.00","2.00","340.20","90.06"
"2056","1142","20260303","1506","208","Completed","1","270.85","183.28","270.85","183.28","87.57","0.00","2.00","270.85","87.57"
"2057","1143","20260728","1974","226","Completed","1","155.18","87.63","155.18","87.63","67.55","0.00","0.00","155.18","67.55"
"2058","1144","20260727","1796","217","Completed","1","148.68","108.91","148.68","108.91","39.77","0.00","3.33","148.68","39.77"
"2059","1144","20260727","1796","215","Completed","1","45.82","32.17","45.82","32.17","13.65","0.00","3.33","45.82","13.65"
"2060","1144","20260727","1796","200","Completed","1","212.44","119.33","212.44","119.33","93.11","0.00","3.33","212.44","93.11"
"2061","1145","20250618","1983","231","Completed","1","111.88","80.39","111.88","80.39","31.49","0.00","0.00","111.88","31.49"
"2062","1145","20250618","1983","219","Completed","1","272.42","159.43","272.42","159.43","112.99","0.00","0.00","272.42","112.99"
"2063","1146","20260912","1874","188","Returned","1","147.11","98.96","147.11","98.96","48.15","10.00","5.99","137.11","38.15"
"2064","1147","20260222","1622","202","Completed","1","148.28","83.26","148.28","83.26","65.02","7.50","3.00","140.78","57.52"
"2065","1147","20260222","1622","186","Completed","3","423.31","240.26","1269.93","720.78","549.15","7.50","3.00","1262.43","541.65"
"2066","1148","20260803","1583","198","Completed","1","71.76","49.35","71.76","49.35","22.41","10.00","5.99","61.76","12.41"
"2067","1149","20260712","1921","232","Completed","1","292.00","192.97","292.00","192.97","99.03","5.00","9.99","287.00","94.03"
"2068","1150","20260920","1529","235","Completed","1","40.99","23.15","40.99","23.15","17.84","0.00","0.00","40.99","17.84"
"2069","1151","20260613","1994","211","Completed","1","412.95","299.35","412.95","299.35","113.60","2.50","3.00","410.45","111.10"
"2070","1151","20260613","1994","230","Completed","2","94.90","67.25","189.80","134.50","55.30","2.50","3.00","187.30","52.80"
"2071","1152","20260903","1942","207","Cancelled","2","440.02","275.08","880.04","550.16","329.88","0.00","5.00","880.04","329.88"
"2072","1152","20260903","1942","238","Cancelled","3","192.21","117.17","576.63","351.51","225.12","0.00","5.00","576.63","225.12"
"2073","1153","20260815","1804","187","Completed","2","90.39","64.58","180.78","129.16","51.62","0.00","9.99","180.78","51.62"
"2074","1154","20251019","1771","208","Cancelled","1","270.85","183.28","270.85","183.28","87.57","5.00","5.00","265.85","82.57"
"2075","1154","20251019","1771","195","Cancelled","2","249.99","156.58","499.98","313.16","186.82","5.00","5.00","494.98","181.82"
"2076","1155","20250910","1828","223","Completed","1","80.76","46.98","80.76","46.98","33.78","15.00","5.99","65.76","18.78"
"2077","1156","20260621","1814","225","Completed","1","98.36","65.70","98.36","65.70","32.66","1.67","3.33","96.69","30.99"
"2078","1156","20260621","1814","219","Completed","1","272.42","159.43","272.42","159.43","112.99","1.67","3.33","270.75","111.32"
"2079","1156","20260621","1814","232","Completed","1","292.00","192.97","292.00","192.97","99.03","1.67","3.33","290.33","97.36"
"2080","1157","20260302","1551","183","Completed","1","60.67","34.80","60.67","34.80","25.87","0.00","0.00","60.67","25.87"
"2081","1157","20260302","1551","233","Completed","2","100.29","55.86","200.58","111.72","88.86","0.00","0.00","200.58","88.86"
"2082","1157","20260302","1551","220","Completed","1","97.88","74.33","97.88","74.33","23.55","0.00","0.00","97.88","23.55"
"2083","1158","20260313","1908","240","Completed","1","51.43","38.16","51.43","38.16","13.27","15.00","9.99","36.43","-1.73"
"2084","1159","20260731","1818","195","Completed","1","249.99","156.58","249.99","156.58","93.41","5.00","0.00","244.99","88.41"
"2085","1159","20260731","1818","232","Completed","3","292.00","192.97","876.00","578.91","297.09","5.00","0.00","871.00","292.09"
"2086","1160","20260603","1545","230","Completed","1","94.90","67.25","94.90","67.25","27.65","5.00","5.99","89.90","22.65"
"2087","1161","20260918","1767","238","Completed","1","192.21","117.17","192.21","117.17","75.04","15.00","5.99","177.21","60.04"
"2088","1162","20260810","1896","215","Completed","1","45.82","32.17","45.82","32.17","13.65","15.00","5.99","30.82","-1.35"
"2089","1163","20260311","1669","222","Completed","2","100.07","70.05","200.14","140.10","60.04","0.00","9.99","200.14","60.04"
"2090","1164","20251207","1823","191","Completed","1","45.75","27.33","45.75","27.33","18.42","5.00","9.99","40.75","13.42"
"2091","1165","20260827","1714","217","Completed","1","148.68","108.91","148.68","108.91","39.77","0.00","0.00","148.68","39.77"
"2092","1165","20260827","1714","218","Completed","1","195.26","111.40","195.26","111.40","83.86","0.00","0.00","195.26","83.86"
"2093","1166","20260502","1880","197","Cancelled","1","49.20","27.84","49.20","27.84","21.36","0.00","5.99","49.20","21.36"
"2094","1167","20251004","1511","202","Completed","1","148.28","83.26","148.28","83.26","65.02","2.50","0.00","145.78","62.52"
"2095","1167","20251004","1511","228","Completed","3","68.08","45.01","204.24","135.03","69.21","2.50","0.00","201.74","66.71"
"2096","1168","20260522","1984","216","Returned","2","315.71","189.79","631.42","379.58","251.84","0.00","3.00","631.42","251.84"
"2097","1168","20260522","1984","203","Returned","1","55.41","37.95","55.41","37.95","17.46","0.00","3.00","55.41","17.46"
"2098","1169","20260424","1876","237","Completed","2","155.89","96.42","311.78","192.84","118.94","5.00","0.00","306.78","113.94"
"2099","1169","20260424","1876","221","Completed","2","211.10","133.66","422.20","267.32","154.88","5.00","0.00","417.20","149.88"
"2100","1170","20260512","1506","186","Completed","2","423.31","240.26","846.62","480.52","366.10","10.00","0.00","836.62","356.10"
"2101","1171","20260722","1740","221","Returned","2","211.10","133.66","422.20","267.32","154.88","0.00","2.00","422.20","154.88"
"2102","1171","20260722","1740","194","Returned","1","308.11","207.51","308.11","207.51","100.60","0.00","2.00","308.11","100.60"
"2103","1171","20260722","1740","228","Returned","2","68.08","45.01","136.16","90.02","46.14","0.00","2.00","136.16","46.14"
"2104","1172","20260815","1584","182","Completed","1","336.54","258.11","336.54","258.11","78.43","0.00","0.00","336.54","78.43"
"2105","1172","20260815","1584","209","Completed","1","157.08","117.89","157.08","117.89","39.19","0.00","0.00","157.08","39.19"
"2106","1172","20260815","1584","192","Completed","1","170.10","125.07","170.10","125.07","45.03","0.00","0.00","170.10","45.03"
"2107","1172","20260815","1584","189","Completed","1","413.12","294.37","413.12","294.37","118.75","0.00","0.00","413.12","118.75"
"2108","1173","20260114","1776","183","Completed","1","60.67","34.80","60.67","34.80","25.87","0.00","0.00","60.67","25.87"
"2109","1174","20260403","1830","198","Completed","1","71.76","49.35","71.76","49.35","22.41","10.00","0.00","61.76","12.41"
"2110","1175","20260530","1717","227","Returned","2","220.71","129.38","441.42","258.76","182.66","0.00","9.99","441.42","182.66"
"2111","1176","20260331","1782","193","Completed","1","232.94","146.33","232.94","146.33","86.61","0.00","0.00","232.94","86.61"
"2112","1176","20260331","1782","198","Completed","1","71.76","49.35","71.76","49.35","22.41","0.00","0.00","71.76","22.41"
"2113","1177","20260910","1967","232","Completed","2","292.00","192.97","584.00","385.94","198.06","1.25","0.00","582.75","196.81"
"2114","1177","20260910","1967","195","Completed","1","249.99","156.58","249.99","156.58","93.41","1.25","0.00","248.74","92.16"
"2115","1177","20260910","1967","196","Completed","1","65.17","42.83","65.17","42.83","22.34","1.25","0.00","63.92","21.09"
"2116","1177","20260910","1967","233","Completed","1","100.29","55.86","100.29","55.86","44.43","1.25","0.00","99.04","43.18"
"2117","1178","20260729","1800","230","Completed","1","94.90","67.25","94.90","67.25","27.65","0.00","5.00","94.90","27.65"
"2118","1178","20260729","1800","232","Completed","2","292.00","192.97","584.00","385.94","198.06","0.00","5.00","584.00","198.06"
"2119","1179","20251024","1830","223","Completed","1","80.76","46.98","80.76","46.98","33.78","0.00","0.00","80.76","33.78"
"2120","1179","20251024","1830","203","Completed","2","55.41","37.95","110.82","75.90","34.92","0.00","0.00","110.82","34.92"
"2121","1179","20251024","1830","235","Completed","3","40.99","23.15","122.97","69.45","53.52","0.00","0.00","122.97","53.52"
"2122","1180","20260501","1693","193","Completed","1","232.94","146.33","232.94","146.33","86.61","2.50","5.00","230.44","84.11"
"2123","1180","20260501","1693","189","Completed","2","413.12","294.37","826.24","588.74","237.50","2.50","5.00","823.74","235.00"
"2124","1181","20251220","1601","219","Cancelled","2","272.42","159.43","544.84","318.86","225.98","1.25","0.00","543.59","224.73"
"2125","1181","20251220","1601","211","Cancelled","1","412.95","299.35","412.95","299.35","113.60","1.25","0.00","411.70","112.35"
"2126","1181","20251220","1601","238","Cancelled","1","192.21","117.17","192.21","117.17","75.04","1.25","0.00","190.96","73.79"
"2127","1181","20251220","1601","217","Cancelled","2","148.68","108.91","297.36","217.82","79.54","1.25","0.00","296.11","78.29"
"2128","1182","20260509","1869","196","Completed","1","65.17","42.83","65.17","42.83","22.34","10.00","0.00","55.17","12.34"
"2129","1183","20251107","1781","189","Completed","1","413.12","294.37","413.12","294.37","118.75","0.00","5.99","413.12","118.75"
"2130","1184","20260129","1555","228","Completed","1","68.08","45.01","68.08","45.01","23.07","15.00","0.00","53.08","8.07"
"2131","1185","20260801","1778","203","Completed","2","55.41","37.95","110.82","75.90","34.92","0.00","3.00","110.82","34.92"
"2132","1185","20260801","1778","235","Completed","3","40.99","23.15","122.97","69.45","53.52","0.00","3.00","122.97","53.52"
"2133","1186","20251229","1538","222","Completed","1","100.07","70.05","100.07","70.05","30.02","0.00","3.00","100.07","30.02"
"2134","1186","20251229","1538","205","Completed","1","77.40","52.92","77.40","52.92","24.48","0.00","3.00","77.40","24.48"
"2135","1187","20260811","1720","189","Completed","1","413.12","294.37","413.12","294.37","118.75","7.50","0.00","405.62","111.25"
"2136","1187","20260811","1720","184","Completed","1","93.32","65.41","93.32","65.41","27.91","7.50","0.00","85.82","20.41"
"2137","1188","20260730","1884","231","Returned","1","111.88","80.39","111.88","80.39","31.49","0.00","0.00","111.88","31.49"
"2138","1188","20260730","1884","186","Returned","1","423.31","240.26","423.31","240.26","183.05","0.00","0.00","423.31","183.05"
"2139","1188","20260730","1884","239","Returned","2","116.83","67.33","233.66","134.66","99.00","0.00","0.00","233.66","99.00"
"2140","1188","20260730","1884","235","Returned","1","40.99","23.15","40.99","23.15","17.84","0.00","0.00","40.99","17.84"
"2141","1189","20260827","1990","193","Completed","1","232.94","146.33","232.94","146.33","86.61","0.00","1.50","232.94","86.61"
"2142","1189","20260827","1990","240","Completed","1","51.43","38.16","51.43","38.16","13.27","0.00","1.50","51.43","13.27"
"2143","1189","20260827","1990","194","Completed","2","308.11","207.51","616.22","415.02","201.20","0.00","1.50","616.22","201.20"
"2144","1189","20260827","1990","237","Completed","2","155.89","96.42","311.78","192.84","118.94","0.00","1.50","311.78","118.94"
"2145","1190","20260430","1798","221","Returned","1","211.10","133.66","211.10","133.66","77.44","0.00","3.00","211.10","77.44"
"2146","1190","20260430","1798","223","Returned","1","80.76","46.98","80.76","46.98","33.78","0.00","3.00","80.76","33.78"
"2147","1191","20260911","1991","232","Completed","1","292.00","192.97","292.00","192.97","99.03","15.00","9.99","277.00","84.03"
"2148","1192","20250226","1617","231","Completed","1","111.88","80.39","111.88","80.39","31.49","0.00","5.99","111.88","31.49"
"2149","1193","20260510","1648","226","Completed","1","155.18","87.63","155.18","87.63","67.55","5.00","3.33","150.18","62.55"
"2150","1193","20260510","1648","227","Completed","1","220.71","129.38","220.71","129.38","91.33","5.00","3.33","215.71","86.33"
"2151","1193","20260510","1648","184","Completed","1","93.32","65.41","93.32","65.41","27.91","5.00","3.33","88.32","22.91"
"2152","1194","20250422","1568","185","Completed","1","121.63","79.08","121.63","79.08","42.55","7.50","5.00","114.13","35.05"
"2153","1194","20250422","1568","189","Completed","1","413.12","294.37","413.12","294.37","118.75","7.50","5.00","405.62","111.25"
"2154","1195","20260629","1589","225","Completed","1","98.36","65.70","98.36","65.70","32.66","0.00","1.50","98.36","32.66"
"2155","1195","20260629","1589","205","Completed","3","77.40","52.92","232.20","158.76","73.44","0.00","1.50","232.20","73.44"
"2156","1195","20260629","1589","228","Completed","1","68.08","45.01","68.08","45.01","23.07","0.00","1.50","68.08","23.07"
"2157","1195","20260629","1589","191","Completed","1","45.75","27.33","45.75","27.33","18.42","0.00","1.50","45.75","18.42"
"2158","1196","20260909","1901","185","Completed","1","121.63","79.08","121.63","79.08","42.55","0.00","9.99","121.63","42.55"
"2159","1197","20260606","1902","214","Completed","2","443.92","253.54","887.84","507.08","380.76","5.00","5.00","882.84","375.76"
"2160","1197","20260606","1902","198","Completed","1","71.76","49.35","71.76","49.35","22.41","5.00","5.00","66.76","17.41"
"2161","1198","20251207","1895","208","Completed","1","270.85","183.28","270.85","183.28","87.57","5.00","3.00","265.85","82.57"
"2162","1198","20251207","1895","213","Completed","1","148.42","96.71","148.42","96.71","51.71","5.00","3.00","143.42","46.71"
"2163","1199","20260710","1920","233","Completed","1","100.29","55.86","100.29","55.86","44.43","5.00","0.00","95.29","39.43"
"2164","1199","20260710","1920","228","Completed","1","68.08","45.01","68.08","45.01","23.07","5.00","0.00","63.08","18.07"
"2165","1199","20260710","1920","197","Completed","1","49.20","27.84","49.20","27.84","21.36","5.00","0.00","44.20","16.36"
"2166","1200","20251101","1544","232","Completed","1","292.00","192.97","292.00","192.97","99.03","2.50","0.00","289.50","96.53"
"2167","1200","20251101","1544","202","Completed","1","148.28","83.26","148.28","83.26","65.02","2.50","0.00","145.78","62.52"
"2168","1201","20260411","1873","208","Completed","2","270.85","183.28","541.70","366.56","175.14","0.00","3.00","541.70","175.14"
"2169","1201","20260411","1873","234","Completed","1","172.64","112.28","172.64","112.28","60.36","0.00","3.00","172.64","60.36"
"2170","1202","20260423","1638","233","Completed","2","100.29","55.86","200.58","111.72","88.86","0.00","0.00","200.58","88.86"
"2171","1203","20250928","1720","186","Cancelled","1","423.31","240.26","423.31","240.26","183.05","0.00","5.00","423.31","183.05"
"2172","1203","20250928","1720","220","Cancelled","1","97.88","74.33","97.88","74.33","23.55","0.00","5.00","97.88","23.55"
"2173","1204","20260430","1543","223","Completed","3","80.76","46.98","242.28","140.94","101.34","3.33","3.33","238.95","98.01"
"2174","1204","20260430","1543","219","Completed","1","272.42","159.43","272.42","159.43","112.99","3.33","3.33","269.09","109.66"
"2175","1204","20260430","1543","188","Completed","1","147.11","98.96","147.11","98.96","48.15","3.33","3.33","143.78","44.82"
"2176","1205","20260711","1943","210","Returned","2","116.09","88.40","232.18","176.80","55.38","0.00","9.99","232.18","55.38"
"2177","1206","20260803","1871","183","Completed","1","60.67","34.80","60.67","34.80","25.87","0.00","9.99","60.67","25.87"
"2178","1207","20251120","1944","237","Completed","1","155.89","96.42","155.89","96.42","59.47","0.00","0.00","155.89","59.47"
"2179","1207","20251120","1944","193","Completed","1","232.94","146.33","232.94","146.33","86.61","0.00","0.00","232.94","86.61"
"2180","1207","20251120","1944","219","Completed","1","272.42","159.43","272.42","159.43","112.99","0.00","0.00","272.42","112.99"
"2181","1207","20251120","1944","200","Completed","1","212.44","119.33","212.44","119.33","93.11","0.00","0.00","212.44","93.11"
"2182","1208","20260911","1933","192","Completed","1","170.10","125.07","170.10","125.07","45.03","0.00","0.00","170.10","45.03"
"2183","1208","20260911","1933","195","Completed","1","249.99","156.58","249.99","156.58","93.41","0.00","0.00","249.99","93.41"
"2184","1208","20260911","1933","237","Completed","2","155.89","96.42","311.78","192.84","118.94","0.00","0.00","311.78","118.94"
"2185","1209","20250607","1949","201","Cancelled","2","183.21","138.22","366.42","276.44","89.98","10.00","0.00","356.42","79.98"
"2186","1210","20260831","1698","227","Cancelled","1","220.71","129.38","220.71","129.38","91.33","10.00","5.99","210.71","81.33"
"2187","1211","20260721","1781","199","Completed","1","154.93","112.90","154.93","112.90","42.03","0.00","9.99","154.93","42.03"
"2188","1212","20260611","1708","219","Completed","1","272.42","159.43","272.42","159.43","112.99","7.50","3.00","264.92","105.49"
"2189","1212","20260611","1708","212","Completed","1","97.33","68.97","97.33","68.97","28.36","7.50","3.00","89.83","20.86"
"2190","1213","20250912","1833","213","Completed","1","148.42","96.71","148.42","96.71","51.71","0.00","5.99","148.42","51.71"
"2191","1214","20260515","1590","194","Completed","1","308.11","207.51","308.11","207.51","100.60","10.00","5.99","298.11","90.60"
"2192","1215","20260419","1582","213","Cancelled","1","148.42","96.71","148.42","96.71","51.71","0.00","5.99","148.42","51.71"
"2193","1216","20260910","1897","184","Completed","1","93.32","65.41","93.32","65.41","27.91","15.00","0.00","78.32","12.91"
"2194","1217","20260629","1588","200","Completed","1","212.44","119.33","212.44","119.33","93.11","0.00","0.00","212.44","93.11"
"2195","1217","20260629","1588","216","Completed","1","315.71","189.79","315.71","189.79","125.92","0.00","0.00","315.71","125.92"
"2196","1217","20260629","1588","230","Completed","1","94.90","67.25","94.90","67.25","27.65","0.00","0.00","94.90","27.65"
"2197","1218","20260814","1920","208","Completed","1","270.85","183.28","270.85","183.28","87.57","1.67","0.00","269.18","85.90"
"2198","1218","20260814","1920","233","Completed","3","100.29","55.86","300.87","167.58","133.29","1.67","0.00","299.20","131.62"
"2199","1218","20260814","1920","211","Completed","1","412.95","299.35","412.95","299.35","113.60","1.67","0.00","411.28","111.93"
"2200","1219","20260121","1660","233","Cancelled","2","100.29","55.86","200.58","111.72","88.86","10.00","9.99","190.58","78.86"
"2201","1220","20250318","1891","190","Completed","1","100.47","76.85","100.47","76.85","23.62","0.00","0.00","100.47","23.62"
"2202","1220","20250318","1891","200","Completed","1","212.44","119.33","212.44","119.33","93.11","0.00","0.00","212.44","93.11"
"2203","1221","20250430","1853","214","Cancelled","2","443.92","253.54","887.84","507.08","380.76","10.00","5.99","877.84","370.76"
"2204","1222","20260729","1569","197","Returned","1","49.20","27.84","49.20","27.84","21.36","5.00","0.00","44.20","16.36"
"2205","1223","20251012","1937","224","Cancelled","1","44.39","27.23","44.39","27.23","17.16","7.50","0.00","36.89","9.66"
"2206","1223","20251012","1937","206","Cancelled","1","140.62","81.04","140.62","81.04","59.58","7.50","0.00","133.12","52.08"
"2207","1224","20260706","1528","239","Cancelled","1","116.83","67.33","116.83","67.33","49.50","0.00","3.00","116.83","49.50"
"2208","1224","20260706","1528","186","Cancelled","1","423.31","240.26","423.31","240.26","183.05","0.00","3.00","423.31","183.05"
"2209","1225","20260918","1638","218","Completed","3","195.26","111.40","585.78","334.20","251.58","0.00","5.00","585.78","251.58"
"2210","1225","20260918","1638","237","Completed","3","155.89","96.42","467.67","289.26","178.41","0.00","5.00","467.67","178.41"
"2211","1226","20260828","1712","237","Completed","1","155.89","96.42","155.89","96.42","59.47","10.00","0.00","145.89","49.47"
"2212","1227","20260410","1739","224","Completed","1","44.39","27.23","44.39","27.23","17.16","5.00","5.00","39.39","12.16"
"2213","1227","20260410","1739","202","Completed","1","148.28","83.26","148.28","83.26","65.02","5.00","5.00","143.28","60.02"
"2214","1228","20260827","1722","197","Cancelled","1","49.20","27.84","49.20","27.84","21.36","0.00","0.00","49.20","21.36"
"2215","1229","20251228","1680","194","Completed","1","308.11","207.51","308.11","207.51","100.60","0.00","9.99","308.11","100.60"
"2216","1230","20260826","1534","225","Returned","1","98.36","65.70","98.36","65.70","32.66","5.00","0.00","93.36","27.66"
"2217","1231","20260616","1789","189","Completed","2","413.12","294.37","826.24","588.74","237.50","15.00","5.99","811.24","222.50"
"2218","1232","20260624","1582","197","Completed","1","49.20","27.84","49.20","27.84","21.36","0.00","5.99","49.20","21.36"
"2219","1233","20260902","1942","239","Completed","1","116.83","67.33","116.83","67.33","49.50","5.00","3.00","111.83","44.50"
"2220","1233","20260902","1942","229","Completed","2","328.53","211.34","657.06","422.68","234.38","5.00","3.00","652.06","229.38"
"2221","1234","20260726","1739","237","Completed","1","155.89","96.42","155.89","96.42","59.47","3.33","3.33","152.56","56.14"
"2222","1234","20260726","1739","191","Completed","1","45.75","27.33","45.75","27.33","18.42","3.33","3.33","42.42","15.09"
"2223","1234","20260726","1739","225","Completed","2","98.36","65.70","196.72","131.40","65.32","3.33","3.33","193.39","61.99"
"2224","1235","20260529","1794","214","Completed","1","443.92","253.54","443.92","253.54","190.38","0.00","9.99","443.92","190.38"
"2225","1236","20260430","1746","216","Cancelled","2","315.71","189.79","631.42","379.58","251.84","0.00","5.99","631.42","251.84"
"2226","1237","20260905","1692","226","Completed","2","155.18","87.63","310.36","175.26","135.10","3.75","0.00","306.61","131.35"
"2227","1237","20260905","1692","204","Completed","1","186.71","108.43","186.71","108.43","78.28","3.75","0.00","182.96","74.53"
"2228","1237","20260905","1692","184","Completed","1","93.32","65.41","93.32","65.41","27.91","3.75","0.00","89.57","24.16"
"2229","1237","20260905","1692","222","Completed","1","100.07","70.05","100.07","70.05","30.02","3.75","0.00","96.32","26.27"
"2230","1238","20260919","1809","224","Completed","2","44.39","27.23","88.78","54.46","34.32","0.00","9.99","88.78","34.32"
"2231","1239","20250801","1900","193","Completed","1","232.94","146.33","232.94","146.33","86.61","0.00","0.00","232.94","86.61"
"2232","1240","20260528","1932","216","Cancelled","1","315.71","189.79","315.71","189.79","125.92","0.00","5.00","315.71","125.92"
"2233","1240","20260528","1932","217","Cancelled","2","148.68","108.91","297.36","217.82","79.54","0.00","5.00","297.36","79.54"
"2234","1241","20260810","1628","235","Returned","1","40.99","23.15","40.99","23.15","17.84","0.00","5.99","40.99","17.84"
"2235","1242","20260514","1952","198","Completed","1","71.76","49.35","71.76","49.35","22.41","15.00","9.99","56.76","7.41"
"2236","1243","20251223","1857","181","Completed","2","101.22","64.39","202.44","128.78","73.66","0.00","3.00","202.44","73.66"
"2237","1243","20251223","1857","206","Completed","1","140.62","81.04","140.62","81.04","59.58","0.00","3.00","140.62","59.58"
"2238","1244","20250725","1703","223","Completed","1","80.76","46.98","80.76","46.98","33.78","0.00","3.00","80.76","33.78"
"2239","1244","20250725","1703","239","Completed","1","116.83","67.33","116.83","67.33","49.50","0.00","3.00","116.83","49.50"
"2240","1245","20260706","1587","225","Returned","1","98.36","65.70","98.36","65.70","32.66","0.00","3.33","98.36","32.66"
"2241","1245","20260706","1587","205","Returned","1","77.40","52.92","77.40","52.92","24.48","0.00","3.33","77.40","24.48"
"2242","1245","20260706","1587","208","Returned","1","270.85","183.28","270.85","183.28","87.57","0.00","3.33","270.85","87.57"
"2243","1246","20260717","1778","236","Completed","1","335.82","190.06","335.82","190.06","145.76","0.00","9.99","335.82","145.76"
"2244","1247","20260607","1530","221","Cancelled","1","211.10","133.66","211.10","133.66","77.44","0.00","9.99","211.10","77.44"
"2245","1248","20260825","1633","220","Returned","1","97.88","74.33","97.88","74.33","23.55","0.00","5.99","97.88","23.55"
"2246","1249","20260401","1776","232","Completed","1","292.00","192.97","292.00","192.97","99.03","5.00","9.99","287.00","94.03"
"2247","1250","20260711","1873","229","Completed","2","328.53","211.34","657.06","422.68","234.38","15.00","9.99","642.06","219.38"
"2248","1251","20260801","1728","207","Returned","2","440.02","275.08","880.04","550.16","329.88","0.00","0.00","880.04","329.88"
"2249","1252","20260714","1583","197","Cancelled","2","49.20","27.84","98.40","55.68","42.72","10.00","9.99","88.40","32.72"
"2250","1253","20251108","1597","196","Returned","1","65.17","42.83","65.17","42.83","22.34","10.00","9.99","55.17","12.34"
"2251","1254","20260714","1805","227","Cancelled","2","220.71","129.38","441.42","258.76","182.66","2.50","5.00","438.92","180.16"
"2252","1254","20260714","1805","216","Cancelled","1","315.71","189.79","315.71","189.79","125.92","2.50","5.00","313.21","123.42"
"2253","1255","20260106","1641","186","Completed","1","423.31","240.26","423.31","240.26","183.05","1.25","2.50","422.06","181.80"
"2254","1255","20260106","1641","224","Completed","1","44.39","27.23","44.39","27.23","17.16","1.25","2.50","43.14","15.91"
"2255","1255","20260106","1641","197","Completed","2","49.20","27.84","98.40","55.68","42.72","1.25","2.50","97.15","41.47"
"2256","1255","20260106","1641","230","Completed","1","94.90","67.25","94.90","67.25","27.65","1.25","2.50","93.65","26.40"
"2257","1256","20260812","1772","216","Completed","1","315.71","189.79","315.71","189.79","125.92","7.50","0.00","308.21","118.42"
"2258","1256","20260812","1772","185","Completed","1","121.63","79.08","121.63","79.08","42.55","7.50","0.00","114.13","35.05"
"2259","1257","20251117","1689","240","Completed","2","51.43","38.16","102.86","76.32","26.54","0.00","0.00","102.86","26.54"
"2260","1257","20251117","1689","194","Completed","1","308.11","207.51","308.11","207.51","100.60","0.00","0.00","308.11","100.60"
"2261","1257","20251117","1689","211","Completed","1","412.95","299.35","412.95","299.35","113.60","0.00","0.00","412.95","113.60"
"2262","1258","20260706","1732","204","Completed","2","186.71","108.43","373.42","216.86","156.56","2.50","5.00","370.92","154.06"
"2263","1258","20260706","1732","228","Completed","3","68.08","45.01","204.24","135.03","69.21","2.50","5.00","201.74","66.71"
"2264","1259","20260311","1504","240","Completed","1","51.43","38.16","51.43","38.16","13.27","0.00","0.00","51.43","13.27"
"2265","1259","20260311","1504","231","Completed","2","111.88","80.39","223.76","160.78","62.98","0.00","0.00","223.76","62.98"
"2266","1260","20251220","1913","215","Completed","1","45.82","32.17","45.82","32.17","13.65","0.00","0.00","45.82","13.65"
"2267","1261","20260915","1805","224","Returned","1","44.39","27.23","44.39","27.23","17.16","0.00","5.99","44.39","17.16"
"2268","1262","20260825","1723","223","Cancelled","3","80.76","46.98","242.28","140.94","101.34","0.00","9.99","242.28","101.34"
"2269","1263","20260903","1872","234","Completed","1","172.64","112.28","172.64","112.28","60.36","0.00","9.99","172.64","60.36"
"2270","1264","20260801","1859","214","Returned","1","443.92","253.54","443.92","253.54","190.38","10.00","0.00","433.92","180.38"
"2271","1265","20260905","1547","182","Completed","1","336.54","258.11","336.54","258.11","78.43","3.33","3.33","333.21","75.10"
"2272","1265","20260905","1547","216","Completed","1","315.71","189.79","315.71","189.79","125.92","3.33","3.33","312.38","122.59"
"2273","1265","20260905","1547","206","Completed","1","140.62","81.04","140.62","81.04","59.58","3.33","3.33","137.29","56.25"
"2274","1266","20260209","1524","184","Completed","2","93.32","65.41","186.64","130.82","55.82","0.00","5.00","186.64","55.82"
"2275","1266","20260209","1524","209","Completed","1","157.08","117.89","157.08","117.89","39.19","0.00","5.00","157.08","39.19"
"2276","1267","20260401","1936","207","Completed","1","440.02","275.08","440.02","275.08","164.94","2.50","3.00","437.52","162.44"
"2277","1267","20260401","1936","234","Completed","1","172.64","112.28","172.64","112.28","60.36","2.50","3.00","170.14","57.86"
"2278","1268","20250911","1645","187","Completed","2","90.39","64.58","180.78","129.16","51.62","15.00","0.00","165.78","36.62"
"2279","1269","20260702","1988","235","Completed","1","40.99","23.15","40.99","23.15","17.84","0.00","0.00","40.99","17.84"
"2280","1270","20250710","1844","229","Completed","3","328.53","211.34","985.59","634.02","351.57","0.00","9.99","985.59","351.57"
"2281","1271","20260724","1946","228","Cancelled","2","68.08","45.01","136.16","90.02","46.14","5.00","5.00","131.16","41.14"
"2282","1271","20260724","1946","212","Cancelled","1","97.33","68.97","97.33","68.97","28.36","5.00","5.00","92.33","23.36"
"2283","1272","20250610","1868","230","Returned","1","94.90","67.25","94.90","67.25","27.65","0.00","1.50","94.90","27.65"
"2284","1272","20250610","1868","197","Returned","2","49.20","27.84","98.40","55.68","42.72","0.00","1.50","98.40","42.72"
"2285","1272","20250610","1868","213","Returned","1","148.42","96.71","148.42","96.71","51.71","0.00","1.50","148.42","51.71"
"2286","1272","20250610","1868","220","Returned","2","97.88","74.33","195.76","148.66","47.10","0.00","1.50","195.76","47.10"
"2287","1273","20251024","1563","182","Completed","1","336.54","258.11","336.54","258.11","78.43","15.00","5.99","321.54","63.43"
"2288","1274","20260819","1969","186","Completed","1","423.31","240.26","423.31","240.26","183.05","5.00","0.00","418.31","178.05"
"2289","1274","20260819","1969","205","Completed","1","77.40","52.92","77.40","52.92","24.48","5.00","0.00","72.40","19.48"
"2290","1274","20260819","1969","211","Completed","1","412.95","299.35","412.95","299.35","113.60","5.00","0.00","407.95","108.60"
"2291","1275","20260906","1608","186","Completed","1","423.31","240.26","423.31","240.26","183.05","1.67","0.00","421.64","181.38"
"2292","1275","20260906","1608","230","Completed","2","94.90","67.25","189.80","134.50","55.30","1.67","0.00","188.13","53.63"
"2293","1275","20260906","1608","233","Completed","1","100.29","55.86","100.29","55.86","44.43","1.67","0.00","98.62","42.76"
"2294","1276","20260606","1915","232","Completed","2","292.00","192.97","584.00","385.94","198.06","0.00","0.00","584.00","198.06"
"2295","1276","20260606","1915","217","Completed","1","148.68","108.91","148.68","108.91","39.77","0.00","0.00","148.68","39.77"
"2296","1277","20260813","1774","225","Completed","2","98.36","65.70","196.72","131.40","65.32","3.33","2.00","193.39","61.99"
"2297","1277","20260813","1774","227","Completed","1","220.71","129.38","220.71","129.38","91.33","3.33","2.00","217.38","88.00"
"2298","1277","20260813","1774","220","Completed","1","97.88","74.33","97.88","74.33","23.55","3.33","2.00","94.55","20.22"
"2299","1278","20260531","1532","191","Completed","1","45.75","27.33","45.75","27.33","18.42","2.50","3.00","43.25","15.92"
"2300","1278","20260531","1532","220","Completed","1","97.88","74.33","97.88","74.33","23.55","2.50","3.00","95.38","21.05"
"2301","1279","20260731","1812","203","Completed","1","55.41","37.95","55.41","37.95","17.46","0.00","3.00","55.41","17.46"
"2302","1279","20260731","1812","206","Completed","1","140.62","81.04","140.62","81.04","59.58","0.00","3.00","140.62","59.58"
"2303","1280","20260604","1997","204","Returned","1","186.71","108.43","186.71","108.43","78.28","7.50","5.00","179.21","70.78"
"2304","1280","20260604","1997","224","Returned","2","44.39","27.23","88.78","54.46","34.32","7.50","5.00","81.28","26.82"
"2305","1281","20260725","1607","217","Cancelled","1","148.68","108.91","148.68","108.91","39.77","0.00","9.99","148.68","39.77"
"2306","1282","20260716","1790","185","Completed","1","121.63","79.08","121.63","79.08","42.55","3.75","2.50","117.88","38.80"
"2307","1282","20260716","1790","196","Completed","2","65.17","42.83","130.34","85.66","44.68","3.75","2.50","126.59","40.93"
"2308","1282","20260716","1790","195","Completed","2","249.99","156.58","499.98","313.16","186.82","3.75","2.50","496.23","183.07"
"2309","1282","20260716","1790","194","Completed","1","308.11","207.51","308.11","207.51","100.60","3.75","2.50","304.36","96.85"
"2310","1283","20260913","1690","238","Completed","1","192.21","117.17","192.21","117.17","75.04","0.00","5.99","192.21","75.04"
"2311","1284","20260916","1906","204","Cancelled","2","186.71","108.43","373.42","216.86","156.56","0.00","0.00","373.42","156.56"
"2312","1284","20260916","1906","235","Cancelled","1","40.99","23.15","40.99","23.15","17.84","0.00","0.00","40.99","17.84"
"2313","1284","20260916","1906","230","Cancelled","2","94.90","67.25","189.80","134.50","55.30","0.00","0.00","189.80","55.30"
"2314","1284","20260916","1906","236","Cancelled","1","335.82","190.06","335.82","190.06","145.76","0.00","0.00","335.82","145.76"
"2315","1285","20260907","1942","229","Completed","1","328.53","211.34","328.53","211.34","117.19","3.33","3.33","325.20","113.86"
"2316","1285","20260907","1942","221","Completed","1","211.10","133.66","211.10","133.66","77.44","3.33","3.33","207.77","74.11"
"2317","1285","20260907","1942","238","Completed","1","192.21","117.17","192.21","117.17","75.04","3.33","3.33","188.88","71.71"
"2318","1286","20260405","1908","213","Cancelled","1","148.42","96.71","148.42","96.71","51.71","0.00","3.33","148.42","51.71"
"2319","1286","20260405","1908","227","Cancelled","1","220.71","129.38","220.71","129.38","91.33","0.00","3.33","220.71","91.33"
"2320","1286","20260405","1908","204","Cancelled","1","186.71","108.43","186.71","108.43","78.28","0.00","3.33","186.71","78.28"
"2321","1287","20250903","1733","193","Returned","1","232.94","146.33","232.94","146.33","86.61","5.00","5.00","227.94","81.61"
"2322","1287","20250903","1733","237","Returned","1","155.89","96.42","155.89","96.42","59.47","5.00","5.00","150.89","54.47"
"2323","1288","20251011","1695","196","Completed","3","65.17","42.83","195.51","128.49","67.02","0.00","0.00","195.51","67.02"
"2324","1289","20260707","1530","238","Completed","1","192.21","117.17","192.21","117.17","75.04","2.50","0.00","189.71","72.54"
"2325","1289","20260707","1530","229","Completed","1","328.53","211.34","328.53","211.34","117.19","2.50","0.00","326.03","114.69"
"2326","1290","20260509","1822","195","Completed","1","249.99","156.58","249.99","156.58","93.41","15.00","5.99","234.99","78.41"
"2327","1291","20260523","1634","184","Cancelled","1","93.32","65.41","93.32","65.41","27.91","1.25","2.50","92.07","26.66"
"2328","1291","20260523","1634","196","Cancelled","1","65.17","42.83","65.17","42.83","22.34","1.25","2.50","63.92","21.09"
"2329","1291","20260523","1634","214","Cancelled","3","443.92","253.54","1331.76","760.62","571.14","1.25","2.50","1330.51","569.89"
"2330","1291","20260523","1634","201","Cancelled","1","183.21","138.22","183.21","138.22","44.99","1.25","2.50","181.96","43.74"
"2331","1292","20260722","1569","189","Completed","2","413.12","294.37","826.24","588.74","237.50","0.00","0.00","826.24","237.50"
"2332","1292","20260722","1569","230","Completed","1","94.90","67.25","94.90","67.25","27.65","0.00","0.00","94.90","27.65"
"2333","1293","20251207","1989","182","Completed","1","336.54","258.11","336.54","258.11","78.43","0.00","2.00","336.54","78.43"
"2334","1293","20251207","1989","233","Completed","1","100.29","55.86","100.29","55.86","44.43","0.00","2.00","100.29","44.43"
"2335","1293","20251207","1989","184","Completed","1","93.32","65.41","93.32","65.41","27.91","0.00","2.00","93.32","27.91"
"2336","1294","20260614","1795","197","Completed","1","49.20","27.84","49.20","27.84","21.36","0.00","2.00","49.20","21.36"
"2337","1294","20260614","1795","230","Completed","1","94.90","67.25","94.90","67.25","27.65","0.00","2.00","94.90","27.65"
"2338","1294","20260614","1795","219","Completed","1","272.42","159.43","272.42","159.43","112.99","0.00","2.00","272.42","112.99"
"2339","1295","20260321","1884","218","Cancelled","1","195.26","111.40","195.26","111.40","83.86","0.00","0.00","195.26","83.86"
"2340","1295","20260321","1884","210","Cancelled","1","116.09","88.40","116.09","88.40","27.69","0.00","0.00","116.09","27.69"
"2341","1296","20260917","1910","226","Completed","3","155.18","87.63","465.54","262.89","202.65","0.00","2.50","465.54","202.65"
"2342","1296","20260917","1910","205","Completed","1","77.40","52.92","77.40","52.92","24.48","0.00","2.50","77.40","24.48"
"2343","1296","20260917","1910","202","Completed","1","148.28","83.26","148.28","83.26","65.02","0.00","2.50","148.28","65.02"
"2344","1296","20260917","1910","198","Completed","1","71.76","49.35","71.76","49.35","22.41","0.00","2.50","71.76","22.41"
"2345","1297","20260830","1916","209","Completed","1","157.08","117.89","157.08","117.89","39.19","5.00","0.00","152.08","34.19"
"2346","1297","20260830","1916","234","Completed","1","172.64","112.28","172.64","112.28","60.36","5.00","0.00","167.64","55.36"
"2347","1297","20260830","1916","225","Completed","1","98.36","65.70","98.36","65.70","32.66","5.00","0.00","93.36","27.66"
"2348","1298","20260302","1645","203","Completed","1","55.41","37.95","55.41","37.95","17.46","5.00","3.00","50.41","12.46"
"2349","1298","20260302","1645","207","Completed","1","440.02","275.08","440.02","275.08","164.94","5.00","3.00","435.02","159.94"
"2350","1299","20260911","1850","220","Cancelled","1","97.88","74.33","97.88","74.33","23.55","0.00","3.33","97.88","23.55"
"2351","1299","20260911","1850","223","Cancelled","1","80.76","46.98","80.76","46.98","33.78","0.00","3.33","80.76","33.78"
"2352","1299","20260911","1850","210","Cancelled","1","116.09","88.40","116.09","88.40","27.69","0.00","3.33","116.09","27.69"
"2353","1300","20250828","1665","222","Completed","1","100.07","70.05","100.07","70.05","30.02","0.00","5.00","100.07","30.02"
"2354","1300","20250828","1665","235","Completed","2","40.99","23.15","81.98","46.30","35.68","0.00","5.00","81.98","35.68"
"2355","1301","20251207","1652","231","Completed","1","111.88","80.39","111.88","80.39","31.49","0.00","5.99","111.88","31.49"
"2356","1302","20260922","1906","187","Completed","1","90.39","64.58","90.39","64.58","25.81","0.00","9.99","90.39","25.81"
"2357","1303","20250415","1845","204","Returned","1","186.71","108.43","186.71","108.43","78.28","0.00","0.00","186.71","78.28"
"2358","1303","20250415","1845","240","Returned","2","51.43","38.16","102.86","76.32","26.54","0.00","0.00","102.86","26.54"
"2359","1304","20260710","1959","209","Completed","1","157.08","117.89","157.08","117.89","39.19","15.00","5.99","142.08","24.19"
"2360","1305","20251118","1928","207","Cancelled","1","440.02","275.08","440.02","275.08","164.94","1.67","2.00","438.35","163.27"
"2361","1305","20251118","1928","233","Cancelled","1","100.29","55.86","100.29","55.86","44.43","1.67","2.00","98.62","42.76"
"2362","1305","20251118","1928","232","Cancelled","1","292.00","192.97","292.00","192.97","99.03","1.67","2.00","290.33","97.36"
"2363","1306","20260729","1637","234","Completed","1","172.64","112.28","172.64","112.28","60.36","0.00","3.00","172.64","60.36"
"2364","1306","20260729","1637","231","Completed","1","111.88","80.39","111.88","80.39","31.49","0.00","3.00","111.88","31.49"
"2365","1307","20260404","1960","223","Completed","3","80.76","46.98","242.28","140.94","101.34","15.00","9.99","227.28","86.34"
"2366","1308","20260921","1860","215","Cancelled","1","45.82","32.17","45.82","32.17","13.65","15.00","9.99","30.82","-1.35"
"2367","1309","20250902","1934","185","Cancelled","1","121.63","79.08","121.63","79.08","42.55","1.67","2.00","119.96","40.88"
"2368","1309","20250902","1934","196","Cancelled","1","65.17","42.83","65.17","42.83","22.34","1.67","2.00","63.50","20.67"
"2369","1309","20250902","1934","198","Cancelled","1","71.76","49.35","71.76","49.35","22.41","1.67","2.00","70.09","20.74"
"2370","1310","20260615","1765","181","Returned","1","101.22","64.39","101.22","64.39","36.83","0.00","0.00","101.22","36.83"
"2371","1310","20260615","1765","213","Returned","1","148.42","96.71","148.42","96.71","51.71","0.00","0.00","148.42","51.71"
"2372","1310","20260615","1765","240","Returned","1","51.43","38.16","51.43","38.16","13.27","0.00","0.00","51.43","13.27"
"2373","1311","20260614","1839","238","Completed","1","192.21","117.17","192.21","117.17","75.04","7.50","3.00","184.71","67.54"
"2374","1311","20260614","1839","188","Completed","1","147.11","98.96","147.11","98.96","48.15","7.50","3.00","139.61","40.65"
"2375","1312","20260708","1684","232","Completed","1","292.00","192.97","292.00","192.97","99.03","15.00","0.00","277.00","84.03"
"2376","1313","20260223","1887","190","Cancelled","1","100.47","76.85","100.47","76.85","23.62","0.00","1.50","100.47","23.62"
"2377","1313","20260223","1887","216","Cancelled","2","315.71","189.79","631.42","379.58","251.84","0.00","1.50","631.42","251.84"
"2378","1313","20260223","1887","226","Cancelled","2","155.18","87.63","310.36","175.26","135.10","0.00","1.50","310.36","135.10"
"2379","1313","20260223","1887","231","Cancelled","1","111.88","80.39","111.88","80.39","31.49","0.00","1.50","111.88","31.49"
"2380","1314","20260908","1910","192","Completed","1","170.10","125.07","170.10","125.07","45.03","10.00","5.99","160.10","35.03"
"2381","1315","20251001","1782","198","Completed","2","71.76","49.35","143.52","98.70","44.82","7.50","5.00","136.02","37.32"
"2382","1315","20251001","1782","211","Completed","2","412.95","299.35","825.90","598.70","227.20","7.50","5.00","818.40","219.70"
"2383","1316","20250506","1877","240","Completed","2","51.43","38.16","102.86","76.32","26.54","10.00","5.99","92.86","16.54"
"2384","1317","20260724","1867","184","Completed","1","93.32","65.41","93.32","65.41","27.91","3.33","3.33","89.99","24.58"
"2385","1317","20260724","1867","211","Completed","1","412.95","299.35","412.95","299.35","113.60","3.33","3.33","409.62","110.27"
"2386","1317","20260724","1867","201","Completed","1","183.21","138.22","183.21","138.22","44.99","3.33","3.33","179.88","41.66"
"2387","1318","20251128","1641","206","Completed","1","140.62","81.04","140.62","81.04","59.58","0.00","0.00","140.62","59.58"
"2388","1319","20251123","1503","199","Completed","1","154.93","112.90","154.93","112.90","42.03","2.50","5.00","152.43","39.53"
"2389","1319","20251123","1503","239","Completed","3","116.83","67.33","350.49","201.99","148.50","2.50","5.00","347.99","146.00"
"2390","1320","20260915","1906","227","Completed","1","220.71","129.38","220.71","129.38","91.33","0.00","2.00","220.71","91.33"
"2391","1320","20260915","1906","215","Completed","1","45.82","32.17","45.82","32.17","13.65","0.00","2.00","45.82","13.65"
"2392","1320","20260915","1906","206","Completed","1","140.62","81.04","140.62","81.04","59.58","0.00","2.00","140.62","59.58"
"2393","1321","20260411","1541","233","Completed","1","100.29","55.86","100.29","55.86","44.43","7.50","0.00","92.79","36.93"
"2394","1321","20260411","1541","202","Completed","1","148.28","83.26","148.28","83.26","65.02","7.50","0.00","140.78","57.52"
"2395","1322","20260917","1957","234","Completed","1","172.64","112.28","172.64","112.28","60.36","7.50","5.00","165.14","52.86"
"2396","1322","20260917","1957","191","Completed","2","45.75","27.33","91.50","54.66","36.84","7.50","5.00","84.00","29.34"
"2397","1323","20260702","1863","223","Cancelled","2","80.76","46.98","161.52","93.96","67.56","0.00","0.00","161.52","67.56"
"2398","1324","20260804","1780","183","Returned","1","60.67","34.80","60.67","34.80","25.87","0.00","9.99","60.67","25.87"
"2399","1325","20260829","1699","220","Cancelled","2","97.88","74.33","195.76","148.66","47.10","0.00","5.99","195.76","47.10"
"2400","1326","20260830","1803","213","Cancelled","2","148.42","96.71","296.84","193.42","103.42","0.00","5.99","296.84","103.42"
"2401","1327","20260207","1940","235","Returned","1","40.99","23.15","40.99","23.15","17.84","1.67","0.00","39.32","16.17"
"2402","1327","20260207","1940","221","Returned","1","211.10","133.66","211.10","133.66","77.44","1.67","0.00","209.43","75.77"
"2403","1327","20260207","1940","233","Returned","1","100.29","55.86","100.29","55.86","44.43","1.67","0.00","98.62","42.76"
"2404","1328","20260323","1815","226","Completed","1","155.18","87.63","155.18","87.63","67.55","1.25","1.50","153.93","66.30"
"2405","1328","20260323","1815","208","Completed","1","270.85","183.28","270.85","183.28","87.57","1.25","1.50","269.60","86.32"
"2406","1328","20260323","1815","207","Completed","1","440.02","275.08","440.02","275.08","164.94","1.25","1.50","438.77","163.69"
"2407","1328","20260323","1815","239","Completed","3","116.83","67.33","350.49","201.99","148.50","1.25","1.50","349.24","147.25"
"2408","1329","20260801","1561","202","Returned","1","148.28","83.26","148.28","83.26","65.02","0.00","5.99","148.28","65.02"
"2409","1330","20250512","1853","203","Cancelled","1","55.41","37.95","55.41","37.95","17.46","0.00","9.99","55.41","17.46"
"2410","1331","20260711","1763","230","Completed","1","94.90","67.25","94.90","67.25","27.65","3.33","3.33","91.57","24.32"
"2411","1331","20260711","1763","196","Completed","1","65.17","42.83","65.17","42.83","22.34","3.33","3.33","61.84","19.01"
"2412","1331","20260711","1763","192","Completed","1","170.10","125.07","170.10","125.07","45.03","3.33","3.33","166.77","41.70"
"2413","1332","20251129","1828","225","Completed","1","98.36","65.70","98.36","65.70","32.66","3.33","0.00","95.03","29.33"
"2414","1332","20251129","1828","231","Completed","1","111.88","80.39","111.88","80.39","31.49","3.33","0.00","108.55","28.16"
"2415","1332","20251129","1828","236","Completed","1","335.82","190.06","335.82","190.06","145.76","3.33","0.00","332.49","142.43"
"2416","1333","20260609","1650","213","Completed","1","148.42","96.71","148.42","96.71","51.71","5.00","5.00","143.42","46.71"
"2417","1333","20260609","1650","198","Completed","2","71.76","49.35","143.52","98.70","44.82","5.00","5.00","138.52","39.82"
"2418","1334","20260826","1934","238","Completed","1","192.21","117.17","192.21","117.17","75.04","0.00","5.99","192.21","75.04"
"2419","1335","20260529","1540","210","Completed","1","116.09","88.40","116.09","88.40","27.69","15.00","0.00","101.09","12.69"
"2420","1336","20250529","1820","217","Completed","2","148.68","108.91","297.36","217.82","79.54","0.00","3.33","297.36","79.54"
"2421","1336","20250529","1820","225","Completed","1","98.36","65.70","98.36","65.70","32.66","0.00","3.33","98.36","32.66"
"2422","1336","20250529","1820","181","Completed","1","101.22","64.39","101.22","64.39","36.83","0.00","3.33","101.22","36.83"
"2423","1337","20260513","1660","187","Cancelled","1","90.39","64.58","90.39","64.58","25.81","0.00","5.99","90.39","25.81"
"2424","1338","20250926","1731","212","Cancelled","1","97.33","68.97","97.33","68.97","28.36","2.50","0.00","94.83","25.86"
"2425","1338","20250926","1731","217","Cancelled","1","148.68","108.91","148.68","108.91","39.77","2.50","0.00","146.18","37.27"
"2426","1339","20250618","1801","228","Completed","1","68.08","45.01","68.08","45.01","23.07","0.00","0.00","68.08","23.07"
"2427","1339","20250618","1801","190","Completed","1","100.47","76.85","100.47","76.85","23.62","0.00","0.00","100.47","23.62"
"2428","1339","20250618","1801","191","Completed","1","45.75","27.33","45.75","27.33","18.42","0.00","0.00","45.75","18.42"
"2429","1339","20250618","1801","213","Completed","1","148.42","96.71","148.42","96.71","51.71","0.00","0.00","148.42","51.71"
"2430","1340","20260917","1791","218","Returned","2","195.26","111.40","390.52","222.80","167.72","0.00","0.00","390.52","167.72"
"2431","1341","20260906","1874","238","Completed","2","192.21","117.17","384.42","234.34","150.08","0.00","3.00","384.42","150.08"
"2432","1341","20260906","1874","191","Completed","3","45.75","27.33","137.25","81.99","55.26","0.00","3.00","137.25","55.26"
"2433","1342","20260223","1933","191","Cancelled","1","45.75","27.33","45.75","27.33","18.42","5.00","5.99","40.75","13.42"
"2434","1343","20260322","1568","200","Completed","1","212.44","119.33","212.44","119.33","93.11","5.00","0.00","207.44","88.11"
"2435","1343","20260322","1568","224","Completed","1","44.39","27.23","44.39","27.23","17.16","5.00","0.00","39.39","12.16"
"2436","1344","20260908","1886","222","Completed","1","100.07","70.05","100.07","70.05","30.02","0.00","5.00","100.07","30.02"
"2437","1344","20260908","1886","181","Completed","1","101.22","64.39","101.22","64.39","36.83","0.00","5.00","101.22","36.83"
"2438","1345","20260819","1600","181","Completed","1","101.22","64.39","101.22","64.39","36.83","10.00","5.99","91.22","26.83"
"2439","1346","20260801","1905","209","Cancelled","1","157.08","117.89","157.08","117.89","39.19","0.00","5.00","157.08","39.19"
"2440","1346","20260801","1905","226","Cancelled","1","155.18","87.63","155.18","87.63","67.55","0.00","5.00","155.18","67.55"
"2441","1347","20260921","1941","232","Returned","1","292.00","192.97","292.00","192.97","99.03","0.00","9.99","292.00","99.03"
"2442","1348","20251103","1913","208","Completed","1","270.85","183.28","270.85","183.28","87.57","10.00","5.99","260.85","77.57"
"2443","1349","20260921","1906","225","Returned","1","98.36","65.70","98.36","65.70","32.66","5.00","0.00","93.36","27.66"
"2444","1350","20260517","2000","229","Completed","3","328.53","211.34","985.59","634.02","351.57","0.00","9.99","985.59","351.57"
"2445","1351","20260826","2000","194","Completed","1","308.11","207.51","308.11","207.51","100.60","0.00","5.99","308.11","100.60"
"2446","1352","20260825","1849","212","Cancelled","1","97.33","68.97","97.33","68.97","28.36","0.00","3.00","97.33","28.36"
"2447","1352","20260825","1849","206","Cancelled","1","140.62","81.04","140.62","81.04","59.58","0.00","3.00","140.62","59.58"
"2448","1353","20260917","1906","197","Cancelled","1","49.20","27.84","49.20","27.84","21.36","5.00","5.00","44.20","16.36"
"2449","1353","20260917","1906","182","Cancelled","2","336.54","258.11","673.08","516.22","156.86","5.00","5.00","668.08","151.86"
"2450","1354","20260916","1826","236","Completed","1","335.82","190.06","335.82","190.06","145.76","5.00","5.99","330.82","140.76"
"2451","1355","20251101","1518","199","Completed","1","154.93","112.90","154.93","112.90","42.03","10.00","5.99","144.93","32.03"
"2452","1356","20260913","1562","234","Completed","1","172.64","112.28","172.64","112.28","60.36","1.67","2.00","170.97","58.69"
"2453","1356","20260913","1562","237","Completed","1","155.89","96.42","155.89","96.42","59.47","1.67","2.00","154.22","57.80"
"2454","1356","20260913","1562","184","Completed","1","93.32","65.41","93.32","65.41","27.91","1.67","2.00","91.65","26.24"
"2455","1357","20260430","1982","212","Returned","1","97.33","68.97","97.33","68.97","28.36","2.50","5.00","94.83","25.86"
"2456","1357","20260430","1982","187","Returned","1","90.39","64.58","90.39","64.58","25.81","2.50","5.00","87.89","23.31"
"2457","1358","20260723","1713","230","Completed","2","94.90","67.25","189.80","134.50","55.30","1.25","0.00","188.55","54.05"
"2458","1358","20260723","1713","206","Completed","1","140.62","81.04","140.62","81.04","59.58","1.25","0.00","139.37","58.33"
"2459","1358","20260723","1713","199","Completed","2","154.93","112.90","309.86","225.80","84.06","1.25","0.00","308.61","82.81"
"2460","1358","20260723","1713","216","Completed","1","315.71","189.79","315.71","189.79","125.92","1.25","0.00","314.46","124.67"
"2461","1359","20260721","1873","228","Completed","1","68.08","45.01","68.08","45.01","23.07","0.00","9.99","68.08","23.07"
"2462","1360","20250814","1848","227","Returned","2","220.71","129.38","441.42","258.76","182.66","10.00","0.00","431.42","172.66"
"2463","1361","20260429","1854","201","Completed","3","183.21","138.22","549.63","414.66","134.97","0.00","5.99","549.63","134.97"
"2464","1362","20260622","1866","186","Returned","1","423.31","240.26","423.31","240.26","183.05","5.00","5.00","418.31","178.05"
"2465","1362","20260622","1866","207","Returned","1","440.02","275.08","440.02","275.08","164.94","5.00","5.00","435.02","159.94"
"2466","1363","20260618","1733","215","Returned","1","45.82","32.17","45.82","32.17","13.65","1.67","0.00","44.15","11.98"
"2467","1363","20260618","1733","232","Returned","2","292.00","192.97","584.00","385.94","198.06","1.67","0.00","582.33","196.39"
"2468","1363","20260618","1733","210","Returned","1","116.09","88.40","116.09","88.40","27.69","1.67","0.00","114.42","26.02"
"2469","1364","20260414","1852","194","Returned","1","308.11","207.51","308.11","207.51","100.60","2.50","0.00","305.61","98.10"
"2470","1364","20260414","1852","196","Returned","1","65.17","42.83","65.17","42.83","22.34","2.50","0.00","62.67","19.84"
"2471","1365","20260822","1699","209","Cancelled","1","157.08","117.89","157.08","117.89","39.19","5.00","5.00","152.08","34.19"
"2472","1365","20260822","1699","213","Cancelled","1","148.42","96.71","148.42","96.71","51.71","5.00","5.00","143.42","46.71"
"2473","1366","20260921","1880","235","Completed","1","40.99","23.15","40.99","23.15","17.84","5.00","5.99","35.99","12.84"
"2474","1367","20260909","1874","210","Completed","1","116.09","88.40","116.09","88.40","27.69","0.00","0.00","116.09","27.69"
"2475","1368","20260511","1994","195","Completed","1","249.99","156.58","249.99","156.58","93.41","0.00","9.99","249.99","93.41"
"2476","1369","20260718","1517","186","Cancelled","1","423.31","240.26","423.31","240.26","183.05","0.00","0.00","423.31","183.05"
"2477","1370","20260406","1911","226","Cancelled","1","155.18","87.63","155.18","87.63","67.55","0.00","9.99","155.18","67.55"
"2478","1371","20260713","1587","213","Completed","1","148.42","96.71","148.42","96.71","51.71","0.00","3.33","148.42","51.71"
"2479","1371","20260713","1587","187","Completed","2","90.39","64.58","180.78","129.16","51.62","0.00","3.33","180.78","51.62"
"2480","1371","20260713","1587","204","Completed","1","186.71","108.43","186.71","108.43","78.28","0.00","3.33","186.71","78.28"
"2481","1372","20260917","1532","188","Completed","2","147.11","98.96","294.22","197.92","96.30","7.50","0.00","286.72","88.80"
"2482","1372","20260917","1532","182","Completed","1","336.54","258.11","336.54","258.11","78.43","7.50","0.00","329.04","70.93"
"2483","1373","20260819","1903","187","Cancelled","1","90.39","64.58","90.39","64.58","25.81","5.00","5.99","85.39","20.81"
"2484","1374","20260817","1611","222","Returned","1","100.07","70.05","100.07","70.05","30.02","0.00","0.00","100.07","30.02"
"2485","1374","20260817","1611","238","Returned","1","192.21","117.17","192.21","117.17","75.04","0.00","0.00","192.21","75.04"
"2486","1375","20260630","1686","234","Completed","3","172.64","112.28","517.92","336.84","181.08","3.33","0.00","514.59","177.75"
"2487","1375","20260630","1686","230","Completed","1","94.90","67.25","94.90","67.25","27.65","3.33","0.00","91.57","24.32"
"2488","1375","20260630","1686","213","Completed","1","148.42","96.71","148.42","96.71","51.71","3.33","0.00","145.09","48.38"
"2489","1376","20260710","1814","184","Completed","3","93.32","65.41","279.96","196.23","83.73","5.00","5.99","274.96","78.73"
"2490","1377","20260918","1956","188","Completed","2","147.11","98.96","294.22","197.92","96.30","7.50","3.00","286.72","88.80"
"2491","1377","20260918","1956","183","Completed","1","60.67","34.80","60.67","34.80","25.87","7.50","3.00","53.17","18.37"
"2492","1378","20260605","1818","209","Cancelled","2","157.08","117.89","314.16","235.78","78.38","10.00","5.99","304.16","68.38"
"2493","1379","20260820","1670","206","Completed","1","140.62","81.04","140.62","81.04","59.58","2.50","2.50","138.12","57.08"
"2494","1379","20260820","1670","184","Completed","1","93.32","65.41","93.32","65.41","27.91","2.50","2.50","90.82","25.41"
"2495","1379","20260820","1670","185","Completed","1","121.63","79.08","121.63","79.08","42.55","2.50","2.50","119.13","40.05"
"2496","1379","20260820","1670","232","Completed","1","292.00","192.97","292.00","192.97","99.03","2.50","2.50","289.50","96.53"
"2497","1380","20260912","1547","208","Completed","1","270.85","183.28","270.85","183.28","87.57","0.00","9.99","270.85","87.57"
"2498","1381","20250818","1691","183","Returned","1","60.67","34.80","60.67","34.80","25.87","15.00","9.99","45.67","10.87"
"2499","1382","20260811","1920","217","Completed","1","148.68","108.91","148.68","108.91","39.77","5.00","5.00","143.68","34.77"
"2500","1382","20260811","1920","236","Completed","1","335.82","190.06","335.82","190.06","145.76","5.00","5.00","330.82","140.76"
"2501","1383","20260321","1564","229","Cancelled","1","328.53","211.34","328.53","211.34","117.19","0.00","9.99","328.53","117.19"
"2502","1384","20260120","1913","191","Cancelled","1","45.75","27.33","45.75","27.33","18.42","10.00","0.00","35.75","8.42"
"2503","1385","20260804","1696","219","Cancelled","1","272.42","159.43","272.42","159.43","112.99","7.50","0.00","264.92","105.49"
"2504","1385","20260804","1696","205","Cancelled","2","77.40","52.92","154.80","105.84","48.96","7.50","0.00","147.30","41.46"
"2505","1386","20260821","1885","229","Cancelled","3","328.53","211.34","985.59","634.02","351.57","15.00","0.00","970.59","336.57"
"2506","1387","20260915","1884","224","Completed","1","44.39","27.23","44.39","27.23","17.16","0.00","0.00","44.39","17.16"
"2507","1387","20260915","1884","227","Completed","1","220.71","129.38","220.71","129.38","91.33","0.00","0.00","220.71","91.33"
"2508","1387","20260915","1884","197","Completed","2","49.20","27.84","98.40","55.68","42.72","0.00","0.00","98.40","42.72"
"2509","1388","20251119","1891","196","Completed","2","65.17","42.83","130.34","85.66","44.68","5.00","0.00","125.34","39.68"
"2510","1389","20260503","1604","200","Cancelled","1","212.44","119.33","212.44","119.33","93.11","10.00","9.99","202.44","83.11"
"2511","1390","20260922","1972","207","Completed","1","440.02","275.08","440.02","275.08","164.94","0.00","0.00","440.02","164.94"
"2512","1391","20260201","1940","219","Cancelled","1","272.42","159.43","272.42","159.43","112.99","0.00","0.00","272.42","112.99"
"2513","1392","20260423","1797","199","Completed","1","154.93","112.90","154.93","112.90","42.03","0.00","5.00","154.93","42.03"
"2514","1392","20260423","1797","185","Completed","1","121.63","79.08","121.63","79.08","42.55","0.00","5.00","121.63","42.55"
"2515","1393","20260410","1543","190","Completed","3","100.47","76.85","301.41","230.55","70.86","0.00","0.00","301.41","70.86"
"2516","1394","20260919","1547","228","Completed","1","68.08","45.01","68.08","45.01","23.07","1.25","1.50","66.83","21.82"
"2517","1394","20260919","1547","222","Completed","1","100.07","70.05","100.07","70.05","30.02","1.25","1.50","98.82","28.77"
"2518","1394","20260919","1547","205","Completed","1","77.40","52.92","77.40","52.92","24.48","1.25","1.50","76.15","23.23"
"2519","1394","20260919","1547","198","Completed","2","71.76","49.35","143.52","98.70","44.82","1.25","1.50","142.27","43.57"
"2520","1395","20260314","1603","194","Cancelled","1","308.11","207.51","308.11","207.51","100.60","0.00","9.99","308.11","100.60"
"2521","1396","20260227","1885","193","Completed","2","232.94","146.33","465.88","292.66","173.22","15.00","5.99","450.88","158.22"
"2522","1397","20250518","1654","192","Completed","1","170.10","125.07","170.10","125.07","45.03","10.00","0.00","160.10","35.03"
"2523","1398","20250929","1713","202","Returned","2","148.28","83.26","296.56","166.52","130.04","5.00","0.00","291.56","125.04"
"2524","1399","20251225","1528","215","Completed","2","45.82","32.17","91.64","64.34","27.30","10.00","5.99","81.64","17.30"
"2525","1400","20260317","1948","190","Returned","2","100.47","76.85","200.94","153.70","47.24","7.50","3.00","193.44","39.74"
"2526","1400","20260317","1948","203","Returned","1","55.41","37.95","55.41","37.95","17.46","7.50","3.00","47.91","9.96"
"2527","1401","20260313","1753","237","Cancelled","1","155.89","96.42","155.89","96.42","59.47","2.50","3.00","153.39","56.97"
"2528","1401","20260313","1753","223","Cancelled","1","80.76","46.98","80.76","46.98","33.78","2.50","3.00","78.26","31.28"
"2529","1402","20260917","1970","184","Cancelled","2","93.32","65.41","186.64","130.82","55.82","0.00","5.00","186.64","55.82"
"2530","1402","20260917","1970","238","Cancelled","1","192.21","117.17","192.21","117.17","75.04","0.00","5.00","192.21","75.04"
"2531","1403","20250817","1609","217","Completed","1","148.68","108.91","148.68","108.91","39.77","0.00","9.99","148.68","39.77"
"2532","1404","20260807","1920","216","Cancelled","1","315.71","189.79","315.71","189.79","125.92","0.00","5.99","315.71","125.92"
"2533","1405","20251225","1856","217","Completed","1","148.68","108.91","148.68","108.91","39.77","0.00","0.00","148.68","39.77"
"2534","1406","20260614","1662","204","Completed","1","186.71","108.43","186.71","108.43","78.28","7.50","3.00","179.21","70.78"
"2535","1406","20260614","1662","190","Completed","1","100.47","76.85","100.47","76.85","23.62","7.50","3.00","92.97","16.12"
"2536","1407","20260123","1580","181","Completed","1","101.22","64.39","101.22","64.39","36.83","0.00","0.00","101.22","36.83"
"2537","1407","20260123","1580","191","Completed","1","45.75","27.33","45.75","27.33","18.42","0.00","0.00","45.75","18.42"
"2538","1408","20260915","1923","231","Completed","2","111.88","80.39","223.76","160.78","62.98","0.00","0.00","223.76","62.98"
"2539","1409","20260803","1950","200","Completed","1","212.44","119.33","212.44","119.33","93.11","7.50","3.00","204.94","85.61"
"2540","1409","20260803","1950","191","Completed","1","45.75","27.33","45.75","27.33","18.42","7.50","3.00","38.25","10.92"
"2541","1410","20260922","1738","230","Cancelled","1","94.90","67.25","94.90","67.25","27.65","2.50","5.00","92.40","25.15"
"2542","1410","20260922","1738","200","Cancelled","1","212.44","119.33","212.44","119.33","93.11","2.50","5.00","209.94","90.61"
"2543","1411","20260910","1973","218","Completed","1","195.26","111.40","195.26","111.40","83.86","0.00","3.00","195.26","83.86"
"2544","1411","20260910","1973","198","Completed","1","71.76","49.35","71.76","49.35","22.41","0.00","3.00","71.76","22.41"
"2545","1412","20260526","1800","224","Cancelled","1","44.39","27.23","44.39","27.23","17.16","1.67","2.00","42.72","15.49"
"2546","1412","20260526","1800","225","Cancelled","1","98.36","65.70","98.36","65.70","32.66","1.67","2.00","96.69","30.99"
"2547","1412","20260526","1800","239","Cancelled","1","116.83","67.33","116.83","67.33","49.50","1.67","2.00","115.16","47.83"
"2548","1413","20260921","1769","240","Completed","1","51.43","38.16","51.43","38.16","13.27","5.00","2.00","46.43","8.27"
"2549","1413","20260921","1769","187","Completed","1","90.39","64.58","90.39","64.58","25.81","5.00","2.00","85.39","20.81"
"2550","1413","20260921","1769","211","Completed","1","412.95","299.35","412.95","299.35","113.60","5.00","2.00","407.95","108.60"
"2551","1414","20260309","1965","196","Cancelled","3","65.17","42.83","195.51","128.49","67.02","3.33","3.33","192.18","63.69"
"2552","1414","20260309","1965","184","Cancelled","1","93.32","65.41","93.32","65.41","27.91","3.33","3.33","89.99","24.58"
"2553","1414","20260309","1965","226","Cancelled","1","155.18","87.63","155.18","87.63","67.55","3.33","3.33","151.85","64.22"
"2554","1415","20251227","1890","219","Returned","1","272.42","159.43","272.42","159.43","112.99","7.50","5.00","264.92","105.49"
"2555","1415","20251227","1890","185","Returned","1","121.63","79.08","121.63","79.08","42.55","7.50","5.00","114.13","35.05"
"2556","1416","20250908","1779","235","Completed","1","40.99","23.15","40.99","23.15","17.84","0.00","0.00","40.99","17.84"
"2557","1417","20260728","1525","191","Cancelled","1","45.75","27.33","45.75","27.33","18.42","0.00","9.99","45.75","18.42"
"2558","1418","20260919","1727","206","Completed","1","140.62","81.04","140.62","81.04","59.58","1.25","2.50","139.37","58.33"
"2559","1418","20260919","1727","207","Completed","1","440.02","275.08","440.02","275.08","164.94","1.25","2.50","438.77","163.69"
"2560","1418","20260919","1727","181","Completed","2","101.22","64.39","202.44","128.78","73.66","1.25","2.50","201.19","72.41"
"2561","1418","20260919","1727","211","Completed","1","412.95","299.35","412.95","299.35","113.60","1.25","2.50","411.70","112.35"
"2562","1419","20260205","1516","202","Returned","1","148.28","83.26","148.28","83.26","65.02","0.00","5.99","148.28","65.02"
"2563","1420","20260918","1533","182","Completed","2","336.54","258.11","673.08","516.22","156.86","10.00","0.00","663.08","146.86"
"2564","1421","20260614","1822","223","Cancelled","3","80.76","46.98","242.28","140.94","101.34","5.00","0.00","237.28","96.34"
"2565","1421","20260614","1822","209","Cancelled","1","157.08","117.89","157.08","117.89","39.19","5.00","0.00","152.08","34.19"
"2566","1421","20260614","1822","215","Cancelled","1","45.82","32.17","45.82","32.17","13.65","5.00","0.00","40.82","8.65"
"2567","1422","20260724","1609","193","Completed","1","232.94","146.33","232.94","146.33","86.61","15.00","0.00","217.94","71.61"
"2568","1423","20260505","1795","217","Returned","2","148.68","108.91","297.36","217.82","79.54","0.00","0.00","297.36","79.54"
"2569","1423","20260505","1795","215","Returned","3","45.82","32.17","137.46","96.51","40.95","0.00","0.00","137.46","40.95"
"2570","1424","20251208","1614","224","Returned","1","44.39","27.23","44.39","27.23","17.16","0.00","9.99","44.39","17.16"
"2571","1425","20260917","1743","229","Completed","2","328.53","211.34","657.06","422.68","234.38","2.50","0.00","654.56","231.88"
"2572","1425","20260917","1743","216","Completed","1","315.71","189.79","315.71","189.79","125.92","2.50","0.00","313.21","123.42"
"2573","1426","20260909","1727","197","Completed","2","49.20","27.84","98.40","55.68","42.72","0.00","0.00","98.40","42.72"
"2574","1426","20260909","1727","239","Completed","1","116.83","67.33","116.83","67.33","49.50","0.00","0.00","116.83","49.50"
"2575","1427","20260228","1987","210","Completed","2","116.09","88.40","232.18","176.80","55.38","0.00","1.50","232.18","55.38"
"2576","1427","20260228","1987","199","Completed","2","154.93","112.90","309.86","225.80","84.06","0.00","1.50","309.86","84.06"
"2577","1427","20260228","1987","215","Completed","2","45.82","32.17","91.64","64.34","27.30","0.00","1.50","91.64","27.30"
"2578","1427","20260228","1987","231","Completed","1","111.88","80.39","111.88","80.39","31.49","0.00","1.50","111.88","31.49"
"2579","1428","20251013","1555","181","Completed","1","101.22","64.39","101.22","64.39","36.83","5.00","3.00","96.22","31.83"
"2580","1428","20251013","1555","213","Completed","1","148.42","96.71","148.42","96.71","51.71","5.00","3.00","143.42","46.71"
"2581","1429","20260309","1650","196","Completed","1","65.17","42.83","65.17","42.83","22.34","7.50","0.00","57.67","14.84"
"2582","1429","20260309","1650","238","Completed","1","192.21","117.17","192.21","117.17","75.04","7.50","0.00","184.71","67.54"
"2583","1430","20250816","1752","194","Returned","1","308.11","207.51","308.11","207.51","100.60","0.00","3.00","308.11","100.60"
"2584","1430","20250816","1752","207","Returned","1","440.02","275.08","440.02","275.08","164.94","0.00","3.00","440.02","164.94"
"2585","1431","20260908","1850","228","Completed","1","68.08","45.01","68.08","45.01","23.07","0.00","5.00","68.08","23.07"
"2586","1431","20260908","1850","234","Completed","1","172.64","112.28","172.64","112.28","60.36","0.00","5.00","172.64","60.36"
"2587","1432","20260909","1908","235","Completed","3","40.99","23.15","122.97","69.45","53.52","5.00","0.00","117.97","48.52"
"2588","1433","20260911","1766","210","Completed","1","116.09","88.40","116.09","88.40","27.69","15.00","0.00","101.09","12.69"
"2589","1434","20260429","1594","213","Completed","1","148.42","96.71","148.42","96.71","51.71","0.00","5.99","148.42","51.71"
"2590","1435","20251219","1828","200","Cancelled","1","212.44","119.33","212.44","119.33","93.11","0.00","5.00","212.44","93.11"
"2591","1435","20251219","1828","182","Cancelled","2","336.54","258.11","673.08","516.22","156.86","0.00","5.00","673.08","156.86"
"2592","1436","20260829","1815","201","Cancelled","1","183.21","138.22","183.21","138.22","44.99","5.00","2.00","178.21","39.99"
"2593","1436","20260829","1815","222","Cancelled","1","100.07","70.05","100.07","70.05","30.02","5.00","2.00","95.07","25.02"
"2594","1436","20260829","1815","204","Cancelled","1","186.71","108.43","186.71","108.43","78.28","5.00","2.00","181.71","73.28"
"2595","1437","20260619","1556","234","Returned","1","172.64","112.28","172.64","112.28","60.36","0.00","2.00","172.64","60.36"
"2596","1437","20260619","1556","239","Returned","2","116.83","67.33","233.66","134.66","99.00","0.00","2.00","233.66","99.00"
"2597","1437","20260619","1556","200","Returned","1","212.44","119.33","212.44","119.33","93.11","0.00","2.00","212.44","93.11"
"2598","1438","20260905","1784","193","Completed","1","232.94","146.33","232.94","146.33","86.61","3.75","0.00","229.19","82.86"
"2599","1438","20260905","1784","234","Completed","1","172.64","112.28","172.64","112.28","60.36","3.75","0.00","168.89","56.61"
"2600","1438","20260905","1784","220","Completed","1","97.88","74.33","97.88","74.33","23.55","3.75","0.00","94.13","19.80"
"2601","1438","20260905","1784","217","Completed","2","148.68","108.91","297.36","217.82","79.54","3.75","0.00","293.61","75.79"
"2602","1439","20251129","1502","224","Completed","1","44.39","27.23","44.39","27.23","17.16","0.00","0.00","44.39","17.16"
"2603","1439","20251129","1502","231","Completed","1","111.88","80.39","111.88","80.39","31.49","0.00","0.00","111.88","31.49"
"2604","1439","20251129","1502","238","Completed","1","192.21","117.17","192.21","117.17","75.04","0.00","0.00","192.21","75.04"
"2605","1440","20260802","1976","197","Returned","1","49.20","27.84","49.20","27.84","21.36","0.00","9.99","49.20","21.36"
"2606","1441","20251231","1622","230","Completed","1","94.90","67.25","94.90","67.25","27.65","0.00","0.00","94.90","27.65"
"2607","1441","20251231","1622","188","Completed","1","147.11","98.96","147.11","98.96","48.15","0.00","0.00","147.11","48.15"
"2608","1441","20251231","1622","184","Completed","1","93.32","65.41","93.32","65.41","27.91","0.00","0.00","93.32","27.91"
"2609","1442","20250717","1919","197","Completed","1","49.20","27.84","49.20","27.84","21.36","15.00","9.99","34.20","6.36"
"2610","1443","20260511","1839","195","Returned","3","249.99","156.58","749.97","469.74","280.23","5.00","9.99","744.97","275.23"
"2611","1444","20260122","1980","232","Completed","1","292.00","192.97","292.00","192.97","99.03","0.00","0.00","292.00","99.03"
"2612","1444","20260122","1980","187","Completed","2","90.39","64.58","180.78","129.16","51.62","0.00","0.00","180.78","51.62"
"2613","1444","20260122","1980","225","Completed","1","98.36","65.70","98.36","65.70","32.66","0.00","0.00","98.36","32.66"
"2614","1444","20260122","1980","216","Completed","1","315.71","189.79","315.71","189.79","125.92","0.00","0.00","315.71","125.92"
"2615","1445","20260721","1635","193","Completed","3","232.94","146.33","698.82","438.99","259.83","0.00","5.99","698.82","259.83"
"2616","1446","20260801","1565","215","Completed","1","45.82","32.17","45.82","32.17","13.65","0.00","9.99","45.82","13.65"
"2617","1447","20251206","1737","239","Completed","1","116.83","67.33","116.83","67.33","49.50","5.00","0.00","111.83","44.50"
"2618","1447","20251206","1737","220","Completed","1","97.88","74.33","97.88","74.33","23.55","5.00","0.00","92.88","18.55"
"2619","1448","20250913","1504","188","Completed","2","147.11","98.96","294.22","197.92","96.30","0.00","5.99","294.22","96.30"
"2620","1449","20260703","1587","192","Completed","1","170.10","125.07","170.10","125.07","45.03","0.00","0.00","170.10","45.03"
"2621","1450","20260304","1928","206","Returned","1","140.62","81.04","140.62","81.04","59.58","5.00","9.99","135.62","54.58"
"2622","1451","20250920","1591","198","Completed","1","71.76","49.35","71.76","49.35","22.41","5.00","0.00","66.76","17.41"
"2623","1452","20260902","1537","193","Cancelled","1","232.94","146.33","232.94","146.33","86.61","0.00","3.00","232.94","86.61"
"2624","1452","20260902","1537","223","Cancelled","1","80.76","46.98","80.76","46.98","33.78","0.00","3.00","80.76","33.78"
"2625","1453","20260920","1569","203","Completed","1","55.41","37.95","55.41","37.95","17.46","2.50","5.00","52.91","14.96"
"2626","1453","20260920","1569","185","Completed","1","121.63","79.08","121.63","79.08","42.55","2.50","5.00","119.13","40.05"
"2627","1454","20260919","1711","192","Completed","2","170.10","125.07","340.20","250.14","90.06","10.00","0.00","330.20","80.06"
"2628","1455","20260716","1741","213","Cancelled","1","148.42","96.71","148.42","96.71","51.71","15.00","9.99","133.42","36.71"
"2629","1456","20260714","1750","202","Completed","1","148.28","83.26","148.28","83.26","65.02","0.00","5.99","148.28","65.02"
"2630","1457","20260918","1646","194","Completed","2","308.11","207.51","616.22","415.02","201.20","0.00","5.99","616.22","201.20"
"2631","1458","20260205","1824","190","Completed","3","100.47","76.85","301.41","230.55","70.86","15.00","9.99","286.41","55.86"
"2632","1459","20260823","1973","237","Completed","1","155.89","96.42","155.89","96.42","59.47","0.00","2.00","155.89","59.47"
"2633","1459","20260823","1973","189","Completed","1","413.12","294.37","413.12","294.37","118.75","0.00","2.00","413.12","118.75"
"2634","1459","20260823","1973","183","Completed","1","60.67","34.80","60.67","34.80","25.87","0.00","2.00","60.67","25.87"
"2635","1460","20260601","1905","223","Returned","1","80.76","46.98","80.76","46.98","33.78","0.00","3.00","80.76","33.78"
"2636","1460","20260601","1905","231","Returned","2","111.88","80.39","223.76","160.78","62.98","0.00","3.00","223.76","62.98"
"2637","1461","20260123","1671","225","Completed","1","98.36","65.70","98.36","65.70","32.66","5.00","9.99","93.36","27.66"
"2638","1462","20260904","1557","203","Returned","1","55.41","37.95","55.41","37.95","17.46","0.00","9.99","55.41","17.46"
"2639","1463","20260216","1801","182","Completed","1","336.54","258.11","336.54","258.11","78.43","5.00","3.33","331.54","73.43"
"2640","1463","20260216","1801","229","Completed","1","328.53","211.34","328.53","211.34","117.19","5.00","3.33","323.53","112.19"
"2641","1463","20260216","1801","190","Completed","1","100.47","76.85","100.47","76.85","23.62","5.00","3.33","95.47","18.62"
"2642","1464","20250421","1542","235","Cancelled","1","40.99","23.15","40.99","23.15","17.84","0.00","0.00","40.99","17.84"
"2643","1465","20251227","1692","232","Completed","1","292.00","192.97","292.00","192.97","99.03","5.00","3.00","287.00","94.03"
"2644","1465","20251227","1692","204","Completed","1","186.71","108.43","186.71","108.43","78.28","5.00","3.00","181.71","73.28"
"2645","1466","20260105","1512","192","Completed","1","170.10","125.07","170.10","125.07","45.03","0.00","5.00","170.10","45.03"
"2646","1466","20260105","1512","200","Completed","1","212.44","119.33","212.44","119.33","93.11","0.00","5.00","212.44","93.11"
"2647","1467","20250120","1930","230","Completed","1","94.90","67.25","94.90","67.25","27.65","3.33","3.33","91.57","24.32"
"2648","1467","20250120","1930","233","Completed","3","100.29","55.86","300.87","167.58","133.29","3.33","3.33","297.54","129.96"
"2649","1467","20250120","1930","208","Completed","1","270.85","183.28","270.85","183.28","87.57","3.33","3.33","267.52","84.24"
"2650","1468","20260917","1856","220","Completed","2","97.88","74.33","195.76","148.66","47.10","0.00","5.00","195.76","47.10"
"2651","1468","20260917","1856","227","Completed","1","220.71","129.38","220.71","129.38","91.33","0.00","5.00","220.71","91.33"
"2652","1469","20251006","1837","218","Completed","1","195.26","111.40","195.26","111.40","83.86","0.00","0.00","195.26","83.86"
"2653","1469","20251006","1837","237","Completed","1","155.89","96.42","155.89","96.42","59.47","0.00","0.00","155.89","59.47"
"2654","1469","20251006","1837","221","Completed","1","211.10","133.66","211.10","133.66","77.44","0.00","0.00","211.10","77.44"
"2655","1470","20260921","1910","192","Completed","1","170.10","125.07","170.10","125.07","45.03","2.50","3.00","167.60","42.53"
"2656","1470","20260921","1910","210","Completed","1","116.09","88.40","116.09","88.40","27.69","2.50","3.00","113.59","25.19"
"2657","1471","20260730","1784","196","Completed","1","65.17","42.83","65.17","42.83","22.34","10.00","5.99","55.17","12.34"
"2658","1472","20251119","1852","212","Completed","1","97.33","68.97","97.33","68.97","28.36","0.00","5.99","97.33","28.36"
"2659","1473","20250306","1639","227","Returned","1","220.71","129.38","220.71","129.38","91.33","0.00","2.00","220.71","91.33"
"2660","1473","20250306","1639","217","Returned","2","148.68","108.91","297.36","217.82","79.54","0.00","2.00","297.36","79.54"
"2661","1473","20250306","1639","213","Returned","1","148.42","96.71","148.42","96.71","51.71","0.00","2.00","148.42","51.71"
"2662","1474","20260730","1883","186","Completed","1","423.31","240.26","423.31","240.26","183.05","5.00","5.00","418.31","178.05"
"2663","1474","20260730","1883","224","Completed","1","44.39","27.23","44.39","27.23","17.16","5.00","5.00","39.39","12.16"
"2664","1475","20260109","1937","218","Completed","2","195.26","111.40","390.52","222.80","167.72","0.00","9.99","390.52","167.72"
"2665","1476","20260909","1529","213","Completed","1","148.42","96.71","148.42","96.71","51.71","0.00","5.00","148.42","51.71"
"2666","1476","20260909","1529","202","Completed","2","148.28","83.26","296.56","166.52","130.04","0.00","5.00","296.56","130.04"
"2667","1477","20250919","1945","213","Returned","1","148.42","96.71","148.42","96.71","51.71","0.00","5.00","148.42","51.71"
"2668","1477","20250919","1945","212","Returned","1","97.33","68.97","97.33","68.97","28.36","0.00","5.00","97.33","28.36"
"2669","1478","20260916","1957","231","Completed","1","111.88","80.39","111.88","80.39","31.49","10.00","0.00","101.88","21.49"
"2670","1479","20260903","1549","211","Completed","2","412.95","299.35","825.90","598.70","227.20","0.00","9.99","825.90","227.20"
"2671","1480","20260627","1811","238","Completed","1","192.21","117.17","192.21","117.17","75.04","0.00","3.00","192.21","75.04"
"2672","1480","20260627","1811","234","Completed","1","172.64","112.28","172.64","112.28","60.36","0.00","3.00","172.64","60.36"
"2673","1481","20260424","1553","182","Cancelled","1","336.54","258.11","336.54","258.11","78.43","0.00","3.00","336.54","78.43"
"2674","1481","20260424","1553","188","Cancelled","3","147.11","98.96","441.33","296.88","144.45","0.00","3.00","441.33","144.45"
"2675","1482","20250805","1677","187","Completed","1","90.39","64.58","90.39","64.58","25.81","0.00","1.50","90.39","25.81"
"2676","1482","20250805","1677","218","Completed","1","195.26","111.40","195.26","111.40","83.86","0.00","1.50","195.26","83.86"
"2677","1482","20250805","1677","236","Completed","1","335.82","190.06","335.82","190.06","145.76","0.00","1.50","335.82","145.76"
"2678","1482","20250805","1677","198","Completed","1","71.76","49.35","71.76","49.35","22.41","0.00","1.50","71.76","22.41"
"2679","1483","20260430","1839","221","Returned","1","211.10","133.66","211.10","133.66","77.44","0.00","5.00","211.10","77.44"
"2680","1483","20260430","1839","197","Returned","1","49.20","27.84","49.20","27.84","21.36","0.00","5.00","49.20","21.36"
"2681","1484","20260914","1807","210","Completed","1","116.09","88.40","116.09","88.40","27.69","5.00","9.99","111.09","22.69"
"2682","1485","20260101","1680","203","Completed","1","55.41","37.95","55.41","37.95","17.46","0.00","2.50","55.41","17.46"
"2683","1485","20260101","1680","237","Completed","1","155.89","96.42","155.89","96.42","59.47","0.00","2.50","155.89","59.47"
"2684","1485","20260101","1680","232","Completed","1","292.00","192.97","292.00","192.97","99.03","0.00","2.50","292.00","99.03"
"2685","1485","20260101","1680","196","Completed","1","65.17","42.83","65.17","42.83","22.34","0.00","2.50","65.17","22.34"
"2686","1486","20250902","1704","212","Returned","1","97.33","68.97","97.33","68.97","28.36","2.50","0.00","94.83","25.86"
"2687","1486","20250902","1704","184","Returned","1","93.32","65.41","93.32","65.41","27.91","2.50","0.00","90.82","25.41"
"2688","1487","20260626","1864","231","Completed","1","111.88","80.39","111.88","80.39","31.49","0.00","0.00","111.88","31.49"
"2689","1488","20251014","1922","229","Completed","1","328.53","211.34","328.53","211.34","117.19","10.00","9.99","318.53","107.19"
"2690","1489","20260919","1570","230","Returned","1","94.90","67.25","94.90","67.25","27.65","15.00","0.00","79.90","12.65"
"2691","1490","20260912","1986","181","Completed","1","101.22","64.39","101.22","64.39","36.83","0.00","9.99","101.22","36.83"
"2692","1491","20260602","1950","209","Completed","1","157.08","117.89","157.08","117.89","39.19","0.00","9.99","157.08","39.19"
"2693","1492","20260907","1520","238","Completed","2","192.21","117.17","384.42","234.34","150.08","0.00","5.99","384.42","150.08"
"2694","1493","20260809","1535","189","Returned","1","413.12","294.37","413.12","294.37","118.75","0.00","0.00","413.12","118.75"
"2695","1493","20260809","1535","225","Returned","1","98.36","65.70","98.36","65.70","32.66","0.00","0.00","98.36","32.66"
"2696","1494","20260918","1991","191","Returned","1","45.75","27.33","45.75","27.33","18.42","15.00","9.99","30.75","3.42"
"2697","1495","20260916","1971","234","Completed","1","172.64","112.28","172.64","112.28","60.36","5.00","5.00","167.64","55.36"
"2698","1495","20260916","1971","227","Completed","1","220.71","129.38","220.71","129.38","91.33","5.00","5.00","215.71","86.33"
"2699","1496","20260920","1692","188","Completed","1","147.11","98.96","147.11","98.96","48.15","0.00","0.00","147.11","48.15"
"2700","1496","20260920","1692","198","Completed","1","71.76","49.35","71.76","49.35","22.41","0.00","0.00","71.76","22.41"
"2701","1496","20260920","1692","238","Completed","1","192.21","117.17","192.21","117.17","75.04","0.00","0.00","192.21","75.04"
"2702","1497","20250721","1520","198","Returned","1","71.76","49.35","71.76","49.35","22.41","0.00","0.00","71.76","22.41"
"2703","1498","20251207","1771","201","Completed","1","183.21","138.22","183.21","138.22","44.99","10.00","0.00","173.21","34.99"
"2704","1499","20260921","1697","229","Completed","1","328.53","211.34","328.53","211.34","117.19","0.00","5.99","328.53","117.19"
"2705","1500","20251214","1555","213","Completed","1","148.42","96.71","148.42","96.71","51.71","0.00","9.99","148.42","51.71"
"2706","1501","20251201","1671","215","Completed","1","45.82","32.17","45.82","32.17","13.65","0.00","0.00","45.82","13.65"
"2707","1502","20251106","1511","189","Completed","1","413.12","294.37","413.12","294.37","118.75","5.00","5.99","408.12","113.75"
"2708","1503","20260912","1652","227","Completed","2","220.71","129.38","441.42","258.76","182.66","5.00","5.99","436.42","177.66"
"2709","1504","20260616","1728","215","Cancelled","2","45.82","32.17","91.64","64.34","27.30","0.00","3.33","91.64","27.30"
"2710","1504","20260616","1728","194","Cancelled","1","308.11","207.51","308.11","207.51","100.60","0.00","3.33","308.11","100.60"
"2711","1504","20260616","1728","189","Cancelled","1","413.12","294.37","413.12","294.37","118.75","0.00","3.33","413.12","118.75"
"2712","1505","20260703","1749","231","Cancelled","1","111.88","80.39","111.88","80.39","31.49","0.00","5.00","111.88","31.49"
"2713","1505","20260703","1749","235","Cancelled","2","40.99","23.15","81.98","46.30","35.68","0.00","5.00","81.98","35.68"
"2714","1506","20260606","1886","238","Completed","1","192.21","117.17","192.21","117.17","75.04","0.00","9.99","192.21","75.04"
"2715","1507","20260915","1906","221","Returned","1","211.10","133.66","211.10","133.66","77.44","0.00","9.99","211.10","77.44"
"2716","1508","20250612","1758","220","Completed","1","97.88","74.33","97.88","74.33","23.55","0.00","0.00","97.88","23.55"
"2717","1508","20250612","1758","194","Completed","1","308.11","207.51","308.11","207.51","100.60","0.00","0.00","308.11","100.60"
"2718","1509","20251226","1699","238","Returned","1","192.21","117.17","192.21","117.17","75.04","0.00","0.00","192.21","75.04"
"2719","1510","20250818","1598","216","Returned","1","315.71","189.79","315.71","189.79","125.92","0.00","0.00","315.71","125.92"
"2720","1511","20260511","1797","236","Returned","1","335.82","190.06","335.82","190.06","145.76","0.00","5.99","335.82","145.76"
"2721","1512","20260824","1531","211","Completed","1","412.95","299.35","412.95","299.35","113.60","2.50","5.00","410.45","111.10"
"2722","1512","20260824","1531","194","Completed","2","308.11","207.51","616.22","415.02","201.20","2.50","5.00","613.72","198.70"
"2723","1513","20260830","1935","229","Completed","2","328.53","211.34","657.06","422.68","234.38","0.00","5.99","657.06","234.38"
"2724","1514","20260703","1746","188","Completed","1","147.11","98.96","147.11","98.96","48.15","0.00","2.00","147.11","48.15"
"2725","1514","20260703","1746","231","Completed","1","111.88","80.39","111.88","80.39","31.49","0.00","2.00","111.88","31.49"
"2726","1514","20260703","1746","236","Completed","1","335.82","190.06","335.82","190.06","145.76","0.00","2.00","335.82","145.76"
"2727","1515","20260917","1954","232","Returned","2","292.00","192.97","584.00","385.94","198.06","5.00","5.99","579.00","193.06"
"2728","1516","20260221","1764","212","Completed","1","97.33","68.97","97.33","68.97","28.36","5.00","0.00","92.33","23.36"
"2729","1517","20260812","1884","182","Completed","1","336.54","258.11","336.54","258.11","78.43","0.00","5.99","336.54","78.43"
"2730","1518","20260523","1649","234","Cancelled","1","172.64","112.28","172.64","112.28","60.36","0.00","9.99","172.64","60.36"
"2731","1519","20250909","1649","201","Cancelled","1","183.21","138.22","183.21","138.22","44.99","15.00","9.99","168.21","29.99"
"2732","1520","20260805","1907","212","Completed","1","97.33","68.97","97.33","68.97","28.36","1.67","0.00","95.66","26.69"
"2733","1520","20260805","1907","195","Completed","1","249.99","156.58","249.99","156.58","93.41","1.67","0.00","248.32","91.74"
"2734","1520","20260805","1907","230","Completed","1","94.90","67.25","94.90","67.25","27.65","1.67","0.00","93.23","25.98"
"2735","1521","20250611","1685","221","Completed","1","211.10","133.66","211.10","133.66","77.44","5.00","0.00","206.10","72.44"
"2736","1521","20250611","1685","186","Completed","2","423.31","240.26","846.62","480.52","366.10","5.00","0.00","841.62","361.10"
"2737","1522","20260626","1995","183","Returned","1","60.67","34.80","60.67","34.80","25.87","0.00","0.00","60.67","25.87"
"2738","1522","20260626","1995","226","Returned","2","155.18","87.63","310.36","175.26","135.10","0.00","0.00","310.36","135.10"
"2739","1523","20260909","1529","233","Returned","1","100.29","55.86","100.29","55.86","44.43","1.67","0.00","98.62","42.76"
"2740","1523","20260909","1529","197","Returned","1","49.20","27.84","49.20","27.84","21.36","1.67","0.00","47.53","19.69"
"2741","1523","20260909","1529","199","Returned","2","154.93","112.90","309.86","225.80","84.06","1.67","0.00","308.19","82.39"
"2742","1524","20260504","1514","218","Returned","2","195.26","111.40","390.52","222.80","167.72","0.00","5.99","390.52","167.72"
"2743","1525","20260624","1579","217","Completed","2","148.68","108.91","297.36","217.82","79.54","0.00","5.99","297.36","79.54"
"2744","1526","20251130","1856","215","Completed","1","45.82","32.17","45.82","32.17","13.65","7.50","0.00","38.32","6.15"
"2745","1526","20251130","1856","216","Completed","1","315.71","189.79","315.71","189.79","125.92","7.50","0.00","308.21","118.42"
"2746","1527","20260612","1873","210","Completed","2","116.09","88.40","232.18","176.80","55.38","0.00","5.00","232.18","55.38"
"2747","1527","20260612","1873","231","Completed","1","111.88","80.39","111.88","80.39","31.49","0.00","5.00","111.88","31.49"
"2748","1528","20251108","1628","193","Completed","1","232.94","146.33","232.94","146.33","86.61","0.00","0.00","232.94","86.61"
"2749","1528","20251108","1628","240","Completed","2","51.43","38.16","102.86","76.32","26.54","0.00","0.00","102.86","26.54"
"2750","1529","20260323","1610","239","Returned","1","116.83","67.33","116.83","67.33","49.50","15.00","9.99","101.83","34.50"
"2751","1530","20260327","1789","238","Completed","1","192.21","117.17","192.21","117.17","75.04","0.00","9.99","192.21","75.04"
"2752","1531","20260615","1833","223","Completed","1","80.76","46.98","80.76","46.98","33.78","0.00","0.00","80.76","33.78"
"2753","1532","20260520","1659","196","Completed","1","65.17","42.83","65.17","42.83","22.34","0.00","5.99","65.17","22.34"
"2754","1533","20260802","1805","204","Completed","1","186.71","108.43","186.71","108.43","78.28","0.00","0.00","186.71","78.28"
"2755","1534","20260805","1723","237","Completed","2","155.89","96.42","311.78","192.84","118.94","0.00","5.00","311.78","118.94"
"2756","1534","20260805","1723","208","Completed","2","270.85","183.28","541.70","366.56","175.14","0.00","5.00","541.70","175.14"
"2757","1535","20260702","1829","205","Completed","2","77.40","52.92","154.80","105.84","48.96","5.00","0.00","149.80","43.96"
"2758","1536","20260523","1900","222","Completed","1","100.07","70.05","100.07","70.05","30.02","0.00","5.00","100.07","30.02"
"2759","1536","20260523","1900","201","Completed","1","183.21","138.22","183.21","138.22","44.99","0.00","5.00","183.21","44.99"
"2760","1537","20260831","1559","228","Completed","1","68.08","45.01","68.08","45.01","23.07","0.00","5.99","68.08","23.07"
"2761","1538","20260311","1925","183","Returned","2","60.67","34.80","121.34","69.60","51.74","1.25","2.50","120.09","50.49"
"2762","1538","20260311","1925","238","Returned","1","192.21","117.17","192.21","117.17","75.04","1.25","2.50","190.96","73.79"
"2763","1538","20260311","1925","181","Returned","1","101.22","64.39","101.22","64.39","36.83","1.25","2.50","99.97","35.58"
"2764","1538","20260311","1925","184","Returned","1","93.32","65.41","93.32","65.41","27.91","1.25","2.50","92.07","26.66"
"2765","1539","20251118","1851","238","Cancelled","1","192.21","117.17","192.21","117.17","75.04","0.00","0.00","192.21","75.04"
"2766","1539","20251118","1851","192","Cancelled","2","170.10","125.07","340.20","250.14","90.06","0.00","0.00","340.20","90.06"
"2767","1540","20260614","1958","186","Cancelled","2","423.31","240.26","846.62","480.52","366.10","0.00","5.99","846.62","366.10"
"2768","1541","20260922","1646","222","Returned","1","100.07","70.05","100.07","70.05","30.02","0.00","2.00","100.07","30.02"
"2769","1541","20260922","1646","211","Returned","1","412.95","299.35","412.95","299.35","113.60","0.00","2.00","412.95","113.60"
"2770","1541","20260922","1646","184","Returned","1","93.32","65.41","93.32","65.41","27.91","0.00","2.00","93.32","27.91"
"2771","1542","20260507","1582","193","Completed","1","232.94","146.33","232.94","146.33","86.61","0.00","3.00","232.94","86.61"
"2772","1542","20260507","1582","230","Completed","2","94.90","67.25","189.80","134.50","55.30","0.00","3.00","189.80","55.30"
"2773","1543","20260706","1851","238","Completed","1","192.21","117.17","192.21","117.17","75.04","5.00","9.99","187.21","70.04"
"2774","1544","20260903","1583","232","Completed","1","292.00","192.97","292.00","192.97","99.03","5.00","9.99","287.00","94.03"
"2775","1545","20250819","1786","208","Cancelled","2","270.85","183.28","541.70","366.56","175.14","0.00","0.00","541.70","175.14"
"2776","1546","20260904","1612","195","Completed","1","249.99","156.58","249.99","156.58","93.41","0.00","0.00","249.99","93.41"
"2777","1546","20260904","1612","226","Completed","1","155.18","87.63","155.18","87.63","67.55","0.00","0.00","155.18","67.55"
"2778","1547","20250918","1508","201","Completed","1","183.21","138.22","183.21","138.22","44.99","0.00","3.33","183.21","44.99"
"2779","1547","20250918","1508","183","Completed","1","60.67","34.80","60.67","34.80","25.87","0.00","3.33","60.67","25.87"
"2780","1547","20250918","1508","208","Completed","1","270.85","183.28","270.85","183.28","87.57","0.00","3.33","270.85","87.57"
"2781","1548","20260116","1656","188","Completed","1","147.11","98.96","147.11","98.96","48.15","0.00","0.00","147.11","48.15"
"2782","1549","20260910","1621","210","Completed","1","116.09","88.40","116.09","88.40","27.69","5.00","0.00","111.09","22.69"
"2783","1550","20260422","1588","212","Completed","2","97.33","68.97","194.66","137.94","56.72","0.00","9.99","194.66","56.72"
"2784","1551","20251121","1737","209","Completed","1","157.08","117.89","157.08","117.89","39.19","15.00","9.99","142.08","24.19"
"2785","1552","20260627","1640","223","Completed","1","80.76","46.98","80.76","46.98","33.78","0.00","0.00","80.76","33.78"
"2786","1552","20260627","1640","233","Completed","1","100.29","55.86","100.29","55.86","44.43","0.00","0.00","100.29","44.43"
"2787","1553","20260807","1876","183","Completed","1","60.67","34.80","60.67","34.80","25.87","2.50","5.00","58.17","23.37"
"2788","1553","20260807","1876","197","Completed","1","49.20","27.84","49.20","27.84","21.36","2.50","5.00","46.70","18.86"
"2789","1554","20260521","1932","203","Completed","2","55.41","37.95","110.82","75.90","34.92","5.00","5.99","105.82","29.92"
"2790","1555","20260513","1625","208","Returned","1","270.85","183.28","270.85","183.28","87.57","0.00","0.00","270.85","87.57"
"2791","1556","20260421","1814","206","Cancelled","1","140.62","81.04","140.62","81.04","59.58","0.00","0.00","140.62","59.58"
"2792","1556","20260421","1814","210","Cancelled","1","116.09","88.40","116.09","88.40","27.69","0.00","0.00","116.09","27.69"
"2793","1557","20260518","1617","231","Completed","1","111.88","80.39","111.88","80.39","31.49","2.50","0.00","109.38","28.99"
"2794","1557","20260518","1617","225","Completed","2","98.36","65.70","196.72","131.40","65.32","2.50","0.00","194.22","62.82"
"2795","1557","20260518","1617","230","Completed","1","94.90","67.25","94.90","67.25","27.65","2.50","0.00","92.40","25.15"
"2796","1557","20260518","1617","204","Completed","1","186.71","108.43","186.71","108.43","78.28","2.50","0.00","184.21","75.78"
"2797","1558","20250727","1931","228","Completed","1","68.08","45.01","68.08","45.01","23.07","0.00","0.00","68.08","23.07"
"2798","1558","20250727","1931","232","Completed","1","292.00","192.97","292.00","192.97","99.03","0.00","0.00","292.00","99.03"
"2799","1559","20260826","1558","232","Completed","1","292.00","192.97","292.00","192.97","99.03","0.00","9.99","292.00","99.03"
"2800","1560","20260902","1753","238","Cancelled","1","192.21","117.17","192.21","117.17","75.04","0.00","0.00","192.21","75.04"
"2801","1561","20251018","1848","210","Completed","1","116.09","88.40","116.09","88.40","27.69","15.00","0.00","101.09","12.69"
"2802","1562","20260814","1769","185","Cancelled","1","121.63","79.08","121.63","79.08","42.55","3.33","3.33","118.30","39.22"
"2803","1562","20260814","1769","204","Cancelled","1","186.71","108.43","186.71","108.43","78.28","3.33","3.33","183.38","74.95"
"2804","1562","20260814","1769","210","Cancelled","1","116.09","88.40","116.09","88.40","27.69","3.33","3.33","112.76","24.36"
"2805","1563","20260621","1758","228","Completed","2","68.08","45.01","136.16","90.02","46.14","0.00","0.00","136.16","46.14"
"2806","1563","20260621","1758","229","Completed","1","328.53","211.34","328.53","211.34","117.19","0.00","0.00","328.53","117.19"
"2807","1563","20260621","1758","185","Completed","1","121.63","79.08","121.63","79.08","42.55","0.00","0.00","121.63","42.55"
"2808","1563","20260621","1758","212","Completed","2","97.33","68.97","194.66","137.94","56.72","0.00","0.00","194.66","56.72"
"2809","1564","20260912","1723","198","Completed","1","71.76","49.35","71.76","49.35","22.41","0.00","9.99","71.76","22.41"
"2810","1565","20260427","1521","228","Completed","2","68.08","45.01","136.16","90.02","46.14","0.00","9.99","136.16","46.14"
"2811","1566","20260301","1788","229","Cancelled","1","328.53","211.34","328.53","211.34","117.19","10.00","0.00","318.53","107.19"
"2812","1567","20260529","1720","212","Returned","1","97.33","68.97","97.33","68.97","28.36","0.00","9.99","97.33","28.36"
"2813","1568","20260919","1589","216","Completed","1","315.71","189.79","315.71","189.79","125.92","7.50","5.00","308.21","118.42"
"2814","1568","20260919","1589","206","Completed","3","140.62","81.04","421.86","243.12","178.74","7.50","5.00","414.36","171.24"
"2815","1569","20260818","1711","227","Cancelled","1","220.71","129.38","220.71","129.38","91.33","0.00","0.00","220.71","91.33"
"2816","1570","20260920","1840","211","Completed","1","412.95","299.35","412.95","299.35","113.60","0.00","3.33","412.95","113.60"
"2817","1570","20260920","1840","221","Completed","3","211.10","133.66","633.30","400.98","232.32","0.00","3.33","633.30","232.32"
"2818","1570","20260920","1840","201","Completed","1","183.21","138.22","183.21","138.22","44.99","0.00","3.33","183.21","44.99"
"2819","1571","20260627","1578","206","Cancelled","1","140.62","81.04","140.62","81.04","59.58","0.00","9.99","140.62","59.58"
"2820","1572","20260628","1602","213","Completed","1","148.42","96.71","148.42","96.71","51.71","10.00","5.99","138.42","41.71"
"2821","1573","20260616","1888","225","Returned","1","98.36","65.70","98.36","65.70","32.66","10.00","5.99","88.36","22.66"
"2822","1574","20260313","1526","222","Completed","1","100.07","70.05","100.07","70.05","30.02","0.00","9.99","100.07","30.02"
"2823","1575","20260704","1968","194","Cancelled","2","308.11","207.51","616.22","415.02","201.20","5.00","3.33","611.22","196.20"
"2824","1575","20260704","1968","210","Cancelled","1","116.09","88.40","116.09","88.40","27.69","5.00","3.33","111.09","22.69"
"2825","1575","20260704","1968","240","Cancelled","1","51.43","38.16","51.43","38.16","13.27","5.00","3.33","46.43","8.27"
"2826","1576","20260906","1654","238","Completed","1","192.21","117.17","192.21","117.17","75.04","0.00","3.00","192.21","75.04"
"2827","1576","20260906","1654","225","Completed","2","98.36","65.70","196.72","131.40","65.32","0.00","3.00","196.72","65.32"
"2828","1577","20260804","1999","213","Completed","1","148.42","96.71","148.42","96.71","51.71","2.50","3.00","145.92","49.21"
"2829","1577","20260804","1999","233","Completed","1","100.29","55.86","100.29","55.86","44.43","2.50","3.00","97.79","41.93"
"2830","1578","20260819","1976","189","Cancelled","2","413.12","294.37","826.24","588.74","237.50","0.00","3.33","826.24","237.50"
"2831","1578","20260819","1976","221","Cancelled","1","211.10","133.66","211.10","133.66","77.44","0.00","3.33","211.10","77.44"
"2832","1578","20260819","1976","227","Cancelled","1","220.71","129.38","220.71","129.38","91.33","0.00","3.33","220.71","91.33"
"2833","1579","20260427","1514","235","Completed","1","40.99","23.15","40.99","23.15","17.84","7.50","3.00","33.49","10.34"
"2834","1579","20260427","1514","211","Completed","1","412.95","299.35","412.95","299.35","113.60","7.50","3.00","405.45","106.10"
"2835","1580","20260903","1858","200","Returned","1","212.44","119.33","212.44","119.33","93.11","0.00","0.00","212.44","93.11"
"2836","1580","20260903","1858","194","Returned","2","308.11","207.51","616.22","415.02","201.20","0.00","0.00","616.22","201.20"
"2837","1581","20260120","1599","186","Cancelled","1","423.31","240.26","423.31","240.26","183.05","0.00","5.99","423.31","183.05"
"2838","1582","20260907","1826","226","Completed","1","155.18","87.63","155.18","87.63","67.55","10.00","9.99","145.18","57.55"
"2839","1583","20260816","1535","192","Completed","1","170.10","125.07","170.10","125.07","45.03","2.50","1.50","167.60","42.53"
"2840","1583","20260816","1535","185","Completed","1","121.63","79.08","121.63","79.08","42.55","2.50","1.50","119.13","40.05"
"2841","1583","20260816","1535","198","Completed","1","71.76","49.35","71.76","49.35","22.41","2.50","1.50","69.26","19.91"
"2842","1583","20260816","1535","186","Completed","1","423.31","240.26","423.31","240.26","183.05","2.50","1.50","420.81","180.55"
"2843","1584","20260129","1573","204","Returned","1","186.71","108.43","186.71","108.43","78.28","5.00","3.00","181.71","73.28"
"2844","1584","20260129","1573","186","Returned","1","423.31","240.26","423.31","240.26","183.05","5.00","3.00","418.31","178.05"
"2845","1585","20260826","1910","240","Completed","1","51.43","38.16","51.43","38.16","13.27","15.00","9.99","36.43","-1.73"
"2846","1586","20251118","1599","204","Completed","1","186.71","108.43","186.71","108.43","78.28","0.00","0.00","186.71","78.28"
"2847","1587","20260625","1965","215","Completed","2","45.82","32.17","91.64","64.34","27.30","5.00","3.00","86.64","22.30"
"2848","1587","20260625","1965","212","Completed","2","97.33","68.97","194.66","137.94","56.72","5.00","3.00","189.66","51.72"
"2849","1588","20251210","1933","216","Completed","1","315.71","189.79","315.71","189.79","125.92","0.00","0.00","315.71","125.92"
"2850","1589","20250609","1968","211","Returned","1","412.95","299.35","412.95","299.35","113.60","5.00","5.99","407.95","108.60"
"2851","1590","20260213","1652","238","Returned","1","192.21","117.17","192.21","117.17","75.04","0.00","9.99","192.21","75.04"
"2852","1591","20260530","1872","212","Completed","1","97.33","68.97","97.33","68.97","28.36","5.00","3.00","92.33","23.36"
"2853","1591","20260530","1872","219","Completed","1","272.42","159.43","272.42","159.43","112.99","5.00","3.00","267.42","107.99"
"2854","1592","20260706","1558","199","Completed","1","154.93","112.90","154.93","112.90","42.03","15.00","9.99","139.93","27.03"
"2855","1593","20260414","1781","198","Returned","2","71.76","49.35","143.52","98.70","44.82","0.00","5.99","143.52","44.82"
"2856","1594","20250927","1515","234","Completed","1","172.64","112.28","172.64","112.28","60.36","7.50","3.00","165.14","52.86"
"2857","1594","20250927","1515","188","Completed","1","147.11","98.96","147.11","98.96","48.15","7.50","3.00","139.61","40.65"
"2858","1595","20260730","1624","221","Cancelled","3","211.10","133.66","633.30","400.98","232.32","0.00","9.99","633.30","232.32"
"2859","1596","20260310","1792","230","Cancelled","1","94.90","67.25","94.90","67.25","27.65","0.00","2.00","94.90","27.65"
"2860","1596","20260310","1792","206","Cancelled","1","140.62","81.04","140.62","81.04","59.58","0.00","2.00","140.62","59.58"
"2861","1596","20260310","1792","190","Cancelled","1","100.47","76.85","100.47","76.85","23.62","0.00","2.00","100.47","23.62"
"2862","1597","20260107","1759","188","Completed","1","147.11","98.96","147.11","98.96","48.15","10.00","5.99","137.11","38.15"
"2863","1598","20251228","1865","196","Completed","1","65.17","42.83","65.17","42.83","22.34","0.00","0.00","65.17","22.34"
"2864","1599","20260918","1529","195","Completed","1","249.99","156.58","249.99","156.58","93.41","7.50","0.00","242.49","85.91"
"2865","1599","20260918","1529","218","Completed","1","195.26","111.40","195.26","111.40","83.86","7.50","0.00","187.76","76.36"
"2866","1600","20260625","1685","212","Completed","3","97.33","68.97","291.99","206.91","85.08","0.00","5.99","291.99","85.08"
"2867","1601","20260813","1669","193","Completed","1","232.94","146.33","232.94","146.33","86.61","3.33","3.33","229.61","83.28"
"2868","1601","20260813","1669","239","Completed","1","116.83","67.33","116.83","67.33","49.50","3.33","3.33","113.50","46.17"
"2869","1601","20260813","1669","214","Completed","1","443.92","253.54","443.92","253.54","190.38","3.33","3.33","440.59","187.05"
"2870","1602","20260714","1530","218","Completed","1","195.26","111.40","195.26","111.40","83.86","5.00","0.00","190.26","78.86"
"2871","1603","20250701","1870","182","Completed","2","336.54","258.11","673.08","516.22","156.86","5.00","0.00","668.08","151.86"
"2872","1603","20250701","1870","186","Completed","1","423.31","240.26","423.31","240.26","183.05","5.00","0.00","418.31","178.05"
"2873","1604","20260908","1691","228","Cancelled","1","68.08","45.01","68.08","45.01","23.07","10.00","0.00","58.08","13.07"
"2874","1605","20260601","1684","232","Returned","3","292.00","192.97","876.00","578.91","297.09","5.00","0.00","871.00","292.09"
"2875","1605","20260601","1684","228","Returned","2","68.08","45.01","136.16","90.02","46.14","5.00","0.00","131.16","41.14"
"2876","1606","20260306","1649","199","Returned","1","154.93","112.90","154.93","112.90","42.03","2.50","0.00","152.43","39.53"
"2877","1606","20260306","1649","191","Returned","1","45.75","27.33","45.75","27.33","18.42","2.50","0.00","43.25","15.92"
"2878","1606","20260306","1649","214","Returned","1","443.92","253.54","443.92","253.54","190.38","2.50","0.00","441.42","187.88"
"2879","1606","20260306","1649","236","Returned","2","335.82","190.06","671.64","380.12","291.52","2.50","0.00","669.14","289.02"
"2880","1607","20260626","1841","240","Returned","2","51.43","38.16","102.86","76.32","26.54","0.00","9.99","102.86","26.54"
"2881","1608","20260823","1751","234","Completed","2","172.64","112.28","345.28","224.56","120.72","0.00","2.00","345.28","120.72"
"2882","1608","20260823","1751","193","Completed","2","232.94","146.33","465.88","292.66","173.22","0.00","2.00","465.88","173.22"
"2883","1608","20260823","1751","214","Completed","2","443.92","253.54","887.84","507.08","380.76","0.00","2.00","887.84","380.76"
"2884","1609","20251114","1526","191","Cancelled","1","45.75","27.33","45.75","27.33","18.42","0.00","0.00","45.75","18.42"
"2885","1610","20260616","1818","223","Returned","1","80.76","46.98","80.76","46.98","33.78","7.50","5.00","73.26","26.28"
"2886","1610","20260616","1818","204","Returned","2","186.71","108.43","373.42","216.86","156.56","7.50","5.00","365.92","149.06"
"2887","1611","20260712","1894","218","Returned","2","195.26","111.40","390.52","222.80","167.72","5.00","9.99","385.52","162.72"
"2888","1612","20251217","1810","209","Returned","1","157.08","117.89","157.08","117.89","39.19","1.67","2.00","155.41","37.52"
"2889","1612","20251217","1810","220","Returned","1","97.88","74.33","97.88","74.33","23.55","1.67","2.00","96.21","21.88"
"2890","1612","20251217","1810","186","Returned","1","423.31","240.26","423.31","240.26","183.05","1.67","2.00","421.64","181.38"
"2891","1613","20260802","1756","232","Completed","1","292.00","192.97","292.00","192.97","99.03","3.33","3.33","288.67","95.70"
"2892","1613","20260802","1756","208","Completed","2","270.85","183.28","541.70","366.56","175.14","3.33","3.33","538.37","171.81"
"2893","1613","20260802","1756","184","Completed","2","93.32","65.41","186.64","130.82","55.82","3.33","3.33","183.31","52.49"
"2894","1614","20260111","1974","218","Returned","1","195.26","111.40","195.26","111.40","83.86","0.00","0.00","195.26","83.86"
"2895","1614","20260111","1974","196","Returned","1","65.17","42.83","65.17","42.83","22.34","0.00","0.00","65.17","22.34"
"2896","1615","20250103","1857","216","Cancelled","1","315.71","189.79","315.71","189.79","125.92","0.00","9.99","315.71","125.92"
"2897","1616","20251112","1629","221","Completed","2","211.10","133.66","422.20","267.32","154.88","5.00","3.33","417.20","149.88"
"2898","1616","20251112","1629","223","Completed","1","80.76","46.98","80.76","46.98","33.78","5.00","3.33","75.76","28.78"
"2899","1616","20251112","1629","235","Completed","1","40.99","23.15","40.99","23.15","17.84","5.00","3.33","35.99","12.84"
"2900","1617","20251003","1820","233","Completed","1","100.29","55.86","100.29","55.86","44.43","0.00","3.33","100.29","44.43"
"2901","1617","20251003","1820","198","Completed","1","71.76","49.35","71.76","49.35","22.41","0.00","3.33","71.76","22.41"
"2902","1617","20251003","1820","196","Completed","1","65.17","42.83","65.17","42.83","22.34","0.00","3.33","65.17","22.34"
"2903","1618","20260920","1565","212","Returned","1","97.33","68.97","97.33","68.97","28.36","0.00","0.00","97.33","28.36"
"2904","1618","20260920","1565","211","Returned","3","412.95","299.35","1238.85","898.05","340.80","0.00","0.00","1238.85","340.80"
"2905","1619","20260715","1632","214","Completed","1","443.92","253.54","443.92","253.54","190.38","0.00","5.00","443.92","190.38"
"2906","1619","20260715","1632","213","Completed","1","148.42","96.71","148.42","96.71","51.71","0.00","5.00","148.42","51.71"
"2907","1620","20260919","1982","198","Cancelled","2","71.76","49.35","143.52","98.70","44.82","0.00","0.00","143.52","44.82"
"2908","1620","20260919","1982","240","Cancelled","2","51.43","38.16","102.86","76.32","26.54","0.00","0.00","102.86","26.54"
"2909","1620","20260919","1982","227","Cancelled","2","220.71","129.38","441.42","258.76","182.66","0.00","0.00","441.42","182.66"
"2910","1621","20251127","1940","189","Completed","1","413.12","294.37","413.12","294.37","118.75","0.00","5.99","413.12","118.75"
"2911","1622","20251119","1876","200","Cancelled","1","212.44","119.33","212.44","119.33","93.11","7.50","0.00","204.94","85.61"
"2912","1622","20251119","1876","229","Cancelled","1","328.53","211.34","328.53","211.34","117.19","7.50","0.00","321.03","109.69"
"2913","1623","20250926","1639","182","Completed","1","336.54","258.11","336.54","258.11","78.43","0.00","2.50","336.54","78.43"
"2914","1623","20250926","1639","183","Completed","1","60.67","34.80","60.67","34.80","25.87","0.00","2.50","60.67","25.87"
"2915","1623","20250926","1639","231","Completed","1","111.88","80.39","111.88","80.39","31.49","0.00","2.50","111.88","31.49"
"2916","1623","20250926","1639","200","Completed","1","212.44","119.33","212.44","119.33","93.11","0.00","2.50","212.44","93.11"
"2917","1624","20260721","1889","240","Cancelled","2","51.43","38.16","102.86","76.32","26.54","0.00","3.33","102.86","26.54"
"2918","1624","20260721","1889","196","Cancelled","2","65.17","42.83","130.34","85.66","44.68","0.00","3.33","130.34","44.68"
"2919","1624","20260721","1889","212","Cancelled","1","97.33","68.97","97.33","68.97","28.36","0.00","3.33","97.33","28.36"
"2920","1625","20260501","1976","240","Returned","1","51.43","38.16","51.43","38.16","13.27","10.00","0.00","41.43","3.27"
"2921","1626","20260801","1824","206","Completed","2","140.62","81.04","281.24","162.08","119.16","10.00","0.00","271.24","109.16"
"2922","1627","20260410","1545","188","Completed","1","147.11","98.96","147.11","98.96","48.15","0.00","0.00","147.11","48.15"
"2923","1628","20250602","1801","210","Returned","1","116.09","88.40","116.09","88.40","27.69","0.00","1.50","116.09","27.69"
"2924","1628","20250602","1801","237","Returned","2","155.89","96.42","311.78","192.84","118.94","0.00","1.50","311.78","118.94"
"2925","1628","20250602","1801","213","Returned","1","148.42","96.71","148.42","96.71","51.71","0.00","1.50","148.42","51.71"
"2926","1628","20250602","1801","199","Returned","2","154.93","112.90","309.86","225.80","84.06","0.00","1.50","309.86","84.06"
"2927","1629","20260215","1855","202","Cancelled","1","148.28","83.26","148.28","83.26","65.02","0.00","0.00","148.28","65.02"
"2928","1630","20251126","1857","209","Returned","1","157.08","117.89","157.08","117.89","39.19","5.00","5.99","152.08","34.19"
"2929","1631","20260722","1976","200","Completed","2","212.44","119.33","424.88","238.66","186.22","0.00","0.00","424.88","186.22"
"2930","1632","20250605","1945","192","Cancelled","1","170.10","125.07","170.10","125.07","45.03","15.00","5.99","155.10","30.03"
"2931","1633","20260302","1582","206","Completed","1","140.62","81.04","140.62","81.04","59.58","15.00","5.99","125.62","44.58"
"2932","1634","20260422","1572","229","Completed","1","328.53","211.34","328.53","211.34","117.19","7.50","0.00","321.03","109.69"
"2933","1634","20260422","1572","181","Completed","1","101.22","64.39","101.22","64.39","36.83","7.50","0.00","93.72","29.33"
"2934","1635","20260912","1561","228","Completed","2","68.08","45.01","136.16","90.02","46.14","1.25","2.50","134.91","44.89"
"2935","1635","20260912","1561","220","Completed","2","97.88","74.33","195.76","148.66","47.10","1.25","2.50","194.51","45.85"
"2936","1635","20260912","1561","194","Completed","1","308.11","207.51","308.11","207.51","100.60","1.25","2.50","306.86","99.35"
"2937","1635","20260912","1561","209","Completed","1","157.08","117.89","157.08","117.89","39.19","1.25","2.50","155.83","37.94"
"2938","1636","20260814","1761","206","Returned","1","140.62","81.04","140.62","81.04","59.58","3.33","0.00","137.29","56.25"
"2939","1636","20260814","1761","210","Returned","1","116.09","88.40","116.09","88.40","27.69","3.33","0.00","112.76","24.36"
"2940","1636","20260814","1761","240","Returned","1","51.43","38.16","51.43","38.16","13.27","3.33","0.00","48.10","9.94"
"2941","1637","20260727","1543","194","Completed","1","308.11","207.51","308.11","207.51","100.60","15.00","9.99","293.11","85.60"
"2942","1638","20260503","1542","206","Returned","1","140.62","81.04","140.62","81.04","59.58","0.00","3.33","140.62","59.58"
"2943","1638","20260503","1542","234","Returned","3","172.64","112.28","517.92","336.84","181.08","0.00","3.33","517.92","181.08"
"2944","1638","20260503","1542","230","Returned","2","94.90","67.25","189.80","134.50","55.30","0.00","3.33","189.80","55.30"
"2945","1639","20260619","1615","234","Returned","1","172.64","112.28","172.64","112.28","60.36","1.25","1.50","171.39","59.11"
"2946","1639","20260619","1615","210","Returned","1","116.09","88.40","116.09","88.40","27.69","1.25","1.50","114.84","26.44"
"2947","1639","20260619","1615","209","Returned","3","157.08","117.89","471.24","353.67","117.57","1.25","1.50","469.99","116.32"
"2948","1639","20260619","1615","226","Returned","2","155.18","87.63","310.36","175.26","135.10","1.25","1.50","309.11","133.85"
"2949","1640","20260428","1855","201","Completed","2","183.21","138.22","366.42","276.44","89.98","0.00","5.99","366.42","89.98"
"2950","1641","20260705","1631","211","Returned","2","412.95","299.35","825.90","598.70","227.20","10.00","9.99","815.90","217.20"
"2951","1642","20251225","1559","196","Completed","1","65.17","42.83","65.17","42.83","22.34","15.00","9.99","50.17","7.34"
"2952","1643","20260908","1711","234","Cancelled","2","172.64","112.28","345.28","224.56","120.72","0.00","0.00","345.28","120.72"
"2953","1643","20260908","1711","185","Cancelled","1","121.63","79.08","121.63","79.08","42.55","0.00","0.00","121.63","42.55"
"2954","1643","20260908","1711","224","Cancelled","1","44.39","27.23","44.39","27.23","17.16","0.00","0.00","44.39","17.16"
"2955","1643","20260908","1711","240","Cancelled","1","51.43","38.16","51.43","38.16","13.27","0.00","0.00","51.43","13.27"
"2956","1644","20250724","1948","195","Completed","1","249.99","156.58","249.99","156.58","93.41","1.67","2.00","248.32","91.74"
"2957","1644","20250724","1948","199","Completed","1","154.93","112.90","154.93","112.90","42.03","1.67","2.00","153.26","40.36"
"2958","1644","20250724","1948","184","Completed","1","93.32","65.41","93.32","65.41","27.91","1.67","2.00","91.65","26.24"
"2959","1645","20260308","1777","201","Completed","1","183.21","138.22","183.21","138.22","44.99","10.00","9.99","173.21","34.99"
"2960","1646","20260819","1732","203","Cancelled","1","55.41","37.95","55.41","37.95","17.46","0.00","5.00","55.41","17.46"
"2961","1646","20260819","1732","199","Cancelled","2","154.93","112.90","309.86","225.80","84.06","0.00","5.00","309.86","84.06"
"2962","1647","20260915","1834","236","Completed","1","335.82","190.06","335.82","190.06","145.76","0.00","0.00","335.82","145.76"
"2963","1647","20260915","1834","232","Completed","3","292.00","192.97","876.00","578.91","297.09","0.00","0.00","876.00","297.09"
"2964","1647","20260915","1834","189","Completed","1","413.12","294.37","413.12","294.37","118.75","0.00","0.00","413.12","118.75"
"2965","1648","20260917","1866","184","Completed","1","93.32","65.41","93.32","65.41","27.91","7.50","5.00","85.82","20.41"
"2966","1648","20260917","1866","233","Completed","1","100.29","55.86","100.29","55.86","44.43","7.50","5.00","92.79","36.93"
"2967","1649","20260906","1740","196","Completed","1","65.17","42.83","65.17","42.83","22.34","5.00","0.00","60.17","17.34"
"2968","1650","20260304","1518","219","Completed","1","272.42","159.43","272.42","159.43","112.99","15.00","5.99","257.42","97.99"
"2969","1651","20260811","1664","238","Completed","1","192.21","117.17","192.21","117.17","75.04","0.00","0.00","192.21","75.04"
"2970","1652","20260124","1735","213","Completed","3","148.42","96.71","445.26","290.13","155.13","5.00","2.00","440.26","150.13"
"2971","1652","20260124","1735","199","Completed","1","154.93","112.90","154.93","112.90","42.03","5.00","2.00","149.93","37.03"
"2972","1652","20260124","1735","184","Completed","2","93.32","65.41","186.64","130.82","55.82","5.00","2.00","181.64","50.82"
"2973","1653","20251119","1617","198","Completed","1","71.76","49.35","71.76","49.35","22.41","3.75","0.00","68.01","18.66"
"2974","1653","20251119","1617","219","Completed","1","272.42","159.43","272.42","159.43","112.99","3.75","0.00","268.67","109.24"
"2975","1653","20251119","1617","238","Completed","2","192.21","117.17","384.42","234.34","150.08","3.75","0.00","380.67","146.33"
"2976","1653","20251119","1617","227","Completed","1","220.71","129.38","220.71","129.38","91.33","3.75","0.00","216.96","87.58"
"2977","1654","20260805","1705","202","Completed","2","148.28","83.26","296.56","166.52","130.04","0.00","9.99","296.56","130.04"
"2978","1655","20260629","1828","194","Returned","1","308.11","207.51","308.11","207.51","100.60","0.00","0.00","308.11","100.60"
"2979","1655","20260629","1828","237","Returned","1","155.89","96.42","155.89","96.42","59.47","0.00","0.00","155.89","59.47"
"2980","1655","20260629","1828","196","Returned","1","65.17","42.83","65.17","42.83","22.34","0.00","0.00","65.17","22.34"
"2981","1655","20260629","1828","213","Returned","1","148.42","96.71","148.42","96.71","51.71","0.00","0.00","148.42","51.71"
"2982","1656","20250910","1661","202","Completed","1","148.28","83.26","148.28","83.26","65.02","0.00","5.00","148.28","65.02"
"2983","1656","20250910","1661","204","Completed","1","186.71","108.43","186.71","108.43","78.28","0.00","5.00","186.71","78.28"
"2984","1657","20260709","1528","216","Returned","1","315.71","189.79","315.71","189.79","125.92","0.00","5.00","315.71","125.92"
"2985","1657","20260709","1528","237","Returned","1","155.89","96.42","155.89","96.42","59.47","0.00","5.00","155.89","59.47"
"2986","1658","20260706","1912","186","Cancelled","1","423.31","240.26","423.31","240.26","183.05","0.00","0.00","423.31","183.05"
"2987","1659","20260807","1973","230","Completed","1","94.90","67.25","94.90","67.25","27.65","1.25","2.50","93.65","26.40"
"2988","1659","20260807","1973","237","Completed","1","155.89","96.42","155.89","96.42","59.47","1.25","2.50","154.64","58.22"
"2989","1659","20260807","1973","201","Completed","1","183.21","138.22","183.21","138.22","44.99","1.25","2.50","181.96","43.74"
"2990","1659","20260807","1973","197","Completed","2","49.20","27.84","98.40","55.68","42.72","1.25","2.50","97.15","41.47"
"2991","1660","20260605","1800","182","Completed","1","336.54","258.11","336.54","258.11","78.43","0.00","9.99","336.54","78.43"
"2992","1661","20260213","1909","219","Cancelled","1","272.42","159.43","272.42","159.43","112.99","10.00","9.99","262.42","102.99"
"2993","1662","20260329","1565","219","Completed","1","272.42","159.43","272.42","159.43","112.99","3.33","0.00","269.09","109.66"
"2994","1662","20260329","1565","193","Completed","1","232.94","146.33","232.94","146.33","86.61","3.33","0.00","229.61","83.28"
"2995","1662","20260329","1565","237","Completed","1","155.89","96.42","155.89","96.42","59.47","3.33","0.00","152.56","56.14"
"2996","1663","20260716","1588","221","Cancelled","1","211.10","133.66","211.10","133.66","77.44","0.00","3.00","211.10","77.44"
"2997","1663","20260716","1588","235","Cancelled","1","40.99","23.15","40.99","23.15","17.84","0.00","3.00","40.99","17.84"
"2998","1664","20260909","1684","218","Cancelled","2","195.26","111.40","390.52","222.80","167.72","5.00","0.00","385.52","162.72"
"2999","1665","20260812","1757","197","Completed","1","49.20","27.84","49.20","27.84","21.36","0.00","0.00","49.20","21.36"
"3000","1666","20260629","1773","200","Completed","1","212.44","119.33","212.44","119.33","93.11","7.50","5.00","204.94","85.61"
"3001","1666","20260629","1773","196","Completed","1","65.17","42.83","65.17","42.83","22.34","7.50","5.00","57.67","14.84"
"3002","1667","20260603","1677","193","Completed","1","232.94","146.33","232.94","146.33","86.61","1.67","2.00","231.27","84.94"
"3003","1667","20260603","1677","212","Completed","2","97.33","68.97","194.66","137.94","56.72","1.67","2.00","192.99","55.05"
"3004","1667","20260603","1677","194","Completed","1","308.11","207.51","308.11","207.51","100.60","1.67","2.00","306.44","98.93"
"3005","1668","20260513","1687","218","Completed","1","195.26","111.40","195.26","111.40","83.86","0.00","9.99","195.26","83.86"
"3006","1669","20260210","1813","202","Completed","1","148.28","83.26","148.28","83.26","65.02","2.50","0.00","145.78","62.52"
"3007","1669","20260210","1813","235","Completed","1","40.99","23.15","40.99","23.15","17.84","2.50","0.00","38.49","15.34"
"3008","1670","20260414","1735","220","Completed","1","97.88","74.33","97.88","74.33","23.55","10.00","9.99","87.88","13.55"
"3009","1671","20260919","1560","206","Completed","1","140.62","81.04","140.62","81.04","59.58","0.00","0.00","140.62","59.58"
"3010","1671","20260919","1560","205","Completed","2","77.40","52.92","154.80","105.84","48.96","0.00","0.00","154.80","48.96"
"3011","1672","20260605","1869","239","Cancelled","1","116.83","67.33","116.83","67.33","49.50","0.00","5.99","116.83","49.50"
"3012","1673","20260331","1855","187","Completed","2","90.39","64.58","180.78","129.16","51.62","5.00","0.00","175.78","46.62"
"3013","1674","20260911","1675","196","Completed","1","65.17","42.83","65.17","42.83","22.34","0.00","2.00","65.17","22.34"
"3014","1674","20260911","1675","183","Completed","2","60.67","34.80","121.34","69.60","51.74","0.00","2.00","121.34","51.74"
"3015","1674","20260911","1675","192","Completed","2","170.10","125.07","340.20","250.14","90.06","0.00","2.00","340.20","90.06"
"3016","1675","20260608","1668","237","Completed","2","155.89","96.42","311.78","192.84","118.94","10.00","0.00","301.78","108.94"
"3017","1676","20260318","1687","226","Completed","2","155.18","87.63","310.36","175.26","135.10","0.00","2.00","310.36","135.10"
"3018","1676","20260318","1687","199","Completed","2","154.93","112.90","309.86","225.80","84.06","0.00","2.00","309.86","84.06"
"3019","1676","20260318","1687","218","Completed","1","195.26","111.40","195.26","111.40","83.86","0.00","2.00","195.26","83.86"
"3020","1677","20260805","1871","232","Completed","2","292.00","192.97","584.00","385.94","198.06","10.00","9.99","574.00","188.06"
"3021","1678","20260719","1768","203","Completed","1","55.41","37.95","55.41","37.95","17.46","0.00","5.99","55.41","17.46"
"3022","1679","20260603","1587","231","Completed","1","111.88","80.39","111.88","80.39","31.49","0.00","0.00","111.88","31.49"
"3023","1680","20260903","1688","217","Cancelled","1","148.68","108.91","148.68","108.91","39.77","10.00","5.99","138.68","29.77"
"3024","1681","20260315","1749","194","Completed","1","308.11","207.51","308.11","207.51","100.60","15.00","0.00","293.11","85.60"
"3025","1682","20251225","1720","231","Completed","3","111.88","80.39","335.64","241.17","94.47","15.00","0.00","320.64","79.47"
"3026","1683","20260807","1925","205","Completed","1","77.40","52.92","77.40","52.92","24.48","10.00","5.99","67.40","14.48"
"3027","1684","20260217","1832","204","Returned","1","186.71","108.43","186.71","108.43","78.28","0.00","5.99","186.71","78.28"
"3028","1685","20260703","1664","216","Cancelled","2","315.71","189.79","631.42","379.58","251.84","0.00","9.99","631.42","251.84"
"3029","1686","20260715","1982","239","Completed","2","116.83","67.33","233.66","134.66","99.00","2.50","5.00","231.16","96.50"
"3030","1686","20260715","1982","238","Completed","3","192.21","117.17","576.63","351.51","225.12","2.50","5.00","574.13","222.62"
"3031","1687","20251114","1537","201","Completed","1","183.21","138.22","183.21","138.22","44.99","3.33","3.33","179.88","41.66"
"3032","1687","20251114","1537","184","Completed","1","93.32","65.41","93.32","65.41","27.91","3.33","3.33","89.99","24.58"
"3033","1687","20251114","1537","221","Completed","1","211.10","133.66","211.10","133.66","77.44","3.33","3.33","207.77","74.11"
"3034","1688","20260729","1650","237","Cancelled","1","155.89","96.42","155.89","96.42","59.47","0.00","1.50","155.89","59.47"
"3035","1688","20260729","1650","200","Cancelled","1","212.44","119.33","212.44","119.33","93.11","0.00","1.50","212.44","93.11"
"3036","1688","20260729","1650","232","Cancelled","1","292.00","192.97","292.00","192.97","99.03","0.00","1.50","292.00","99.03"
"3037","1688","20260729","1650","225","Cancelled","1","98.36","65.70","98.36","65.70","32.66","0.00","1.50","98.36","32.66"
"3038","1689","20260902","1723","224","Completed","1","44.39","27.23","44.39","27.23","17.16","3.33","0.00","41.06","13.83"
"3039","1689","20260902","1723","183","Completed","1","60.67","34.80","60.67","34.80","25.87","3.33","0.00","57.34","22.54"
"3040","1689","20260902","1723","236","Completed","1","335.82","190.06","335.82","190.06","145.76","3.33","0.00","332.49","142.43"
"3041","1690","20260917","1874","217","Returned","2","148.68","108.91","297.36","217.82","79.54","10.00","9.99","287.36","69.54"
"3042","1691","20260823","1631","189","Returned","1","413.12","294.37","413.12","294.37","118.75","5.00","0.00","408.12","113.75"
"3043","1692","20250708","1548","186","Returned","1","423.31","240.26","423.31","240.26","183.05","0.00","0.00","423.31","183.05"
"3044","1693","20260319","1937","205","Completed","1","77.40","52.92","77.40","52.92","24.48","0.00","0.00","77.40","24.48"
"3045","1694","20260409","1949","181","Cancelled","1","101.22","64.39","101.22","64.39","36.83","0.00","0.00","101.22","36.83"
"3046","1694","20260409","1949","223","Cancelled","1","80.76","46.98","80.76","46.98","33.78","0.00","0.00","80.76","33.78"
"3047","1695","20260827","1730","222","Completed","1","100.07","70.05","100.07","70.05","30.02","15.00","0.00","85.07","15.02"
"3048","1696","20260810","1887","209","Returned","1","157.08","117.89","157.08","117.89","39.19","0.00","3.00","157.08","39.19"
"3049","1696","20260810","1887","211","Returned","1","412.95","299.35","412.95","299.35","113.60","0.00","3.00","412.95","113.60"
"3050","1697","20250630","1713","218","Completed","1","195.26","111.40","195.26","111.40","83.86","0.00","5.99","195.26","83.86"
"3051","1698","20251206","1795","181","Completed","1","101.22","64.39","101.22","64.39","36.83","15.00","0.00","86.22","21.83"
"3052","1699","20260806","1809","186","Completed","1","423.31","240.26","423.31","240.26","183.05","0.00","5.99","423.31","183.05"
"3053","1700","20260405","1673","182","Completed","1","336.54","258.11","336.54","258.11","78.43","2.50","0.00","334.04","75.93"
"3054","1700","20260405","1673","218","Completed","2","195.26","111.40","390.52","222.80","167.72","2.50","0.00","388.02","165.22"
"3055","1701","20260920","1621","182","Completed","1","336.54","258.11","336.54","258.11","78.43","0.00","0.00","336.54","78.43"
"3056","1702","20260427","1541","234","Completed","2","172.64","112.28","345.28","224.56","120.72","15.00","9.99","330.28","105.72"
"3057","1703","20260205","1913","187","Completed","1","90.39","64.58","90.39","64.58","25.81","0.00","0.00","90.39","25.81"
"3058","1703","20260205","1913","182","Completed","1","336.54","258.11","336.54","258.11","78.43","0.00","0.00","336.54","78.43"
"3059","1703","20260205","1913","226","Completed","1","155.18","87.63","155.18","87.63","67.55","0.00","0.00","155.18","67.55"
"3060","1704","20250918","1931","210","Completed","1","116.09","88.40","116.09","88.40","27.69","10.00","9.99","106.09","17.69"
"3061","1705","20260421","1668","236","Completed","1","335.82","190.06","335.82","190.06","145.76","0.00","0.00","335.82","145.76"
"3062","1706","20250506","1844","206","Completed","1","140.62","81.04","140.62","81.04","59.58","3.75","1.50","136.87","55.83"
"3063","1706","20250506","1844","218","Completed","1","195.26","111.40","195.26","111.40","83.86","3.75","1.50","191.51","80.11"
"3064","1706","20250506","1844","195","Completed","2","249.99","156.58","499.98","313.16","186.82","3.75","1.50","496.23","183.07"
"3065","1706","20250506","1844","216","Completed","1","315.71","189.79","315.71","189.79","125.92","3.75","1.50","311.96","122.17"
"3066","1707","20251223","1969","193","Cancelled","1","232.94","146.33","232.94","146.33","86.61","0.00","5.00","232.94","86.61"
"3067","1707","20251223","1969","234","Cancelled","1","172.64","112.28","172.64","112.28","60.36","0.00","5.00","172.64","60.36"
"3068","1708","20260406","1505","209","Completed","1","157.08","117.89","157.08","117.89","39.19","15.00","5.99","142.08","24.19"
"3069","1709","20260210","1536","220","Completed","2","97.88","74.33","195.76","148.66","47.10","5.00","3.33","190.76","42.10"
"3070","1709","20260210","1536","206","Completed","1","140.62","81.04","140.62","81.04","59.58","5.00","3.33","135.62","54.58"
"3071","1709","20260210","1536","221","Completed","1","211.10","133.66","211.10","133.66","77.44","5.00","3.33","206.10","72.44"
"3072","1710","20260807","1546","210","Completed","1","116.09","88.40","116.09","88.40","27.69","2.50","1.50","113.59","25.19"
"3073","1710","20260807","1546","221","Completed","1","211.10","133.66","211.10","133.66","77.44","2.50","1.50","208.60","74.94"
"3074","1710","20260807","1546","234","Completed","2","172.64","112.28","345.28","224.56","120.72","2.50","1.50","342.78","118.22"
"3075","1710","20260807","1546","229","Completed","2","328.53","211.34","657.06","422.68","234.38","2.50","1.50","654.56","231.88"
"3076","1711","20250426","1902","230","Completed","3","94.90","67.25","284.70","201.75","82.95","0.00","5.00","284.70","82.95"
"3077","1711","20250426","1902","233","Completed","1","100.29","55.86","100.29","55.86","44.43","0.00","5.00","100.29","44.43"
"3078","1712","20250819","1643","186","Completed","2","423.31","240.26","846.62","480.52","366.10","2.50","5.00","844.12","363.60"
"3079","1712","20250819","1643","232","Completed","1","292.00","192.97","292.00","192.97","99.03","2.50","5.00","289.50","96.53"
"3080","1713","20260805","1752","196","Completed","2","65.17","42.83","130.34","85.66","44.68","0.00","5.99","130.34","44.68"
"3081","1714","20260306","1705","188","Returned","1","147.11","98.96","147.11","98.96","48.15","5.00","3.00","142.11","43.15"
"3082","1714","20260306","1705","181","Returned","2","101.22","64.39","202.44","128.78","73.66","5.00","3.00","197.44","68.66"
"3083","1715","20260914","1757","227","Completed","1","220.71","129.38","220.71","129.38","91.33","0.00","3.33","220.71","91.33"
"3084","1715","20260914","1757","218","Completed","1","195.26","111.40","195.26","111.40","83.86","0.00","3.33","195.26","83.86"
"3085","1715","20260914","1757","230","Completed","1","94.90","67.25","94.90","67.25","27.65","0.00","3.33","94.90","27.65"
"3086","1716","20260615","1806","234","Completed","2","172.64","112.28","345.28","224.56","120.72","0.00","0.00","345.28","120.72"
"3087","1717","20250926","1604","230","Completed","2","94.90","67.25","189.80","134.50","55.30","5.00","5.99","184.80","50.30"
"3088","1718","20260724","1886","203","Completed","1","55.41","37.95","55.41","37.95","17.46","0.00","5.00","55.41","17.46"
"3089","1718","20260724","1886","224","Completed","1","44.39","27.23","44.39","27.23","17.16","0.00","5.00","44.39","17.16"
"3090","1719","20251113","1934","187","Cancelled","2","90.39","64.58","180.78","129.16","51.62","3.33","2.00","177.45","48.29"
"3091","1719","20251113","1934","189","Cancelled","1","413.12","294.37","413.12","294.37","118.75","3.33","2.00","409.79","115.42"
"3092","1719","20251113","1934","209","Cancelled","2","157.08","117.89","314.16","235.78","78.38","3.33","2.00","310.83","75.05"
"3093","1720","20260904","1884","189","Completed","1","413.12","294.37","413.12","294.37","118.75","0.00","5.00","413.12","118.75"
"3094","1720","20260904","1884","229","Completed","2","328.53","211.34","657.06","422.68","234.38","0.00","5.00","657.06","234.38"
"3095","1721","20260801","1612","198","Returned","1","71.76","49.35","71.76","49.35","22.41","5.00","5.99","66.76","17.41"
"3096","1722","20260731","1911","223","Returned","1","80.76","46.98","80.76","46.98","33.78","5.00","0.00","75.76","28.78"
"3097","1722","20260731","1911","233","Returned","2","100.29","55.86","200.58","111.72","88.86","5.00","0.00","195.58","83.86"
"3098","1722","20260731","1911","212","Returned","2","97.33","68.97","194.66","137.94","56.72","5.00","0.00","189.66","51.72"
"3099","1723","20260902","1689","194","Completed","1","308.11","207.51","308.11","207.51","100.60","3.33","3.33","304.78","97.27"
"3100","1723","20260902","1689","200","Completed","1","212.44","119.33","212.44","119.33","93.11","3.33","3.33","209.11","89.78"
"3101","1723","20260902","1689","235","Completed","2","40.99","23.15","81.98","46.30","35.68","3.33","3.33","78.65","32.35"
"3102","1724","20250522","1793","204","Completed","1","186.71","108.43","186.71","108.43","78.28","0.00","5.00","186.71","78.28"
"3103","1724","20250522","1793","187","Completed","2","90.39","64.58","180.78","129.16","51.62","0.00","5.00","180.78","51.62"
"3104","1725","20260716","1880","197","Completed","1","49.20","27.84","49.20","27.84","21.36","0.00","0.00","49.20","21.36"
"3105","1725","20260716","1880","227","Completed","1","220.71","129.38","220.71","129.38","91.33","0.00","0.00","220.71","91.33"
"3106","1726","20251109","1844","196","Completed","1","65.17","42.83","65.17","42.83","22.34","7.50","0.00","57.67","14.84"
"3107","1726","20251109","1844","186","Completed","1","423.31","240.26","423.31","240.26","183.05","7.50","0.00","415.81","175.55"
"3108","1727","20251211","1904","191","Returned","1","45.75","27.33","45.75","27.33","18.42","7.50","0.00","38.25","10.92"
"3109","1727","20251211","1904","217","Returned","1","148.68","108.91","148.68","108.91","39.77","7.50","0.00","141.18","32.27"
"3110","1728","20250809","1932","182","Completed","2","336.54","258.11","673.08","516.22","156.86","7.50","0.00","665.58","149.36"
"3111","1728","20250809","1932","193","Completed","1","232.94","146.33","232.94","146.33","86.61","7.50","0.00","225.44","79.11"
"3112","1729","20250831","1989","225","Returned","1","98.36","65.70","98.36","65.70","32.66","5.00","9.99","93.36","27.66"
"3113","1730","20250829","1662","194","Returned","1","308.11","207.51","308.11","207.51","100.60","0.00","5.00","308.11","100.60"
"3114","1730","20250829","1662","188","Returned","1","147.11","98.96","147.11","98.96","48.15","0.00","5.00","147.11","48.15"
"3115","1731","20250715","1511","239","Completed","1","116.83","67.33","116.83","67.33","49.50","7.50","5.00","109.33","42.00"
"3116","1731","20250715","1511","209","Completed","2","157.08","117.89","314.16","235.78","78.38","7.50","5.00","306.66","70.88"
"3117","1732","20260526","1510","212","Completed","1","97.33","68.97","97.33","68.97","28.36","5.00","9.99","92.33","23.36"
"3118","1733","20260515","1519","233","Completed","1","100.29","55.86","100.29","55.86","44.43","0.00","3.00","100.29","44.43"
"3119","1733","20260515","1519","217","Completed","1","148.68","108.91","148.68","108.91","39.77","0.00","3.00","148.68","39.77"
"3120","1734","20260223","1884","221","Completed","3","211.10","133.66","633.30","400.98","232.32","0.00","9.99","633.30","232.32"
"3121","1735","20260811","1624","217","Completed","1","148.68","108.91","148.68","108.91","39.77","5.00","3.00","143.68","34.77"
"3122","1735","20260811","1624","228","Completed","2","68.08","45.01","136.16","90.02","46.14","5.00","3.00","131.16","41.14"
"3123","1736","20250805","1865","192","Cancelled","1","170.10","125.07","170.10","125.07","45.03","0.00","5.99","170.10","45.03"
"3124","1737","20260914","1560","196","Cancelled","1","65.17","42.83","65.17","42.83","22.34","0.00","3.00","65.17","22.34"
"3125","1737","20260914","1560","189","Cancelled","2","413.12","294.37","826.24","588.74","237.50","0.00","3.00","826.24","237.50"
"3126","1738","20251123","1843","196","Completed","1","65.17","42.83","65.17","42.83","22.34","0.00","0.00","65.17","22.34"
"3127","1739","20260920","1994","237","Returned","1","155.89","96.42","155.89","96.42","59.47","0.00","5.00","155.89","59.47"
"3128","1739","20260920","1994","221","Returned","1","211.10","133.66","211.10","133.66","77.44","0.00","5.00","211.10","77.44"
"3129","1740","20260827","1719","208","Completed","1","270.85","183.28","270.85","183.28","87.57","0.00","5.99","270.85","87.57"
"3130","1741","20251118","1912","231","Completed","1","111.88","80.39","111.88","80.39","31.49","10.00","9.99","101.88","21.49"
"3131","1742","20260905","1963","223","Completed","2","80.76","46.98","161.52","93.96","67.56","1.67","0.00","159.85","65.89"
"3132","1742","20260905","1963","214","Completed","1","443.92","253.54","443.92","253.54","190.38","1.67","0.00","442.25","188.71"
"3133","1742","20260905","1963","182","Completed","1","336.54","258.11","336.54","258.11","78.43","1.67","0.00","334.87","76.76"
"3134","1743","20260716","1585","199","Completed","1","154.93","112.90","154.93","112.90","42.03","0.00","5.99","154.93","42.03"
"3135","1744","20260630","1966","209","Cancelled","1","157.08","117.89","157.08","117.89","39.19","5.00","0.00","152.08","34.19"
"3136","1745","20260902","1916","227","Completed","1","220.71","129.38","220.71","129.38","91.33","15.00","9.99","205.71","76.33"
"3137","1746","20260910","1719","208","Returned","1","270.85","183.28","270.85","183.28","87.57","0.00","3.33","270.85","87.57"
"3138","1746","20260910","1719","203","Returned","1","55.41","37.95","55.41","37.95","17.46","0.00","3.33","55.41","17.46"
"3139","1746","20260910","1719","222","Returned","1","100.07","70.05","100.07","70.05","30.02","0.00","3.33","100.07","30.02"
"3140","1747","20260823","1901","240","Completed","1","51.43","38.16","51.43","38.16","13.27","0.00","3.00","51.43","13.27"
"3141","1747","20260823","1901","186","Completed","1","423.31","240.26","423.31","240.26","183.05","0.00","3.00","423.31","183.05"
"3142","1748","20251202","1868","186","Completed","2","423.31","240.26","846.62","480.52","366.10","0.00","5.99","846.62","366.10"
"3143","1749","20260218","1661","182","Completed","1","336.54","258.11","336.54","258.11","78.43","0.00","0.00","336.54","78.43"
"3144","1749","20260218","1661","195","Completed","2","249.99","156.58","499.98","313.16","186.82","0.00","0.00","499.98","186.82"
"3145","1749","20260218","1661","211","Completed","1","412.95","299.35","412.95","299.35","113.60","0.00","0.00","412.95","113.60"
"3146","1750","20260812","1762","200","Returned","1","212.44","119.33","212.44","119.33","93.11","5.00","0.00","207.44","88.11"
"3147","1751","20260405","1892","212","Completed","3","97.33","68.97","291.99","206.91","85.08","3.33","2.00","288.66","81.75"
"3148","1751","20260405","1892","237","Completed","1","155.89","96.42","155.89","96.42","59.47","3.33","2.00","152.56","56.14"
"3149","1751","20260405","1892","214","Completed","1","443.92","253.54","443.92","253.54","190.38","3.33","2.00","440.59","187.05"
"3150","1752","20260701","1658","238","Completed","1","192.21","117.17","192.21","117.17","75.04","0.00","9.99","192.21","75.04"
"3151","1753","20260905","1909","216","Completed","2","315.71","189.79","631.42","379.58","251.84","0.00","0.00","631.42","251.84"
"3152","1754","20251020","1759","202","Completed","2","148.28","83.26","296.56","166.52","130.04","0.00","0.00","296.56","130.04"
"3153","1755","20260902","1684","203","Completed","1","55.41","37.95","55.41","37.95","17.46","5.00","0.00","50.41","12.46"
"3154","1755","20260902","1684","234","Completed","1","172.64","112.28","172.64","112.28","60.36","5.00","0.00","167.64","55.36"
"3155","1756","20260212","1515","197","Cancelled","1","49.20","27.84","49.20","27.84","21.36","0.00","9.99","49.20","21.36"
"3156","1757","20260714","1827","235","Cancelled","2","40.99","23.15","81.98","46.30","35.68","0.00","5.00","81.98","35.68"
"3157","1757","20260714","1827","189","Cancelled","1","413.12","294.37","413.12","294.37","118.75","0.00","5.00","413.12","118.75"
"3158","1758","20260430","1799","199","Completed","2","154.93","112.90","309.86","225.80","84.06","5.00","9.99","304.86","79.06"
"3159","1759","20260101","1936","236","Completed","1","335.82","190.06","335.82","190.06","145.76","5.00","0.00","330.82","140.76"
"3160","1760","20260123","1759","185","Cancelled","1","121.63","79.08","121.63","79.08","42.55","0.00","5.00","121.63","42.55"
"3161","1760","20260123","1759","237","Cancelled","1","155.89","96.42","155.89","96.42","59.47","0.00","5.00","155.89","59.47"
"3162","1761","20260304","1939","237","Completed","3","155.89","96.42","467.67","289.26","178.41","10.00","0.00","457.67","168.41"
"3163","1762","20260209","1693","198","Cancelled","1","71.76","49.35","71.76","49.35","22.41","0.00","5.99","71.76","22.41"
"3164","1763","20250725","1930","211","Returned","2","412.95","299.35","825.90","598.70","227.20","0.00","3.00","825.90","227.20"
"3165","1763","20250725","1930","216","Returned","1","315.71","189.79","315.71","189.79","125.92","0.00","3.00","315.71","125.92"
"3166","1764","20260703","1988","191","Completed","1","45.75","27.33","45.75","27.33","18.42","0.00","2.00","45.75","18.42"
"3167","1764","20260703","1988","186","Completed","3","423.31","240.26","1269.93","720.78","549.15","0.00","2.00","1269.93","549.15"
"3168","1764","20260703","1988","237","Completed","1","155.89","96.42","155.89","96.42","59.47","0.00","2.00","155.89","59.47"
"3169","1765","20260909","1600","236","Returned","1","335.82","190.06","335.82","190.06","145.76","5.00","3.33","330.82","140.76"
"3170","1765","20260909","1600","212","Returned","1","97.33","68.97","97.33","68.97","28.36","5.00","3.33","92.33","23.36"
"3171","1765","20260909","1600","228","Returned","1","68.08","45.01","68.08","45.01","23.07","5.00","3.33","63.08","18.07"
"3172","1766","20260723","1930","224","Completed","1","44.39","27.23","44.39","27.23","17.16","3.33","0.00","41.06","13.83"
"3173","1766","20260723","1930","209","Completed","1","157.08","117.89","157.08","117.89","39.19","3.33","0.00","153.75","35.86"
"3174","1766","20260723","1930","236","Completed","1","335.82","190.06","335.82","190.06","145.76","3.33","0.00","332.49","142.43"
"3175","1767","20250801","1720","192","Returned","1","170.10","125.07","170.10","125.07","45.03","15.00","0.00","155.10","30.03"
"3176","1768","20250506","1618","230","Completed","1","94.90","67.25","94.90","67.25","27.65","0.00","0.00","94.90","27.65"
"3177","1769","20250930","1890","196","Completed","1","65.17","42.83","65.17","42.83","22.34","2.50","3.00","62.67","19.84"
"3178","1769","20250930","1890","199","Completed","1","154.93","112.90","154.93","112.90","42.03","2.50","3.00","152.43","39.53"
"3179","1770","20260602","1782","188","Returned","2","147.11","98.96","294.22","197.92","96.30","0.00","9.99","294.22","96.30"
"3180","1771","20260119","1863","209","Completed","1","157.08","117.89","157.08","117.89","39.19","3.75","0.00","153.33","35.44"
"3181","1771","20260119","1863","236","Completed","1","335.82","190.06","335.82","190.06","145.76","3.75","0.00","332.07","142.01"
"3182","1771","20260119","1863","190","Completed","2","100.47","76.85","200.94","153.70","47.24","3.75","0.00","197.19","43.49"
"3183","1771","20260119","1863","207","Completed","1","440.02","275.08","440.02","275.08","164.94","3.75","0.00","436.27","161.19"
"3184","1772","20260428","1882","206","Completed","1","140.62","81.04","140.62","81.04","59.58","15.00","0.00","125.62","44.58"
"3185","1773","20260413","1763","239","Completed","2","116.83","67.33","233.66","134.66","99.00","0.00","0.00","233.66","99.00"
"3186","1773","20260413","1763","218","Completed","1","195.26","111.40","195.26","111.40","83.86","0.00","0.00","195.26","83.86"
"3187","1773","20260413","1763","232","Completed","1","292.00","192.97","292.00","192.97","99.03","0.00","0.00","292.00","99.03"
"3188","1774","20251130","1503","185","Completed","2","121.63","79.08","243.26","158.16","85.10","0.00","5.00","243.26","85.10"
"3189","1774","20251130","1503","214","Completed","1","443.92","253.54","443.92","253.54","190.38","0.00","5.00","443.92","190.38"
"3190","1775","20260721","1935","187","Completed","1","90.39","64.58","90.39","64.58","25.81","0.00","9.99","90.39","25.81"
"3191","1776","20260721","1631","226","Completed","1","155.18","87.63","155.18","87.63","67.55","7.50","3.00","147.68","60.05"
"3192","1776","20260721","1631","185","Completed","1","121.63","79.08","121.63","79.08","42.55","7.50","3.00","114.13","35.05"
"3193","1777","20260818","1935","214","Returned","1","443.92","253.54","443.92","253.54","190.38","15.00","5.99","428.92","175.38"
"3194","1778","20260731","1866","208","Completed","1","270.85","183.28","270.85","183.28","87.57","0.00","0.00","270.85","87.57"
"3195","1778","20260731","1866","239","Completed","1","116.83","67.33","116.83","67.33","49.50","0.00","0.00","116.83","49.50"
"3196","1779","20250922","1993","215","Completed","1","45.82","32.17","45.82","32.17","13.65","1.67","3.33","44.15","11.98"
"3197","1779","20250922","1993","211","Completed","1","412.95","299.35","412.95","299.35","113.60","1.67","3.33","411.28","111.93"
"3198","1779","20250922","1993","227","Completed","2","220.71","129.38","441.42","258.76","182.66","1.67","3.33","439.75","180.99"
"3199","1780","20260127","1691","196","Completed","1","65.17","42.83","65.17","42.83","22.34","15.00","9.99","50.17","7.34"
"3200","1781","20260725","1962","239","Cancelled","1","116.83","67.33","116.83","67.33","49.50","10.00","0.00","106.83","39.50"
"3201","1782","20260918","1847","200","Returned","1","212.44","119.33","212.44","119.33","93.11","5.00","0.00","207.44","88.11"
"3202","1783","20260802","1911","228","Completed","2","68.08","45.01","136.16","90.02","46.14","0.00","0.00","136.16","46.14"
"3203","1784","20260802","1668","215","Cancelled","1","45.82","32.17","45.82","32.17","13.65","0.00","5.99","45.82","13.65"
"3204","1785","20250915","1700","211","Completed","1","412.95","299.35","412.95","299.35","113.60","3.33","2.00","409.62","110.27"
"3205","1785","20250915","1700","216","Completed","1","315.71","189.79","315.71","189.79","125.92","3.33","2.00","312.38","122.59"
"3206","1785","20250915","1700","201","Completed","1","183.21","138.22","183.21","138.22","44.99","3.33","2.00","179.88","41.66"
"3207","1786","20260409","1981","201","Completed","1","183.21","138.22","183.21","138.22","44.99","0.00","5.00","183.21","44.99"
"3208","1786","20260409","1981","228","Completed","1","68.08","45.01","68.08","45.01","23.07","0.00","5.00","68.08","23.07"
"3209","1787","20260914","1897","197","Completed","1","49.20","27.84","49.20","27.84","21.36","5.00","2.00","44.20","16.36"
"3210","1787","20260914","1897","217","Completed","1","148.68","108.91","148.68","108.91","39.77","5.00","2.00","143.68","34.77"
"3211","1787","20260914","1897","196","Completed","1","65.17","42.83","65.17","42.83","22.34","5.00","2.00","60.17","17.34"
"3212","1788","20260717","1813","206","Completed","1","140.62","81.04","140.62","81.04","59.58","10.00","5.99","130.62","49.58"
"3213","1789","20260728","1913","207","Completed","1","440.02","275.08","440.02","275.08","164.94","0.00","9.99","440.02","164.94"
"3214","1790","20260709","1674","184","Completed","1","93.32","65.41","93.32","65.41","27.91","0.00","5.99","93.32","27.91"
"3215","1791","20260420","1981","187","Completed","1","90.39","64.58","90.39","64.58","25.81","0.00","0.00","90.39","25.81"
"3216","1791","20260420","1981","208","Completed","1","270.85","183.28","270.85","183.28","87.57","0.00","0.00","270.85","87.57"
"3217","1792","20260221","1524","219","Completed","1","272.42","159.43","272.42","159.43","112.99","15.00","5.99","257.42","97.99"
"3218","1793","20260920","1667","222","Completed","1","100.07","70.05","100.07","70.05","30.02","0.00","0.00","100.07","30.02"
"3219","1793","20260920","1667","228","Completed","2","68.08","45.01","136.16","90.02","46.14","0.00","0.00","136.16","46.14"
"3220","1793","20260920","1667","200","Completed","1","212.44","119.33","212.44","119.33","93.11","0.00","0.00","212.44","93.11"
"3221","1794","20260908","1837","226","Completed","1","155.18","87.63","155.18","87.63","67.55","0.00","2.00","155.18","67.55"
"3222","1794","20260908","1837","219","Completed","1","272.42","159.43","272.42","159.43","112.99","0.00","2.00","272.42","112.99"
"3223","1794","20260908","1837","206","Completed","1","140.62","81.04","140.62","81.04","59.58","0.00","2.00","140.62","59.58"
"3224","1795","20250911","1856","195","Completed","1","249.99","156.58","249.99","156.58","93.41","0.00","2.50","249.99","93.41"
"3225","1795","20250911","1856","218","Completed","1","195.26","111.40","195.26","111.40","83.86","0.00","2.50","195.26","83.86"
"3226","1795","20250911","1856","231","Completed","1","111.88","80.39","111.88","80.39","31.49","0.00","2.50","111.88","31.49"
"3227","1795","20250911","1856","182","Completed","1","336.54","258.11","336.54","258.11","78.43","0.00","2.50","336.54","78.43"
"3228","1796","20260805","1719","182","Completed","1","336.54","258.11","336.54","258.11","78.43","0.00","2.50","336.54","78.43"
"3229","1796","20260805","1719","208","Completed","2","270.85","183.28","541.70","366.56","175.14","0.00","2.50","541.70","175.14"
"3230","1796","20260805","1719","195","Completed","1","249.99","156.58","249.99","156.58","93.41","0.00","2.50","249.99","93.41"
"3231","1796","20260805","1719","223","Completed","1","80.76","46.98","80.76","46.98","33.78","0.00","2.50","80.76","33.78"
"3232","1797","20260219","1995","213","Completed","1","148.42","96.71","148.42","96.71","51.71","0.00","5.99","148.42","51.71"
"3233","1798","20260921","1646","227","Completed","2","220.71","129.38","441.42","258.76","182.66","0.00","0.00","441.42","182.66"
"3234","1799","20251009","1979","208","Completed","1","270.85","183.28","270.85","183.28","87.57","0.00","0.00","270.85","87.57"
"3235","1799","20251009","1979","197","Completed","2","49.20","27.84","98.40","55.68","42.72","0.00","0.00","98.40","42.72"
"3236","1799","20251009","1979","206","Completed","1","140.62","81.04","140.62","81.04","59.58","0.00","0.00","140.62","59.58"
"3237","1799","20251009","1979","183","Completed","1","60.67","34.80","60.67","34.80","25.87","0.00","0.00","60.67","25.87"
"3238","1800","20260515","1961","181","Returned","1","101.22","64.39","101.22","64.39","36.83","0.00","0.00","101.22","36.83"
"3239","1801","20260921","1986","204","Returned","1","186.71","108.43","186.71","108.43","78.28","0.00","2.00","186.71","78.28"
"3240","1801","20260921","1986","235","Returned","1","40.99","23.15","40.99","23.15","17.84","0.00","2.00","40.99","17.84"
"3241","1801","20260921","1986","184","Returned","1","93.32","65.41","93.32","65.41","27.91","0.00","2.00","93.32","27.91"
"3242","1802","20260814","1966","200","Completed","3","212.44","119.33","637.32","357.99","279.33","15.00","5.99","622.32","264.33"
"3243","1803","20260319","1853","217","Completed","1","148.68","108.91","148.68","108.91","39.77","3.75","0.00","144.93","36.02"
"3244","1803","20260319","1853","192","Completed","3","170.10","125.07","510.30","375.21","135.09","3.75","0.00","506.55","131.34"
"3245","1803","20260319","1853","193","Completed","1","232.94","146.33","232.94","146.33","86.61","3.75","0.00","229.19","82.86"
"3246","1803","20260319","1853","190","Completed","1","100.47","76.85","100.47","76.85","23.62","3.75","0.00","96.72","19.87"
"3247","1804","20250915","1717","212","Completed","1","97.33","68.97","97.33","68.97","28.36","0.00","3.00","97.33","28.36"
"3248","1804","20250915","1717","224","Completed","2","44.39","27.23","88.78","54.46","34.32","0.00","3.00","88.78","34.32"
"3249","1805","20260205","1668","207","Completed","1","440.02","275.08","440.02","275.08","164.94","0.00","9.99","440.02","164.94"
"3250","1806","20260105","1581","234","Completed","1","172.64","112.28","172.64","112.28","60.36","1.67","2.00","170.97","58.69"
"3251","1806","20260105","1581","223","Completed","1","80.76","46.98","80.76","46.98","33.78","1.67","2.00","79.09","32.11"
"3252","1806","20260105","1581","190","Completed","1","100.47","76.85","100.47","76.85","23.62","1.67","2.00","98.80","21.95"
"3253","1807","20260320","1945","181","Returned","1","101.22","64.39","101.22","64.39","36.83","0.00","9.99","101.22","36.83"
"3254","1808","20260226","1625","194","Cancelled","1","308.11","207.51","308.11","207.51","100.60","15.00","5.99","293.11","85.60"
"3255","1809","20260512","1538","192","Completed","1","170.10","125.07","170.10","125.07","45.03","0.00","3.33","170.10","45.03"
"3256","1809","20260512","1538","239","Completed","1","116.83","67.33","116.83","67.33","49.50","0.00","3.33","116.83","49.50"
"3257","1809","20260512","1538","208","Completed","1","270.85","183.28","270.85","183.28","87.57","0.00","3.33","270.85","87.57"
"3258","1810","20250208","1721","218","Completed","1","195.26","111.40","195.26","111.40","83.86","15.00","9.99","180.26","68.86"
"3259","1811","20251021","1647","188","Completed","1","147.11","98.96","147.11","98.96","48.15","0.00","5.99","147.11","48.15"
"3260","1812","20260803","1907","231","Returned","1","111.88","80.39","111.88","80.39","31.49","5.00","0.00","106.88","26.49"
"3261","1812","20260803","1907","217","Returned","1","148.68","108.91","148.68","108.91","39.77","5.00","0.00","143.68","34.77"
"3262","1813","20260719","1503","228","Cancelled","1","68.08","45.01","68.08","45.01","23.07","0.00","0.00","68.08","23.07"
"3263","1813","20260719","1503","191","Cancelled","1","45.75","27.33","45.75","27.33","18.42","0.00","0.00","45.75","18.42"
"3264","1814","20250407","1502","227","Completed","2","220.71","129.38","441.42","258.76","182.66","0.00","5.99","441.42","182.66"
"3265","1815","20260816","1547","183","Completed","1","60.67","34.80","60.67","34.80","25.87","0.00","0.00","60.67","25.87"
"3266","1816","20260626","1674","233","Completed","1","100.29","55.86","100.29","55.86","44.43","0.00","0.00","100.29","44.43"
"3267","1817","20260904","1945","232","Completed","1","292.00","192.97","292.00","192.97","99.03","5.00","5.00","287.00","94.03"
"3268","1817","20260904","1945","206","Completed","2","140.62","81.04","281.24","162.08","119.16","5.00","5.00","276.24","114.16"
"3269","1818","20251225","1707","227","Cancelled","2","220.71","129.38","441.42","258.76","182.66","3.33","2.00","438.09","179.33"
"3270","1818","20251225","1707","240","Cancelled","1","51.43","38.16","51.43","38.16","13.27","3.33","2.00","48.10","9.94"
"3271","1818","20251225","1707","181","Cancelled","3","101.22","64.39","303.66","193.17","110.49","3.33","2.00","300.33","107.16"
"3272","1819","20251020","1651","211","Completed","1","412.95","299.35","412.95","299.35","113.60","0.00","9.99","412.95","113.60"
"3273","1820","20260830","1642","222","Cancelled","1","100.07","70.05","100.07","70.05","30.02","1.67","0.00","98.40","28.35"
"3274","1820","20260830","1642","184","Cancelled","1","93.32","65.41","93.32","65.41","27.91","1.67","0.00","91.65","26.24"
"3275","1820","20260830","1642","189","Cancelled","1","413.12","294.37","413.12","294.37","118.75","1.67","0.00","411.45","117.08"
"3276","1821","20260919","1957","222","Returned","1","100.07","70.05","100.07","70.05","30.02","7.50","5.00","92.57","22.52"
"3277","1821","20260919","1957","232","Returned","1","292.00","192.97","292.00","192.97","99.03","7.50","5.00","284.50","91.53"
"3278","1822","20260723","1791","236","Cancelled","1","335.82","190.06","335.82","190.06","145.76","5.00","3.00","330.82","140.76"
"3279","1822","20260723","1791","240","Cancelled","2","51.43","38.16","102.86","76.32","26.54","5.00","3.00","97.86","21.54"
"3280","1823","20260616","1676","184","Returned","2","93.32","65.41","186.64","130.82","55.82","10.00","9.99","176.64","45.82"
"3281","1824","20260826","1910","223","Completed","1","80.76","46.98","80.76","46.98","33.78","5.00","0.00","75.76","28.78"
"3282","1824","20260826","1910","184","Completed","1","93.32","65.41","93.32","65.41","27.91","5.00","0.00","88.32","22.91"
"3283","1825","20260911","1615","230","Completed","1","94.90","67.25","94.90","67.25","27.65","0.00","9.99","94.90","27.65"
"3284","1826","20260731","1632","185","Completed","1","121.63","79.08","121.63","79.08","42.55","10.00","5.99","111.63","32.55"
"3285","1827","20250519","1854","220","Completed","1","97.88","74.33","97.88","74.33","23.55","10.00","5.99","87.88","13.55"
"3286","1828","20260304","1811","195","Completed","3","249.99","156.58","749.97","469.74","280.23","0.00","5.00","749.97","280.23"
"3287","1828","20260304","1811","198","Completed","2","71.76","49.35","143.52","98.70","44.82","0.00","5.00","143.52","44.82"
"3288","1829","20251028","1503","233","Completed","2","100.29","55.86","200.58","111.72","88.86","15.00","5.99","185.58","73.86"
"3289","1830","20260717","1873","223","Completed","1","80.76","46.98","80.76","46.98","33.78","0.00","9.99","80.76","33.78"
"3290","1831","20260823","1692","199","Completed","1","154.93","112.90","154.93","112.90","42.03","0.00","0.00","154.93","42.03"
"3291","1832","20260615","1603","183","Completed","1","60.67","34.80","60.67","34.80","25.87","0.00","0.00","60.67","25.87"
"3292","1833","20260102","1863","200","Completed","2","212.44","119.33","424.88","238.66","186.22","0.00","0.00","424.88","186.22"
"3293","1833","20260102","1863","215","Completed","1","45.82","32.17","45.82","32.17","13.65","0.00","0.00","45.82","13.65"
"3294","1834","20260816","1866","227","Completed","2","220.71","129.38","441.42","258.76","182.66","0.00","3.00","441.42","182.66"
"3295","1834","20260816","1866","185","Completed","1","121.63","79.08","121.63","79.08","42.55","0.00","3.00","121.63","42.55"
"3296","1835","20250912","1917","218","Completed","1","195.26","111.40","195.26","111.40","83.86","3.75","1.50","191.51","80.11"
"3297","1835","20250912","1917","204","Completed","1","186.71","108.43","186.71","108.43","78.28","3.75","1.50","182.96","74.53"
"3298","1835","20250912","1917","235","Completed","1","40.99","23.15","40.99","23.15","17.84","3.75","1.50","37.24","14.09"
"3299","1835","20250912","1917","191","Completed","2","45.75","27.33","91.50","54.66","36.84","3.75","1.50","87.75","33.09"
"3300","1836","20251004","1902","238","Cancelled","1","192.21","117.17","192.21","117.17","75.04","0.00","9.99","192.21","75.04"
"3301","1837","20260712","1715","234","Completed","1","172.64","112.28","172.64","112.28","60.36","2.50","3.00","170.14","57.86"
"3302","1837","20260712","1715","228","Completed","2","68.08","45.01","136.16","90.02","46.14","2.50","3.00","133.66","43.64"
"3303","1838","20260820","1666","222","Completed","1","100.07","70.05","100.07","70.05","30.02","0.00","3.00","100.07","30.02"
"3304","1838","20260820","1666","183","Completed","1","60.67","34.80","60.67","34.80","25.87","0.00","3.00","60.67","25.87"
"3305","1839","20260309","1775","234","Returned","2","172.64","112.28","345.28","224.56","120.72","0.00","5.99","345.28","120.72"
"3306","1840","20250609","1592","227","Completed","1","220.71","129.38","220.71","129.38","91.33","0.00","9.99","220.71","91.33"
"3307","1841","20260113","1563","232","Returned","1","292.00","192.97","292.00","192.97","99.03","15.00","9.99","277.00","84.03"
"3308","1842","20260430","1780","195","Completed","1","249.99","156.58","249.99","156.58","93.41","5.00","0.00","244.99","88.41"
"3309","1843","20260813","1533","193","Completed","1","232.94","146.33","232.94","146.33","86.61","10.00","0.00","222.94","76.61"
"3310","1844","20251220","1836","194","Returned","1","308.11","207.51","308.11","207.51","100.60","10.00","5.99","298.11","90.60"
"3311","1845","20260816","1684","189","Completed","1","413.12","294.37","413.12","294.37","118.75","7.50","0.00","405.62","111.25"
"3312","1845","20260816","1684","235","Completed","1","40.99","23.15","40.99","23.15","17.84","7.50","0.00","33.49","10.34"
"3313","1846","20260216","1748","218","Completed","1","195.26","111.40","195.26","111.40","83.86","0.00","9.99","195.26","83.86"
"3314","1847","20260908","1679","185","Cancelled","1","121.63","79.08","121.63","79.08","42.55","0.00","0.00","121.63","42.55"
"3315","1848","20260616","1802","214","Completed","1","443.92","253.54","443.92","253.54","190.38","0.00","3.33","443.92","190.38"
"3316","1848","20260616","1802","233","Completed","1","100.29","55.86","100.29","55.86","44.43","0.00","3.33","100.29","44.43"
"3317","1848","20260616","1802","215","Completed","1","45.82","32.17","45.82","32.17","13.65","0.00","3.33","45.82","13.65"
"3318","1849","20260808","1616","201","Cancelled","1","183.21","138.22","183.21","138.22","44.99","1.67","0.00","181.54","43.32"
"3319","1849","20260808","1616","234","Cancelled","1","172.64","112.28","172.64","112.28","60.36","1.67","0.00","170.97","58.69"
"3320","1849","20260808","1616","223","Cancelled","1","80.76","46.98","80.76","46.98","33.78","1.67","0.00","79.09","32.11"
"3321","1850","20250623","1617","228","Completed","1","68.08","45.01","68.08","45.01","23.07","0.00","3.00","68.08","23.07"
"3322","1850","20250623","1617","194","Completed","2","308.11","207.51","616.22","415.02","201.20","0.00","3.00","616.22","201.20"
"3323","1851","20251202","1889","184","Completed","1","93.32","65.41","93.32","65.41","27.91","7.50","0.00","85.82","20.41"
"3324","1851","20251202","1889","237","Completed","1","155.89","96.42","155.89","96.42","59.47","7.50","0.00","148.39","51.97"
"3325","1852","20260819","1744","236","Completed","1","335.82","190.06","335.82","190.06","145.76","0.00","5.99","335.82","145.76"
"3326","1853","20260804","1722","229","Completed","1","328.53","211.34","328.53","211.34","117.19","15.00","9.99","313.53","102.19"
"3327","1854","20260608","1851","192","Completed","1","170.10","125.07","170.10","125.07","45.03","7.50","0.00","162.60","37.53"
"3328","1854","20260608","1851","198","Completed","2","71.76","49.35","143.52","98.70","44.82","7.50","0.00","136.02","37.32"
"3329","1855","20260914","1962","226","Completed","1","155.18","87.63","155.18","87.63","67.55","0.00","0.00","155.18","67.55"
"3330","1856","20260805","1841","213","Completed","1","148.42","96.71","148.42","96.71","51.71","15.00","5.99","133.42","36.71"
"3331","1857","20251029","1796","202","Completed","1","148.28","83.26","148.28","83.26","65.02","0.00","9.99","148.28","65.02"
"3332","1858","20260530","1603","228","Cancelled","1","68.08","45.01","68.08","45.01","23.07","10.00","9.99","58.08","13.07"
"3333","1859","20260710","1791","229","Completed","1","328.53","211.34","328.53","211.34","117.19","0.00","5.99","328.53","117.19"
"3334","1860","20251008","1758","240","Returned","2","51.43","38.16","102.86","76.32","26.54","0.00","9.99","102.86","26.54"
"3335","1861","20260805","1769","181","Returned","1","101.22","64.39","101.22","64.39","36.83","0.00","5.99","101.22","36.83"
"3336","1862","20260123","1950","211","Completed","2","412.95","299.35","825.90","598.70","227.20","0.00","3.33","825.90","227.20"
"3337","1862","20260123","1950","218","Completed","1","195.26","111.40","195.26","111.40","83.86","0.00","3.33","195.26","83.86"
"3338","1862","20260123","1950","224","Completed","1","44.39","27.23","44.39","27.23","17.16","0.00","3.33","44.39","17.16"
"3339","1863","20260211","1934","224","Completed","1","44.39","27.23","44.39","27.23","17.16","15.00","5.99","29.39","2.16"
"3340","1864","20251213","1722","203","Completed","2","55.41","37.95","110.82","75.90","34.92","7.50","0.00","103.32","27.42"
"3341","1864","20251213","1722","213","Completed","1","148.42","96.71","148.42","96.71","51.71","7.50","0.00","140.92","44.21"
"3342","1865","20260824","1552","218","Returned","2","195.26","111.40","390.52","222.80","167.72","5.00","5.99","385.52","162.72"
"3343","1866","20260902","1860","218","Cancelled","2","195.26","111.40","390.52","222.80","167.72","1.25","0.00","389.27","166.47"
"3344","1866","20260902","1860","207","Cancelled","2","440.02","275.08","880.04","550.16","329.88","1.25","0.00","878.79","328.63"
"3345","1866","20260902","1860","221","Cancelled","1","211.10","133.66","211.10","133.66","77.44","1.25","0.00","209.85","76.19"
"3346","1866","20260902","1860","214","Cancelled","1","443.92","253.54","443.92","253.54","190.38","1.25","0.00","442.67","189.13"
"3347","1867","20260910","1635","186","Completed","1","423.31","240.26","423.31","240.26","183.05","0.00","0.00","423.31","183.05"
"3348","1868","20260530","1717","215","Completed","1","45.82","32.17","45.82","32.17","13.65","5.00","5.00","40.82","8.65"
"3349","1868","20260530","1717","182","Completed","1","336.54","258.11","336.54","258.11","78.43","5.00","5.00","331.54","73.43"
"3350","1869","20250628","1865","205","Completed","1","77.40","52.92","77.40","52.92","24.48","7.50","3.00","69.90","16.98"
"3351","1869","20250628","1865","188","Completed","1","147.11","98.96","147.11","98.96","48.15","7.50","3.00","139.61","40.65"
"3352","1870","20260616","1890","197","Completed","2","49.20","27.84","98.40","55.68","42.72","10.00","9.99","88.40","32.72"
"3353","1871","20260314","1544","194","Completed","2","308.11","207.51","616.22","415.02","201.20","5.00","3.00","611.22","196.20"
"3354","1871","20260314","1544","212","Completed","1","97.33","68.97","97.33","68.97","28.36","5.00","3.00","92.33","23.36"
"3355","1872","20260827","1555","207","Completed","3","440.02","275.08","1320.06","825.24","494.82","0.00","0.00","1320.06","494.82"
"3356","1872","20260827","1555","220","Completed","1","97.88","74.33","97.88","74.33","23.55","0.00","0.00","97.88","23.55"
"3357","1873","20260901","1503","188","Cancelled","1","147.11","98.96","147.11","98.96","48.15","0.00","9.99","147.11","48.15"
"3358","1874","20260228","1740","220","Completed","1","97.88","74.33","97.88","74.33","23.55","15.00","0.00","82.88","8.55"
"3359","1875","20260802","1530","213","Completed","1","148.42","96.71","148.42","96.71","51.71","0.00","0.00","148.42","51.71"
"3360","1876","20260803","1642","206","Cancelled","1","140.62","81.04","140.62","81.04","59.58","15.00","5.99","125.62","44.58"
"3361","1877","20250618","1775","220","Completed","1","97.88","74.33","97.88","74.33","23.55","3.33","3.33","94.55","20.22"
"3362","1877","20250618","1775","190","Completed","1","100.47","76.85","100.47","76.85","23.62","3.33","3.33","97.14","20.29"
"3363","1877","20250618","1775","235","Completed","2","40.99","23.15","81.98","46.30","35.68","3.33","3.33","78.65","32.35"
"3364","1878","20260713","1698","234","Returned","1","172.64","112.28","172.64","112.28","60.36","0.00","0.00","172.64","60.36"
"3365","1879","20260428","1555","214","Completed","2","443.92","253.54","887.84","507.08","380.76","0.00","9.99","887.84","380.76"
"3366","1880","20260716","1839","189","Completed","3","413.12","294.37","1239.36","883.11","356.25","10.00","9.99","1229.36","346.25"
"3367","1881","20250726","1801","222","Completed","1","100.07","70.05","100.07","70.05","30.02","0.00","0.00","100.07","30.02"
"3368","1882","20250925","1862","209","Completed","2","157.08","117.89","314.16","235.78","78.38","7.50","0.00","306.66","70.88"
"3369","1882","20250925","1862","210","Completed","1","116.09","88.40","116.09","88.40","27.69","7.50","0.00","108.59","20.19"
"3370","1883","20260715","1631","227","Completed","1","220.71","129.38","220.71","129.38","91.33","5.00","9.99","215.71","86.33"
"3371","1884","20260325","1877","224","Cancelled","1","44.39","27.23","44.39","27.23","17.16","7.50","5.00","36.89","9.66"
"3372","1884","20260325","1877","220","Cancelled","1","97.88","74.33","97.88","74.33","23.55","7.50","5.00","90.38","16.05"
"3373","1885","20260214","1572","225","Returned","1","98.36","65.70","98.36","65.70","32.66","0.00","2.00","98.36","32.66"
"3374","1885","20260214","1572","209","Returned","1","157.08","117.89","157.08","117.89","39.19","0.00","2.00","157.08","39.19"
"3375","1885","20260214","1572","239","Returned","1","116.83","67.33","116.83","67.33","49.50","0.00","2.00","116.83","49.50"
"3376","1886","20251119","1618","240","Completed","1","51.43","38.16","51.43","38.16","13.27","0.00","2.00","51.43","13.27"
"3377","1886","20251119","1618","217","Completed","1","148.68","108.91","148.68","108.91","39.77","0.00","2.00","148.68","39.77"
"3378","1886","20251119","1618","185","Completed","2","121.63","79.08","243.26","158.16","85.10","0.00","2.00","243.26","85.10"
"3379","1887","20260727","1543","214","Returned","3","443.92","253.54","1331.76","760.62","571.14","0.00","2.00","1331.76","571.14"
"3380","1887","20260727","1543","196","Returned","1","65.17","42.83","65.17","42.83","22.34","0.00","2.00","65.17","22.34"
"3381","1887","20260727","1543","210","Returned","1","116.09","88.40","116.09","88.40","27.69","0.00","2.00","116.09","27.69"
"3382","1888","20250812","1845","217","Completed","1","148.68","108.91","148.68","108.91","39.77","5.00","9.99","143.68","34.77"
"3383","1889","20260817","1723","226","Cancelled","1","155.18","87.63","155.18","87.63","67.55","10.00","9.99","145.18","57.55"
"3384","1890","20250726","1823","226","Completed","1","155.18","87.63","155.18","87.63","67.55","15.00","5.99","140.18","52.55"
"3385","1891","20251211","1655","214","Cancelled","1","443.92","253.54","443.92","253.54","190.38","0.00","5.99","443.92","190.38"
"3386","1892","20260816","1795","235","Completed","2","40.99","23.15","81.98","46.30","35.68","0.00","9.99","81.98","35.68"
"3387","1893","20251031","1861","211","Returned","1","412.95","299.35","412.95","299.35","113.60","0.00","0.00","412.95","113.60"
"3388","1894","20260729","1654","212","Returned","1","97.33","68.97","97.33","68.97","28.36","5.00","0.00","92.33","23.36"
"3389","1894","20260729","1654","225","Returned","1","98.36","65.70","98.36","65.70","32.66","5.00","0.00","93.36","27.66"
"3390","1894","20260729","1654","240","Returned","1","51.43","38.16","51.43","38.16","13.27","5.00","0.00","46.43","8.27"
"3391","1895","20260728","1922","219","Cancelled","1","272.42","159.43","272.42","159.43","112.99","0.00","9.99","272.42","112.99"
"3392","1896","20251110","1833","209","Cancelled","1","157.08","117.89","157.08","117.89","39.19","0.00","5.00","157.08","39.19"
"3393","1896","20251110","1833","224","Cancelled","2","44.39","27.23","88.78","54.46","34.32","0.00","5.00","88.78","34.32"
"3394","1897","20260916","1850","182","Cancelled","1","336.54","258.11","336.54","258.11","78.43","0.00","0.00","336.54","78.43"
"3395","1897","20260916","1850","188","Cancelled","1","147.11","98.96","147.11","98.96","48.15","0.00","0.00","147.11","48.15"
"3396","1897","20260916","1850","190","Cancelled","1","100.47","76.85","100.47","76.85","23.62","0.00","0.00","100.47","23.62"
"3397","1898","20260812","1766","186","Returned","1","423.31","240.26","423.31","240.26","183.05","7.50","3.00","415.81","175.55"
"3398","1898","20260812","1766","237","Returned","2","155.89","96.42","311.78","192.84","118.94","7.50","3.00","304.28","111.44"
"3399","1899","20260113","1536","216","Completed","2","315.71","189.79","631.42","379.58","251.84","0.00","5.00","631.42","251.84"
"3400","1899","20260113","1536","212","Completed","1","97.33","68.97","97.33","68.97","28.36","0.00","5.00","97.33","28.36"
"3401","1900","20260601","1717","192","Completed","1","170.10","125.07","170.10","125.07","45.03","0.00","3.00","170.10","45.03"
"3402","1900","20260601","1717","181","Completed","1","101.22","64.39","101.22","64.39","36.83","0.00","3.00","101.22","36.83"
"3403","1901","20260122","1995","195","Completed","1","249.99","156.58","249.99","156.58","93.41","0.00","0.00","249.99","93.41"
"3404","1902","20260905","1503","196","Completed","2","65.17","42.83","130.34","85.66","44.68","2.50","5.00","127.84","42.18"
"3405","1902","20260905","1503","240","Completed","1","51.43","38.16","51.43","38.16","13.27","2.50","5.00","48.93","10.77"
"3406","1903","20260212","1716","231","Completed","1","111.88","80.39","111.88","80.39","31.49","0.00","0.00","111.88","31.49"
"3407","1904","20251013","1657","217","Completed","2","148.68","108.91","297.36","217.82","79.54","10.00","9.99","287.36","69.54"
"3408","1905","20260814","1821","188","Cancelled","1","147.11","98.96","147.11","98.96","48.15","10.00","9.99","137.11","38.15"
"3409","1906","20260724","1837","205","Completed","1","77.40","52.92","77.40","52.92","24.48","0.00","0.00","77.40","24.48"
"3410","1907","20260628","1589","223","Cancelled","2","80.76","46.98","161.52","93.96","67.56","3.33","0.00","158.19","64.23"
"3411","1907","20260628","1589","196","Cancelled","2","65.17","42.83","130.34","85.66","44.68","3.33","0.00","127.01","41.35"
"3412","1907","20260628","1589","190","Cancelled","1","100.47","76.85","100.47","76.85","23.62","3.33","0.00","97.14","20.29"
"3413","1908","20251123","1840","229","Completed","2","328.53","211.34","657.06","422.68","234.38","1.67","0.00","655.39","232.71"
"3414","1908","20251123","1840","208","Completed","2","270.85","183.28","541.70","366.56","175.14","1.67","0.00","540.03","173.47"
"3415","1908","20251123","1840","183","Completed","1","60.67","34.80","60.67","34.80","25.87","1.67","0.00","59.00","24.20"
"3416","1909","20260814","1712","227","Completed","1","220.71","129.38","220.71","129.38","91.33","5.00","3.00","215.71","86.33"
"3417","1909","20260814","1712","230","Completed","1","94.90","67.25","94.90","67.25","27.65","5.00","3.00","89.90","22.65"
"3418","1910","20260809","1790","181","Completed","1","101.22","64.39","101.22","64.39","36.83","0.00","3.00","101.22","36.83"
"3419","1910","20260809","1790","194","Completed","1","308.11","207.51","308.11","207.51","100.60","0.00","3.00","308.11","100.60"
"3420","1911","20250405","1845","221","Completed","1","211.10","133.66","211.10","133.66","77.44","0.00","0.00","211.10","77.44"
"3421","1912","20260402","1568","181","Completed","2","101.22","64.39","202.44","128.78","73.66","0.00","9.99","202.44","73.66"
"3422","1913","20260915","1890","195","Completed","1","249.99","156.58","249.99","156.58","93.41","7.50","5.00","242.49","85.91"
"3423","1913","20260915","1890","192","Completed","1","170.10","125.07","170.10","125.07","45.03","7.50","5.00","162.60","37.53"
"3424","1914","20250430","1707","226","Cancelled","1","155.18","87.63","155.18","87.63","67.55","0.00","5.00","155.18","67.55"
"3425","1914","20250430","1707","215","Cancelled","2","45.82","32.17","91.64","64.34","27.30","0.00","5.00","91.64","27.30"
"3426","1915","20260516","1516","238","Completed","1","192.21","117.17","192.21","117.17","75.04","2.50","5.00","189.71","72.54"
"3427","1915","20260516","1516","199","Completed","1","154.93","112.90","154.93","112.90","42.03","2.50","5.00","152.43","39.53"
"3428","1916","20251205","1983","227","Completed","1","220.71","129.38","220.71","129.38","91.33","15.00","0.00","205.71","76.33"
"3429","1917","20260613","1677","189","Returned","1","413.12","294.37","413.12","294.37","118.75","0.00","5.99","413.12","118.75"
"3430","1918","20260810","1784","234","Completed","2","172.64","112.28","345.28","224.56","120.72","15.00","5.99","330.28","105.72"
"3431","1919","20260531","1841","183","Completed","2","60.67","34.80","121.34","69.60","51.74","15.00","5.99","106.34","36.74"
"3432","1920","20260630","1809","201","Completed","1","183.21","138.22","183.21","138.22","44.99","1.25","0.00","181.96","43.74"
"3433","1920","20260630","1809","240","Completed","1","51.43","38.16","51.43","38.16","13.27","1.25","0.00","50.18","12.02"
"3434","1920","20260630","1809","196","Completed","2","65.17","42.83","130.34","85.66","44.68","1.25","0.00","129.09","43.43"
"3435","1920","20260630","1809","227","Completed","1","220.71","129.38","220.71","129.38","91.33","1.25","0.00","219.46","90.08"
"3436","1921","20260816","1990","226","Cancelled","2","155.18","87.63","310.36","175.26","135.10","0.00","0.00","310.36","135.10"
"3437","1921","20260816","1990","202","Cancelled","1","148.28","83.26","148.28","83.26","65.02","0.00","0.00","148.28","65.02"
"3438","1921","20260816","1990","240","Cancelled","1","51.43","38.16","51.43","38.16","13.27","0.00","0.00","51.43","13.27"
"3439","1922","20260605","1927","229","Completed","1","328.53","211.34","328.53","211.34","117.19","10.00","0.00","318.53","107.19"
"3440","1923","20260609","1576","195","Completed","1","249.99","156.58","249.99","156.58","93.41","0.00","0.00","249.99","93.41"
"3441","1923","20260609","1576","238","Completed","2","192.21","117.17","384.42","234.34","150.08","0.00","0.00","384.42","150.08"
"3442","1923","20260609","1576","208","Completed","1","270.85","183.28","270.85","183.28","87.57","0.00","0.00","270.85","87.57"
"3443","1924","20260815","1944","232","Completed","3","292.00","192.97","876.00","578.91","297.09","0.00","9.99","876.00","297.09"
"3444","1925","20260709","1739","181","Returned","1","101.22","64.39","101.22","64.39","36.83","10.00","5.99","91.22","26.83"
"3445","1926","20260116","1637","240","Returned","1","51.43","38.16","51.43","38.16","13.27","0.00","0.00","51.43","13.27"
"3446","1927","20260820","1533","225","Completed","2","98.36","65.70","196.72","131.40","65.32","7.50","5.00","189.22","57.82"
"3447","1927","20260820","1533","193","Completed","2","232.94","146.33","465.88","292.66","173.22","7.50","5.00","458.38","165.72"
"3448","1928","20260816","1765","222","Completed","1","100.07","70.05","100.07","70.05","30.02","10.00","9.99","90.07","20.02"
"3449","1929","20260626","1510","220","Completed","1","97.88","74.33","97.88","74.33","23.55","0.00","0.00","97.88","23.55"
"3450","1929","20260626","1510","239","Completed","1","116.83","67.33","116.83","67.33","49.50","0.00","0.00","116.83","49.50"
"3451","1930","20260515","1684","194","Completed","1","308.11","207.51","308.11","207.51","100.60","5.00","5.99","303.11","95.60"
"3452","1931","20260528","1667","212","Returned","2","97.33","68.97","194.66","137.94","56.72","0.00","0.00","194.66","56.72"
"3453","1931","20260528","1667","229","Returned","2","328.53","211.34","657.06","422.68","234.38","0.00","0.00","657.06","234.38"
"3454","1932","20260828","1708","184","Cancelled","1","93.32","65.41","93.32","65.41","27.91","0.00","0.00","93.32","27.91"
"3455","1932","20260828","1708","208","Cancelled","2","270.85","183.28","541.70","366.56","175.14","0.00","0.00","541.70","175.14"
"3456","1933","20260919","1957","189","Cancelled","1","413.12","294.37","413.12","294.37","118.75","0.00","0.00","413.12","118.75"
"3457","1934","20260813","1875","214","Returned","1","443.92","253.54","443.92","253.54","190.38","2.50","0.00","441.42","187.88"
"3458","1934","20260813","1875","182","Returned","1","336.54","258.11","336.54","258.11","78.43","2.50","0.00","334.04","75.93"
"3459","1935","20250418","1811","211","Cancelled","1","412.95","299.35","412.95","299.35","113.60","0.00","2.00","412.95","113.60"
"3460","1935","20250418","1811","201","Cancelled","1","183.21","138.22","183.21","138.22","44.99","0.00","2.00","183.21","44.99"
"3461","1935","20250418","1811","196","Cancelled","2","65.17","42.83","130.34","85.66","44.68","0.00","2.00","130.34","44.68"
"3462","1936","20260822","1860","200","Completed","1","212.44","119.33","212.44","119.33","93.11","15.00","9.99","197.44","78.11"
"3463","1937","20260228","1893","210","Completed","1","116.09","88.40","116.09","88.40","27.69","10.00","9.99","106.09","17.69"
"3464","1938","20260502","1642","231","Completed","1","111.88","80.39","111.88","80.39","31.49","2.50","0.00","109.38","28.99"
"3465","1938","20260502","1642","232","Completed","1","292.00","192.97","292.00","192.97","99.03","2.50","0.00","289.50","96.53"
"3466","1939","20250519","1857","238","Cancelled","1","192.21","117.17","192.21","117.17","75.04","3.33","0.00","188.88","71.71"
"3467","1939","20250519","1857","231","Cancelled","1","111.88","80.39","111.88","80.39","31.49","3.33","0.00","108.55","28.16"
"3468","1939","20250519","1857","186","Cancelled","2","423.31","240.26","846.62","480.52","366.10","3.33","0.00","843.29","362.77"
"3469","1940","20250916","1639","183","Completed","1","60.67","34.80","60.67","34.80","25.87","3.33","2.00","57.34","22.54"
"3470","1940","20250916","1639","209","Completed","1","157.08","117.89","157.08","117.89","39.19","3.33","2.00","153.75","35.86"
"3471","1940","20250916","1639","188","Completed","2","147.11","98.96","294.22","197.92","96.30","3.33","2.00","290.89","92.97"
"3472","1941","20260921","1596","223","Completed","1","80.76","46.98","80.76","46.98","33.78","7.50","3.00","73.26","26.28"
"3473","1941","20260921","1596","195","Completed","1","249.99","156.58","249.99","156.58","93.41","7.50","3.00","242.49","85.91"
"3474","1942","20260728","1999","195","Cancelled","1","249.99","156.58","249.99","156.58","93.41","5.00","0.00","244.99","88.41"
"3475","1942","20260728","1999","233","Cancelled","1","100.29","55.86","100.29","55.86","44.43","5.00","0.00","95.29","39.43"
"3476","1943","20260604","1812","219","Cancelled","1","272.42","159.43","272.42","159.43","112.99","2.50","3.00","269.92","110.49"
"3477","1943","20260604","1812","220","Cancelled","2","97.88","74.33","195.76","148.66","47.10","2.50","3.00","193.26","44.60"
"3478","1944","20260508","1661","232","Returned","1","292.00","192.97","292.00","192.97","99.03","0.00","5.00","292.00","99.03"
"3479","1944","20260508","1661","199","Returned","1","154.93","112.90","154.93","112.90","42.03","0.00","5.00","154.93","42.03"
"3480","1945","20260202","1918","186","Completed","2","423.31","240.26","846.62","480.52","366.10","0.00","0.00","846.62","366.10"
"3481","1946","20260701","1538","205","Completed","1","77.40","52.92","77.40","52.92","24.48","0.00","0.00","77.40","24.48"
"3482","1947","20260621","1650","182","Cancelled","1","336.54","258.11","336.54","258.11","78.43","5.00","0.00","331.54","73.43"
"3483","1947","20260621","1650","194","Cancelled","1","308.11","207.51","308.11","207.51","100.60","5.00","0.00","303.11","95.60"
"3484","1947","20260621","1650","188","Cancelled","1","147.11","98.96","147.11","98.96","48.15","5.00","0.00","142.11","43.15"
"3485","1948","20260824","1752","225","Completed","1","98.36","65.70","98.36","65.70","32.66","0.00","0.00","98.36","32.66"
"3486","1949","20251022","1721","199","Cancelled","1","154.93","112.90","154.93","112.90","42.03","5.00","9.99","149.93","37.03"
"3487","1950","20260829","1510","208","Returned","1","270.85","183.28","270.85","183.28","87.57","0.00","0.00","270.85","87.57"
"3488","1951","20260518","1884","217","Completed","2","148.68","108.91","297.36","217.82","79.54","0.00","9.99","297.36","79.54"
"3489","1952","20250711","1691","223","Completed","2","80.76","46.98","161.52","93.96","67.56","0.00","5.00","161.52","67.56"
"3490","1952","20250711","1691","201","Completed","1","183.21","138.22","183.21","138.22","44.99","0.00","5.00","183.21","44.99"
"3491","1953","20260827","1976","192","Returned","1","170.10","125.07","170.10","125.07","45.03","1.67","0.00","168.43","43.36"
"3492","1953","20260827","1976","203","Returned","1","55.41","37.95","55.41","37.95","17.46","1.67","0.00","53.74","15.79"
"3493","1953","20260827","1976","219","Returned","1","272.42","159.43","272.42","159.43","112.99","1.67","0.00","270.75","111.32"
"3494","1954","20260718","1795","199","Completed","1","154.93","112.90","154.93","112.90","42.03","0.00","9.99","154.93","42.03"
"3495","1955","20260303","1847","218","Returned","1","195.26","111.40","195.26","111.40","83.86","0.00","9.99","195.26","83.86"
"3496","1956","20260817","1732","223","Completed","1","80.76","46.98","80.76","46.98","33.78","0.00","2.00","80.76","33.78"
"3497","1956","20260817","1732","191","Completed","1","45.75","27.33","45.75","27.33","18.42","0.00","2.00","45.75","18.42"
"3498","1956","20260817","1732","240","Completed","1","51.43","38.16","51.43","38.16","13.27","0.00","2.00","51.43","13.27"
"3499","1957","20250927","1661","184","Completed","2","93.32","65.41","186.64","130.82","55.82","0.00","5.99","186.64","55.82"
"3500","1958","20260216","1703","199","Cancelled","1","154.93","112.90","154.93","112.90","42.03","1.67","3.33","153.26","40.36"
"3501","1958","20260216","1703","208","Cancelled","1","270.85","183.28","270.85","183.28","87.57","1.67","3.33","269.18","85.90"
"3502","1958","20260216","1703","181","Cancelled","2","101.22","64.39","202.44","128.78","73.66","1.67","3.33","200.77","71.99"
"3503","1959","20250321","1682","240","Cancelled","1","51.43","38.16","51.43","38.16","13.27","0.00","9.99","51.43","13.27"
"3504","1960","20250727","1756","221","Cancelled","1","211.10","133.66","211.10","133.66","77.44","0.00","0.00","211.10","77.44"
"3505","1961","20251109","1812","183","Returned","1","60.67","34.80","60.67","34.80","25.87","0.00","0.00","60.67","25.87"
"3506","1961","20251109","1812","233","Returned","2","100.29","55.86","200.58","111.72","88.86","0.00","0.00","200.58","88.86"
"3507","1962","20260305","1629","217","Completed","2","148.68","108.91","297.36","217.82","79.54","5.00","9.99","292.36","74.54"
"3508","1963","20250604","1550","196","Completed","1","65.17","42.83","65.17","42.83","22.34","3.33","3.33","61.84","19.01"
"3509","1963","20250604","1550","214","Completed","2","443.92","253.54","887.84","507.08","380.76","3.33","3.33","884.51","377.43"
"3510","1963","20250604","1550","209","Completed","1","157.08","117.89","157.08","117.89","39.19","3.33","3.33","153.75","35.86"
"3511","1964","20260919","1940","229","Completed","1","328.53","211.34","328.53","211.34","117.19","5.00","5.99","323.53","112.19"
"3512","1965","20260608","1722","230","Returned","1","94.90","67.25","94.90","67.25","27.65","0.00","2.00","94.90","27.65"
"3513","1965","20260608","1722","226","Returned","1","155.18","87.63","155.18","87.63","67.55","0.00","2.00","155.18","67.55"
"3514","1965","20260608","1722","201","Returned","1","183.21","138.22","183.21","138.22","44.99","0.00","2.00","183.21","44.99"
"3515","1966","20260604","1552","191","Completed","1","45.75","27.33","45.75","27.33","18.42","5.00","9.99","40.75","13.42"
"3516","1967","20260506","1507","212","Completed","1","97.33","68.97","97.33","68.97","28.36","0.00","3.00","97.33","28.36"
"3517","1967","20260506","1507","191","Completed","2","45.75","27.33","91.50","54.66","36.84","0.00","3.00","91.50","36.84"
"3518","1968","20251109","1856","204","Completed","1","186.71","108.43","186.71","108.43","78.28","3.75","0.00","182.96","74.53"
"3519","1968","20251109","1856","205","Completed","1","77.40","52.92","77.40","52.92","24.48","3.75","0.00","73.65","20.73"
"3520","1968","20251109","1856","215","Completed","1","45.82","32.17","45.82","32.17","13.65","3.75","0.00","42.07","9.90"
"3521","1968","20251109","1856","216","Completed","3","315.71","189.79","947.13","569.37","377.76","3.75","0.00","943.38","374.01"
"3522","1969","20260502","1629","218","Cancelled","1","195.26","111.40","195.26","111.40","83.86","5.00","3.00","190.26","78.86"
"3523","1969","20260502","1629","229","Cancelled","1","328.53","211.34","328.53","211.34","117.19","5.00","3.00","323.53","112.19"
"3524","1970","20260611","1759","211","Completed","2","412.95","299.35","825.90","598.70","227.20","0.00","2.50","825.90","227.20"
"3525","1970","20260611","1759","223","Completed","1","80.76","46.98","80.76","46.98","33.78","0.00","2.50","80.76","33.78"
"3526","1970","20260611","1759","222","Completed","1","100.07","70.05","100.07","70.05","30.02","0.00","2.50","100.07","30.02"
"3527","1970","20260611","1759","201","Completed","2","183.21","138.22","366.42","276.44","89.98","0.00","2.50","366.42","89.98"
"3528","1971","20260623","1634","233","Completed","2","100.29","55.86","200.58","111.72","88.86","1.67","0.00","198.91","87.19"
"3529","1971","20260623","1634","237","Completed","1","155.89","96.42","155.89","96.42","59.47","1.67","0.00","154.22","57.80"
"3530","1971","20260623","1634","186","Completed","1","423.31","240.26","423.31","240.26","183.05","1.67","0.00","421.64","181.38"
"3531","1972","20250912","1862","221","Completed","1","211.10","133.66","211.10","133.66","77.44","0.00","0.00","211.10","77.44"
"3532","1973","20260122","1709","199","Cancelled","2","154.93","112.90","309.86","225.80","84.06","5.00","0.00","304.86","79.06"
"3533","1974","20251205","1959","185","Returned","1","121.63","79.08","121.63","79.08","42.55","0.00","2.00","121.63","42.55"
"3534","1974","20251205","1959","207","Returned","1","440.02","275.08","440.02","275.08","164.94","0.00","2.00","440.02","164.94"
"3535","1974","20251205","1959","217","Returned","1","148.68","108.91","148.68","108.91","39.77","0.00","2.00","148.68","39.77"
"3536","1975","20260528","1809","221","Completed","1","211.10","133.66","211.10","133.66","77.44","5.00","2.00","206.10","72.44"
"3537","1975","20260528","1809","195","Completed","1","249.99","156.58","249.99","156.58","93.41","5.00","2.00","244.99","88.41"
"3538","1975","20260528","1809","236","Completed","3","335.82","190.06","1007.46","570.18","437.28","5.00","2.00","1002.46","432.28"
"3539","1976","20260107","1634","213","Cancelled","2","148.42","96.71","296.84","193.42","103.42","1.67","2.00","295.17","101.75"
"3540","1976","20260107","1634","211","Cancelled","1","412.95","299.35","412.95","299.35","113.60","1.67","2.00","411.28","111.93"
"3541","1976","20260107","1634","205","Cancelled","1","77.40","52.92","77.40","52.92","24.48","1.67","2.00","75.73","22.81"
"3542","1977","20260426","1641","207","Returned","1","440.02","275.08","440.02","275.08","164.94","0.00","3.00","440.02","164.94"
"3543","1977","20260426","1641","212","Returned","1","97.33","68.97","97.33","68.97","28.36","0.00","3.00","97.33","28.36"
"3544","1978","20250711","1894","222","Cancelled","1","100.07","70.05","100.07","70.05","30.02","0.00","0.00","100.07","30.02"
"3545","1979","20260524","1664","229","Completed","2","328.53","211.34","657.06","422.68","234.38","0.00","3.00","657.06","234.38"
"3546","1979","20260524","1664","182","Completed","2","336.54","258.11","673.08","516.22","156.86","0.00","3.00","673.08","156.86"
"3547","1980","20251025","1798","230","Completed","2","94.90","67.25","189.80","134.50","55.30","0.00","3.00","189.80","55.30"
"3548","1980","20251025","1798","220","Completed","2","97.88","74.33","195.76","148.66","47.10","0.00","3.00","195.76","47.10"
"3549","1981","20260820","1751","217","Completed","2","148.68","108.91","297.36","217.82","79.54","7.50","3.00","289.86","72.04"
"3550","1981","20260820","1751","224","Completed","1","44.39","27.23","44.39","27.23","17.16","7.50","3.00","36.89","9.66"
"3551","1982","20260816","1596","210","Completed","2","116.09","88.40","232.18","176.80","55.38","5.00","0.00","227.18","50.38"
"3552","1983","20260825","1772","219","Completed","1","272.42","159.43","272.42","159.43","112.99","0.00","0.00","272.42","112.99"
"3553","1983","20260825","1772","220","Completed","1","97.88","74.33","97.88","74.33","23.55","0.00","0.00","97.88","23.55"
"3554","1984","20260817","1914","235","Returned","2","40.99","23.15","81.98","46.30","35.68","0.00","5.00","81.98","35.68"
"3555","1984","20260817","1914","182","Returned","1","336.54","258.11","336.54","258.11","78.43","0.00","5.00","336.54","78.43"
"3556","1985","20260509","1540","194","Returned","1","308.11","207.51","308.11","207.51","100.60","5.00","3.00","303.11","95.60"
"3557","1985","20260509","1540","192","Returned","1","170.10","125.07","170.10","125.07","45.03","5.00","3.00","165.10","40.03"
"3558","1986","20260721","1541","185","Completed","1","121.63","79.08","121.63","79.08","42.55","0.00","2.00","121.63","42.55"
"3559","1986","20260721","1541","192","Completed","2","170.10","125.07","340.20","250.14","90.06","0.00","2.00","340.20","90.06"
"3560","1986","20260721","1541","214","Completed","1","443.92","253.54","443.92","253.54","190.38","0.00","2.00","443.92","190.38"
"3561","1987","20260922","1703","238","Completed","1","192.21","117.17","192.21","117.17","75.04","5.00","0.00","187.21","70.04"
"3562","1988","20260215","1683","201","Completed","1","183.21","138.22","183.21","138.22","44.99","15.00","5.99","168.21","29.99"
"3563","1989","20260912","1589","224","Completed","2","44.39","27.23","88.78","54.46","34.32","0.00","9.99","88.78","34.32"
"3564","1990","20260217","1836","229","Completed","2","328.53","211.34","657.06","422.68","234.38","5.00","5.00","652.06","229.38"
"3565","1990","20260217","1836","224","Completed","1","44.39","27.23","44.39","27.23","17.16","5.00","5.00","39.39","12.16"
"3566","1991","20260720","1698","192","Completed","1","170.10","125.07","170.10","125.07","45.03","7.50","3.00","162.60","37.53"
"3567","1991","20260720","1698","206","Completed","3","140.62","81.04","421.86","243.12","178.74","7.50","3.00","414.36","171.24"
"3568","1992","20260918","1905","238","Completed","1","192.21","117.17","192.21","117.17","75.04","5.00","3.00","187.21","70.04"
"3569","1992","20260918","1905","195","Completed","2","249.99","156.58","499.98","313.16","186.82","5.00","3.00","494.98","181.82"
"3570","1993","20251213","1659","233","Completed","1","100.29","55.86","100.29","55.86","44.43","0.00","9.99","100.29","44.43"
"3571","1994","20260414","1948","235","Completed","2","40.99","23.15","81.98","46.30","35.68","0.00","5.99","81.98","35.68"
"3572","1995","20250825","1824","224","Returned","1","44.39","27.23","44.39","27.23","17.16","10.00","0.00","34.39","7.16"
"3573","1996","20260728","1812","234","Completed","1","172.64","112.28","172.64","112.28","60.36","10.00","9.99","162.64","50.36"
"3574","1997","20260814","1974","193","Returned","1","232.94","146.33","232.94","146.33","86.61","0.00","3.00","232.94","86.61"
"3575","1997","20260814","1974","212","Returned","1","97.33","68.97","97.33","68.97","28.36","0.00","3.00","97.33","28.36"
"3576","1998","20260621","1551","214","Completed","1","443.92","253.54","443.92","253.54","190.38","10.00","9.99","433.92","180.38"
"3577","1999","20260620","1966","183","Completed","1","60.67","34.80","60.67","34.80","25.87","0.00","0.00","60.67","25.87"
"3578","1999","20260620","1966","201","Completed","1","183.21","138.22","183.21","138.22","44.99","0.00","0.00","183.21","44.99"
"3579","1999","20260620","1966","206","Completed","1","140.62","81.04","140.62","81.04","59.58","0.00","0.00","140.62","59.58"
"3580","2000","20250817","1893","219","Completed","1","272.42","159.43","272.42","159.43","112.99","0.00","0.00","272.42","112.99"
"3581","2000","20250817","1893","237","Completed","1","155.89","96.42","155.89","96.42","59.47","0.00","0.00","155.89","59.47"
"3582","2000","20250817","1893","221","Completed","1","211.10","133.66","211.10","133.66","77.44","0.00","0.00","211.10","77.44"
"3583","2000","20250817","1893","231","Completed","2","111.88","80.39","223.76","160.78","62.98","0.00","0.00","223.76","62.98"
"3584","2001","20260501","1512","216","Completed","1","315.71","189.79","315.71","189.79","125.92","0.00","3.33","315.71","125.92"
"3585","2001","20260501","1512","181","Completed","1","101.22","64.39","101.22","64.39","36.83","0.00","3.33","101.22","36.83"
"3586","2001","20260501","1512","187","Completed","2","90.39","64.58","180.78","129.16","51.62","0.00","3.33","180.78","51.62"
"3587","2002","20251120","1720","237","Returned","1","155.89","96.42","155.89","96.42","59.47","0.00","9.99","155.89","59.47"
"3588","2003","20260910","1772","215","Completed","1","45.82","32.17","45.82","32.17","13.65","0.00","5.99","45.82","13.65"
"3589","2004","20260508","1649","238","Completed","2","192.21","117.17","384.42","234.34","150.08","5.00","3.33","379.42","145.08"
"3590","2004","20260508","1649","202","Completed","1","148.28","83.26","148.28","83.26","65.02","5.00","3.33","143.28","60.02"
"3591","2004","20260508","1649","221","Completed","1","211.10","133.66","211.10","133.66","77.44","5.00","3.33","206.10","72.44"
"3592","2005","20260518","1819","208","Completed","1","270.85","183.28","270.85","183.28","87.57","0.00","0.00","270.85","87.57"
"3593","2005","20260518","1819","216","Completed","1","315.71","189.79","315.71","189.79","125.92","0.00","0.00","315.71","125.92"
"3594","2006","20260503","1780","187","Completed","3","90.39","64.58","271.17","193.74","77.43","7.50","3.00","263.67","69.93"
"3595","2006","20260503","1780","184","Completed","3","93.32","65.41","279.96","196.23","83.73","7.50","3.00","272.46","76.23"
"3596","2007","20260405","1750","224","Cancelled","1","44.39","27.23","44.39","27.23","17.16","2.50","0.00","41.89","14.66"
"3597","2007","20260405","1750","219","Cancelled","2","272.42","159.43","544.84","318.86","225.98","2.50","0.00","542.34","223.48"
"3598","2008","20260918","1517","239","Completed","1","116.83","67.33","116.83","67.33","49.50","15.00","0.00","101.83","34.50"
"3599","2009","20250803","1887","231","Cancelled","3","111.88","80.39","335.64","241.17","94.47","0.00","5.99","335.64","94.47"
"3600","2010","20251222","1842","228","Returned","1","68.08","45.01","68.08","45.01","23.07","5.00","2.00","63.08","18.07"
"3601","2010","20251222","1842","188","Returned","1","147.11","98.96","147.11","98.96","48.15","5.00","2.00","142.11","43.15"
"3602","2010","20251222","1842","229","Returned","1","328.53","211.34","328.53","211.34","117.19","5.00","2.00","323.53","112.19"
"3603","2011","20260708","1932","232","Cancelled","1","292.00","192.97","292.00","192.97","99.03","0.00","9.99","292.00","99.03"
"3604","2012","20260722","1593","186","Completed","1","423.31","240.26","423.31","240.26","183.05","0.00","9.99","423.31","183.05"
"3605","2013","20260613","1819","226","Returned","1","155.18","87.63","155.18","87.63","67.55","0.00","5.00","155.18","67.55"
"3606","2013","20260613","1819","202","Returned","1","148.28","83.26","148.28","83.26","65.02","0.00","5.00","148.28","65.02"
"3607","2014","20260913","1970","224","Completed","3","44.39","27.23","133.17","81.69","51.48","5.00","5.99","128.17","46.48"
"3608","2015","20260812","1994","190","Completed","1","100.47","76.85","100.47","76.85","23.62","0.00","3.00","100.47","23.62"
"3609","2015","20260812","1994","228","Completed","1","68.08","45.01","68.08","45.01","23.07","0.00","3.00","68.08","23.07"
"3610","2016","20260509","1965","211","Completed","2","412.95","299.35","825.90","598.70","227.20","5.00","9.99","820.90","222.20"
"3611","2017","20260102","1737","231","Cancelled","2","111.88","80.39","223.76","160.78","62.98","5.00","0.00","218.76","57.98"
"3612","2017","20260102","1737","209","Cancelled","2","157.08","117.89","314.16","235.78","78.38","5.00","0.00","309.16","73.38"
"3613","2018","20260312","1629","202","Completed","1","148.28","83.26","148.28","83.26","65.02","0.00","0.00","148.28","65.02"
"3614","2018","20260312","1629","214","Completed","1","443.92","253.54","443.92","253.54","190.38","0.00","0.00","443.92","190.38"
"3615","2019","20260815","1547","197","Completed","2","49.20","27.84","98.40","55.68","42.72","1.67","2.00","96.73","41.05"
"3616","2019","20260815","1547","215","Completed","1","45.82","32.17","45.82","32.17","13.65","1.67","2.00","44.15","11.98"
"3617","2019","20260815","1547","183","Completed","1","60.67","34.80","60.67","34.80","25.87","1.67","2.00","59.00","24.20"
"3618","2020","20260530","1532","186","Completed","1","423.31","240.26","423.31","240.26","183.05","0.00","5.99","423.31","183.05"
"3619","2021","20260730","1586","186","Cancelled","1","423.31","240.26","423.31","240.26","183.05","2.50","0.00","420.81","180.55"
"3620","2021","20260730","1586","204","Cancelled","1","186.71","108.43","186.71","108.43","78.28","2.50","0.00","184.21","75.78"
"3621","2022","20251129","1568","206","Completed","1","140.62","81.04","140.62","81.04","59.58","0.00","9.99","140.62","59.58"
"3622","2023","20260322","1892","239","Cancelled","1","116.83","67.33","116.83","67.33","49.50","0.00","9.99","116.83","49.50"
"3623","2024","20260829","1546","222","Cancelled","1","100.07","70.05","100.07","70.05","30.02","2.50","3.00","97.57","27.52"
"3624","2024","20260829","1546","212","Cancelled","2","97.33","68.97","194.66","137.94","56.72","2.50","3.00","192.16","54.22"
"3625","2025","20251129","1756","223","Completed","1","80.76","46.98","80.76","46.98","33.78","0.00","0.00","80.76","33.78"
"3626","2025","20251129","1756","222","Completed","3","100.07","70.05","300.21","210.15","90.06","0.00","0.00","300.21","90.06"
"3627","2026","20251004","1928","222","Cancelled","1","100.07","70.05","100.07","70.05","30.02","3.33","2.00","96.74","26.69"
"3628","2026","20251004","1928","235","Cancelled","1","40.99","23.15","40.99","23.15","17.84","3.33","2.00","37.66","14.51"
"3629","2026","20251004","1928","201","Cancelled","2","183.21","138.22","366.42","276.44","89.98","3.33","2.00","363.09","86.65"
"3630","2027","20260616","1763","219","Completed","2","272.42","159.43","544.84","318.86","225.98","5.00","9.99","539.84","220.98"
"3631","2028","20260826","1719","235","Completed","1","40.99","23.15","40.99","23.15","17.84","0.00","2.00","40.99","17.84"
"3632","2028","20260826","1719","215","Completed","1","45.82","32.17","45.82","32.17","13.65","0.00","2.00","45.82","13.65"
"3633","2028","20260826","1719","230","Completed","1","94.90","67.25","94.90","67.25","27.65","0.00","2.00","94.90","27.65"
"3634","2029","20260625","1879","213","Completed","1","148.42","96.71","148.42","96.71","51.71","5.00","0.00","143.42","46.71"
"3635","2030","20260316","1725","200","Completed","1","212.44","119.33","212.44","119.33","93.11","0.00","5.99","212.44","93.11"
"3636","2031","20260615","1741","189","Completed","1","413.12","294.37","413.12","294.37","118.75","15.00","0.00","398.12","103.75"
"3637","2032","20260617","1872","198","Cancelled","2","71.76","49.35","143.52","98.70","44.82","5.00","0.00","138.52","39.82"
"3638","2033","20260912","1503","204","Completed","1","186.71","108.43","186.71","108.43","78.28","2.50","3.00","184.21","75.78"
"3639","2033","20260912","1503","236","Completed","1","335.82","190.06","335.82","190.06","145.76","2.50","3.00","333.32","143.26"
"3640","2034","20260111","1683","220","Completed","1","97.88","74.33","97.88","74.33","23.55","0.00","5.99","97.88","23.55"
"3641","2035","20260723","1835","185","Cancelled","1","121.63","79.08","121.63","79.08","42.55","0.00","3.00","121.63","42.55"
"3642","2035","20260723","1835","182","Cancelled","1","336.54","258.11","336.54","258.11","78.43","0.00","3.00","336.54","78.43"
"3643","2036","20260317","1869","182","Cancelled","2","336.54","258.11","673.08","516.22","156.86","5.00","9.99","668.08","151.86"
"3644","2037","20251208","1949","231","Completed","1","111.88","80.39","111.88","80.39","31.49","0.00","0.00","111.88","31.49"
"3645","2038","20260815","1866","183","Completed","1","60.67","34.80","60.67","34.80","25.87","0.00","0.00","60.67","25.87"
"3646","2039","20260626","1882","189","Completed","1","413.12","294.37","413.12","294.37","118.75","0.00","9.99","413.12","118.75"
"3647","2040","20260921","1608","229","Cancelled","1","328.53","211.34","328.53","211.34","117.19","0.00","9.99","328.53","117.19"
"3648","2041","20250914","1680","194","Completed","1","308.11","207.51","308.11","207.51","100.60","0.00","9.99","308.11","100.60"
"3649","2042","20260703","1688","205","Returned","1","77.40","52.92","77.40","52.92","24.48","0.00","9.99","77.40","24.48"
"3650","2043","20250813","1936","222","Returned","1","100.07","70.05","100.07","70.05","30.02","0.00","3.33","100.07","30.02"
"3651","2043","20250813","1936","217","Returned","1","148.68","108.91","148.68","108.91","39.77","0.00","3.33","148.68","39.77"
"3652","2043","20250813","1936","216","Returned","1","315.71","189.79","315.71","189.79","125.92","0.00","3.33","315.71","125.92"
"3653","2044","20260815","1612","184","Completed","3","93.32","65.41","279.96","196.23","83.73","0.00","0.00","279.96","83.73"
"3654","2045","20260615","1794","206","Completed","1","140.62","81.04","140.62","81.04","59.58","15.00","0.00","125.62","44.58"
"3655","2046","20260130","1902","239","Completed","1","116.83","67.33","116.83","67.33","49.50","7.50","0.00","109.33","42.00"
"3656","2046","20260130","1902","205","Completed","1","77.40","52.92","77.40","52.92","24.48","7.50","0.00","69.90","16.98"
"3657","2047","20260906","1538","230","Completed","1","94.90","67.25","94.90","67.25","27.65","0.00","0.00","94.90","27.65"
"3658","2047","20260906","1538","181","Completed","1","101.22","64.39","101.22","64.39","36.83","0.00","0.00","101.22","36.83"
"3659","2047","20260906","1538","191","Completed","1","45.75","27.33","45.75","27.33","18.42","0.00","0.00","45.75","18.42"
"3660","2048","20251229","1868","234","Cancelled","1","172.64","112.28","172.64","112.28","60.36","2.50","0.00","170.14","57.86"
"3661","2048","20251229","1868","190","Cancelled","1","100.47","76.85","100.47","76.85","23.62","2.50","0.00","97.97","21.12"
"3662","2048","20251229","1868","238","Cancelled","1","192.21","117.17","192.21","117.17","75.04","2.50","0.00","189.71","72.54"
"3663","2048","20251229","1868","181","Cancelled","2","101.22","64.39","202.44","128.78","73.66","2.50","0.00","199.94","71.16"
"3664","2049","20251120","1671","215","Completed","1","45.82","32.17","45.82","32.17","13.65","0.00","9.99","45.82","13.65"
"3665","2050","20260512","1782","199","Completed","1","154.93","112.90","154.93","112.90","42.03","0.00","5.00","154.93","42.03"
"3666","2050","20260512","1782","222","Completed","3","100.07","70.05","300.21","210.15","90.06","0.00","5.00","300.21","90.06"
"3667","2051","20260516","1587","208","Completed","1","270.85","183.28","270.85","183.28","87.57","15.00","9.99","255.85","72.57"
"3668","2052","20251120","1509","193","Completed","1","232.94","146.33","232.94","146.33","86.61","0.00","0.00","232.94","86.61"
"3669","2053","20251211","1693","191","Completed","1","45.75","27.33","45.75","27.33","18.42","3.75","0.00","42.00","14.67"
"3670","2053","20251211","1693","225","Completed","1","98.36","65.70","98.36","65.70","32.66","3.75","0.00","94.61","28.91"
"3671","2053","20251211","1693","228","Completed","1","68.08","45.01","68.08","45.01","23.07","3.75","0.00","64.33","19.32"
"3672","2053","20251211","1693","217","Completed","1","148.68","108.91","148.68","108.91","39.77","3.75","0.00","144.93","36.02"
"3673","2054","20260621","1558","235","Cancelled","2","40.99","23.15","81.98","46.30","35.68","15.00","9.99","66.98","20.68"
"3674","2055","20250917","1710","222","Completed","2","100.07","70.05","200.14","140.10","60.04","0.00","5.00","200.14","60.04"
"3675","2055","20250917","1710","201","Completed","1","183.21","138.22","183.21","138.22","44.99","0.00","5.00","183.21","44.99"
"3676","2056","20260404","1909","237","Completed","1","155.89","96.42","155.89","96.42","59.47","0.00","5.99","155.89","59.47"
"3677","2057","20260118","1520","238","Completed","2","192.21","117.17","384.42","234.34","150.08","0.00","5.00","384.42","150.08"
"3678","2057","20260118","1520","237","Completed","1","155.89","96.42","155.89","96.42","59.47","0.00","5.00","155.89","59.47"
"3679","2058","20260227","1657","210","Completed","1","116.09","88.40","116.09","88.40","27.69","5.00","0.00","111.09","22.69"
"3680","2059","20260504","1503","197","Cancelled","1","49.20","27.84","49.20","27.84","21.36","2.50","0.00","46.70","18.86"
"3681","2059","20260504","1503","228","Cancelled","2","68.08","45.01","136.16","90.02","46.14","2.50","0.00","133.66","43.64"
"3682","2060","20260124","1802","223","Completed","1","80.76","46.98","80.76","46.98","33.78","0.00","9.99","80.76","33.78"
"3683","2061","20260821","1533","221","Completed","1","211.10","133.66","211.10","133.66","77.44","7.50","0.00","203.60","69.94"
"3684","2061","20260821","1533","194","Completed","1","308.11","207.51","308.11","207.51","100.60","7.50","0.00","300.61","93.10"
"3685","2062","20250712","1548","205","Returned","1","77.40","52.92","77.40","52.92","24.48","10.00","5.99","67.40","14.48"
"3686","2063","20260608","1684","189","Completed","1","413.12","294.37","413.12","294.37","118.75","0.00","0.00","413.12","118.75"
"3687","2064","20251220","1673","238","Completed","1","192.21","117.17","192.21","117.17","75.04","2.50","3.00","189.71","72.54"
"3688","2064","20251220","1673","222","Completed","2","100.07","70.05","200.14","140.10","60.04","2.50","3.00","197.64","57.54"
"3689","2065","20260128","1519","184","Cancelled","1","93.32","65.41","93.32","65.41","27.91","0.00","0.00","93.32","27.91"
"3690","2066","20250423","1573","186","Cancelled","1","423.31","240.26","423.31","240.26","183.05","5.00","9.99","418.31","178.05"
"3691","2067","20250722","1779","191","Cancelled","1","45.75","27.33","45.75","27.33","18.42","0.00","9.99","45.75","18.42"
"3692","2068","20250924","1810","192","Completed","1","170.10","125.07","170.10","125.07","45.03","0.00","5.00","170.10","45.03"
"3693","2068","20250924","1810","236","Completed","1","335.82","190.06","335.82","190.06","145.76","0.00","5.00","335.82","145.76"
"3694","2069","20260709","1755","237","Completed","1","155.89","96.42","155.89","96.42","59.47","0.00","5.99","155.89","59.47"
"3695","2070","20260312","1844","215","Cancelled","1","45.82","32.17","45.82","32.17","13.65","0.00","3.00","45.82","13.65"
"3696","2070","20260312","1844","212","Cancelled","1","97.33","68.97","97.33","68.97","28.36","0.00","3.00","97.33","28.36"
"3697","2071","20260712","1866","200","Completed","1","212.44","119.33","212.44","119.33","93.11","15.00","0.00","197.44","78.11"
"3698","2072","20260725","1847","185","Cancelled","1","121.63","79.08","121.63","79.08","42.55","0.00","2.00","121.63","42.55"
"3699","2072","20260725","1847","206","Cancelled","1","140.62","81.04","140.62","81.04","59.58","0.00","2.00","140.62","59.58"
"3700","2072","20260725","1847","209","Cancelled","1","157.08","117.89","157.08","117.89","39.19","0.00","2.00","157.08","39.19"
"3701","2073","20251122","1527","198","Completed","1","71.76","49.35","71.76","49.35","22.41","5.00","5.99","66.76","17.41"
"3702","2074","20260524","1664","209","Completed","3","157.08","117.89","471.24","353.67","117.57","0.00","5.00","471.24","117.57"
"3703","2074","20260524","1664","194","Completed","2","308.11","207.51","616.22","415.02","201.20","0.00","5.00","616.22","201.20"
"3704","2075","20260617","1821","192","Cancelled","1","170.10","125.07","170.10","125.07","45.03","0.00","3.00","170.10","45.03"
"3705","2075","20260617","1821","182","Cancelled","2","336.54","258.11","673.08","516.22","156.86","0.00","3.00","673.08","156.86"
"3706","2076","20260911","1893","217","Returned","2","148.68","108.91","297.36","217.82","79.54","0.00","5.99","297.36","79.54"
"3707","2077","20260531","1730","235","Completed","1","40.99","23.15","40.99","23.15","17.84","5.00","0.00","35.99","12.84"
"3708","2078","20260108","1836","218","Cancelled","2","195.26","111.40","390.52","222.80","167.72","3.33","3.33","387.19","164.39"
"3709","2078","20260108","1836","217","Cancelled","2","148.68","108.91","297.36","217.82","79.54","3.33","3.33","294.03","76.21"
"3710","2078","20260108","1836","224","Cancelled","1","44.39","27.23","44.39","27.23","17.16","3.33","3.33","41.06","13.83"
"3711","2079","20250828","1830","183","Completed","1","60.67","34.80","60.67","34.80","25.87","2.50","3.00","58.17","23.37"
"3712","2079","20250828","1830","227","Completed","2","220.71","129.38","441.42","258.76","182.66","2.50","3.00","438.92","180.16"
"3713","2080","20260404","1780","238","Completed","1","192.21","117.17","192.21","117.17","75.04","0.00","0.00","192.21","75.04"
"3714","2080","20260404","1780","203","Completed","1","55.41","37.95","55.41","37.95","17.46","0.00","0.00","55.41","17.46"
"3715","2081","20260807","1802","223","Completed","2","80.76","46.98","161.52","93.96","67.56","0.00","0.00","161.52","67.56"
"3716","2081","20260807","1802","222","Completed","2","100.07","70.05","200.14","140.10","60.04","0.00","0.00","200.14","60.04"
"3717","2082","20260918","1727","192","Returned","3","170.10","125.07","510.30","375.21","135.09","0.00","5.99","510.30","135.09"
"3718","2083","20260301","1594","192","Cancelled","1","170.10","125.07","170.10","125.07","45.03","0.00","0.00","170.10","45.03"
"3719","2084","20251207","1720","218","Cancelled","1","195.26","111.40","195.26","111.40","83.86","0.00","0.00","195.26","83.86"
"3720","2085","20260910","1585","193","Cancelled","1","232.94","146.33","232.94","146.33","86.61","0.00","2.00","232.94","86.61"
"3721","2085","20260910","1585","197","Cancelled","1","49.20","27.84","49.20","27.84","21.36","0.00","2.00","49.20","21.36"
"3722","2085","20260910","1585","229","Cancelled","1","328.53","211.34","328.53","211.34","117.19","0.00","2.00","328.53","117.19"
"3723","2086","20250722","1845","196","Completed","1","65.17","42.83","65.17","42.83","22.34","1.67","0.00","63.50","20.67"
"3724","2086","20250722","1845","204","Completed","1","186.71","108.43","186.71","108.43","78.28","1.67","0.00","185.04","76.61"
"3725","2086","20250722","1845","207","Completed","1","440.02","275.08","440.02","275.08","164.94","1.67","0.00","438.35","163.27"
"3726","2087","20260815","1671","212","Completed","1","97.33","68.97","97.33","68.97","28.36","0.00","5.00","97.33","28.36"
"3727","2087","20260815","1671","185","Completed","2","121.63","79.08","243.26","158.16","85.10","0.00","5.00","243.26","85.10"
"3728","2088","20260716","1604","191","Returned","1","45.75","27.33","45.75","27.33","18.42","0.00","0.00","45.75","18.42"
"3729","2089","20260905","1601","239","Completed","1","116.83","67.33","116.83","67.33","49.50","3.33","2.00","113.50","46.17"
"3730","2089","20260905","1601","204","Completed","1","186.71","108.43","186.71","108.43","78.28","3.33","2.00","183.38","74.95"
"3731","2089","20260905","1601","198","Completed","1","71.76","49.35","71.76","49.35","22.41","3.33","2.00","68.43","19.08"
"3732","2090","20250424","1655","239","Completed","1","116.83","67.33","116.83","67.33","49.50","15.00","9.99","101.83","34.50"
"3733","2091","20260828","1945","198","Cancelled","1","71.76","49.35","71.76","49.35","22.41","5.00","0.00","66.76","17.41"
"3734","2092","20250820","1798","201","Cancelled","1","183.21","138.22","183.21","138.22","44.99","0.00","0.00","183.21","44.99"
"3735","2092","20250820","1798","186","Cancelled","1","423.31","240.26","423.31","240.26","183.05","0.00","0.00","423.31","183.05"
"3736","2093","20260702","1967","206","Completed","1","140.62","81.04","140.62","81.04","59.58","0.00","5.99","140.62","59.58"
"3737","2094","20260719","1602","193","Completed","1","232.94","146.33","232.94","146.33","86.61","0.00","0.00","232.94","86.61"
"3738","2095","20260828","1967","217","Returned","1","148.68","108.91","148.68","108.91","39.77","1.25","0.00","147.43","38.52"
"3739","2095","20260828","1967","192","Returned","1","170.10","125.07","170.10","125.07","45.03","1.25","0.00","168.85","43.78"
"3740","2095","20260828","1967","240","Returned","1","51.43","38.16","51.43","38.16","13.27","1.25","0.00","50.18","12.02"
"3741","2095","20260828","1967","202","Returned","1","148.28","83.26","148.28","83.26","65.02","1.25","0.00","147.03","63.77"
"3742","2096","20260918","1957","222","Completed","1","100.07","70.05","100.07","70.05","30.02","0.00","5.99","100.07","30.02"
"3743","2097","20260727","1936","235","Completed","1","40.99","23.15","40.99","23.15","17.84","15.00","0.00","25.99","2.84"
"3744","2098","20260530","1658","192","Completed","1","170.10","125.07","170.10","125.07","45.03","2.50","0.00","167.60","42.53"
"3745","2098","20260530","1658","206","Completed","3","140.62","81.04","421.86","243.12","178.74","2.50","0.00","419.36","176.24"
"3746","2098","20260530","1658","225","Completed","1","98.36","65.70","98.36","65.70","32.66","2.50","0.00","95.86","30.16"
"3747","2098","20260530","1658","211","Completed","1","412.95","299.35","412.95","299.35","113.60","2.50","0.00","410.45","111.10"
"3748","2099","20260815","1540","236","Cancelled","1","335.82","190.06","335.82","190.06","145.76","0.00","3.00","335.82","145.76"
"3749","2099","20260815","1540","186","Cancelled","1","423.31","240.26","423.31","240.26","183.05","0.00","3.00","423.31","183.05"
"3750","2100","20260625","1943","191","Completed","1","45.75","27.33","45.75","27.33","18.42","0.00","9.99","45.75","18.42"
"3751","2101","20260728","1548","189","Completed","1","413.12","294.37","413.12","294.37","118.75","0.00","0.00","413.12","118.75"
"3752","2101","20260728","1548","206","Completed","1","140.62","81.04","140.62","81.04","59.58","0.00","0.00","140.62","59.58"
"3753","2102","20250507","1676","184","Completed","2","93.32","65.41","186.64","130.82","55.82","7.50","3.00","179.14","48.32"
"3754","2102","20250507","1676","185","Completed","2","121.63","79.08","243.26","158.16","85.10","7.50","3.00","235.76","77.60"
"3755","2103","20260911","1965","185","Completed","1","121.63","79.08","121.63","79.08","42.55","0.00","5.00","121.63","42.55"
"3756","2103","20260911","1965","209","Completed","1","157.08","117.89","157.08","117.89","39.19","0.00","5.00","157.08","39.19"
"3757","2104","20260604","1629","230","Completed","1","94.90","67.25","94.90","67.25","27.65","10.00","0.00","84.90","17.65"
"3758","2105","20260426","1525","224","Cancelled","1","44.39","27.23","44.39","27.23","17.16","0.00","0.00","44.39","17.16"
"3759","2105","20260426","1525","186","Cancelled","2","423.31","240.26","846.62","480.52","366.10","0.00","0.00","846.62","366.10"
"3760","2106","20260801","1981","208","Cancelled","1","270.85","183.28","270.85","183.28","87.57","5.00","9.99","265.85","82.57"
"3761","2107","20251105","1720","189","Completed","2","413.12","294.37","826.24","588.74","237.50","15.00","0.00","811.24","222.50"
"3762","2108","20260316","1838","181","Cancelled","1","101.22","64.39","101.22","64.39","36.83","0.00","9.99","101.22","36.83"
"3763","2109","20260314","1740","216","Returned","1","315.71","189.79","315.71","189.79","125.92","0.00","5.99","315.71","125.92"
"3764","2110","20260903","1599","201","Completed","3","183.21","138.22","549.63","414.66","134.97","5.00","3.00","544.63","129.97"
"3765","2110","20260903","1599","222","Completed","1","100.07","70.05","100.07","70.05","30.02","5.00","3.00","95.07","25.02"
"3766","2111","20260525","1872","192","Completed","1","170.10","125.07","170.10","125.07","45.03","5.00","5.99","165.10","40.03"
"3767","2112","20251027","1614","240","Completed","1","51.43","38.16","51.43","38.16","13.27","0.00","9.99","51.43","13.27"
"3768","2113","20260707","1583","240","Completed","1","51.43","38.16","51.43","38.16","13.27","2.50","0.00","48.93","10.77"
"3769","2113","20260707","1583","184","Completed","1","93.32","65.41","93.32","65.41","27.91","2.50","0.00","90.82","25.41"
"3770","2114","20260922","1960","186","Completed","1","423.31","240.26","423.31","240.26","183.05","0.00","0.00","423.31","183.05"
"3771","2114","20260922","1960","218","Completed","2","195.26","111.40","390.52","222.80","167.72","0.00","0.00","390.52","167.72"
"3772","2115","20260625","1684","182","Completed","1","336.54","258.11","336.54","258.11","78.43","0.00","5.99","336.54","78.43"
"3773","2116","20260721","1827","240","Completed","2","51.43","38.16","102.86","76.32","26.54","15.00","0.00","87.86","11.54"
"3774","2117","20260608","1571","213","Returned","3","148.42","96.71","445.26","290.13","155.13","10.00","5.99","435.26","145.13"
"3775","2118","20260222","1603","239","Completed","1","116.83","67.33","116.83","67.33","49.50","0.00","5.00","116.83","49.50"
"3776","2118","20260222","1603","193","Completed","1","232.94","146.33","232.94","146.33","86.61","0.00","5.00","232.94","86.61"
"3777","2119","20260818","1835","202","Returned","1","148.28","83.26","148.28","83.26","65.02","15.00","5.99","133.28","50.02"
"3778","2120","20260417","1609","211","Completed","1","412.95","299.35","412.95","299.35","113.60","0.00","3.00","412.95","113.60"
"3779","2120","20260417","1609","239","Completed","2","116.83","67.33","233.66","134.66","99.00","0.00","3.00","233.66","99.00"
"3780","2121","20260518","1806","207","Completed","1","440.02","275.08","440.02","275.08","164.94","2.50","2.50","437.52","162.44"
"3781","2121","20260518","1806","202","Completed","1","148.28","83.26","148.28","83.26","65.02","2.50","2.50","145.78","62.52"
"3782","2121","20260518","1806","191","Completed","1","45.75","27.33","45.75","27.33","18.42","2.50","2.50","43.25","15.92"
"3783","2121","20260518","1806","227","Completed","2","220.71","129.38","441.42","258.76","182.66","2.50","2.50","438.92","180.16"
"3784","2122","20260109","1830","190","Completed","1","100.47","76.85","100.47","76.85","23.62","5.00","2.00","95.47","18.62"
"3785","2122","20260109","1830","196","Completed","1","65.17","42.83","65.17","42.83","22.34","5.00","2.00","60.17","17.34"
"3786","2122","20260109","1830","198","Completed","1","71.76","49.35","71.76","49.35","22.41","5.00","2.00","66.76","17.41"
"3787","2123","20260809","1973","202","Completed","1","148.28","83.26","148.28","83.26","65.02","0.00","5.99","148.28","65.02"
"3788","2124","20251219","1648","224","Cancelled","1","44.39","27.23","44.39","27.23","17.16","0.00","2.00","44.39","17.16"
"3789","2124","20251219","1648","228","Cancelled","3","68.08","45.01","204.24","135.03","69.21","0.00","2.00","204.24","69.21"
"3790","2124","20251219","1648","184","Cancelled","1","93.32","65.41","93.32","65.41","27.91","0.00","2.00","93.32","27.91"
"3791","2125","20260727","1803","224","Completed","1","44.39","27.23","44.39","27.23","17.16","15.00","0.00","29.39","2.16"
"3792","2126","20260604","1521","235","Returned","1","40.99","23.15","40.99","23.15","17.84","15.00","5.99","25.99","2.84"
"3793","2127","20250827","1853","210","Completed","2","116.09","88.40","232.18","176.80","55.38","0.00","0.00","232.18","55.38"
"3794","2127","20250827","1853","195","Completed","2","249.99","156.58","499.98","313.16","186.82","0.00","0.00","499.98","186.82"
"3795","2127","20250827","1853","183","Completed","1","60.67","34.80","60.67","34.80","25.87","0.00","0.00","60.67","25.87"
"3796","2127","20250827","1853","237","Completed","1","155.89","96.42","155.89","96.42","59.47","0.00","0.00","155.89","59.47"
"3797","2128","20260607","1827","201","Completed","2","183.21","138.22","366.42","276.44","89.98","0.00","0.00","366.42","89.98"
"3798","2129","20260820","1698","209","Completed","1","157.08","117.89","157.08","117.89","39.19","0.00","0.00","157.08","39.19"
"3799","2130","20260113","1750","214","Completed","3","443.92","253.54","1331.76","760.62","571.14","0.00","0.00","1331.76","571.14"
"3800","2130","20260113","1750","224","Completed","2","44.39","27.23","88.78","54.46","34.32","0.00","0.00","88.78","34.32"
"3801","2130","20260113","1750","188","Completed","1","147.11","98.96","147.11","98.96","48.15","0.00","0.00","147.11","48.15"
"3802","2131","20260305","1777","182","Cancelled","1","336.54","258.11","336.54","258.11","78.43","0.00","5.99","336.54","78.43"
"3803","2132","20260727","1768","215","Completed","1","45.82","32.17","45.82","32.17","13.65","0.00","5.00","45.82","13.65"
"3804","2132","20260727","1768","222","Completed","2","100.07","70.05","200.14","140.10","60.04","0.00","5.00","200.14","60.04"
"3805","2133","20260626","1847","239","Cancelled","1","116.83","67.33","116.83","67.33","49.50","0.00","3.33","116.83","49.50"
"3806","2133","20260626","1847","215","Cancelled","1","45.82","32.17","45.82","32.17","13.65","0.00","3.33","45.82","13.65"
"3807","2133","20260626","1847","227","Cancelled","2","220.71","129.38","441.42","258.76","182.66","0.00","3.33","441.42","182.66"
"3808","2134","20260518","1822","216","Completed","1","315.71","189.79","315.71","189.79","125.92","1.25","2.50","314.46","124.67"
"3809","2134","20260518","1822","200","Completed","1","212.44","119.33","212.44","119.33","93.11","1.25","2.50","211.19","91.86"
"3810","2134","20260518","1822","181","Completed","2","101.22","64.39","202.44","128.78","73.66","1.25","2.50","201.19","72.41"
"3811","2134","20260518","1822","189","Completed","3","413.12","294.37","1239.36","883.11","356.25","1.25","2.50","1238.11","355.00"
"3812","2135","20251108","1893","240","Completed","1","51.43","38.16","51.43","38.16","13.27","5.00","2.00","46.43","8.27"
"3813","2135","20251108","1893","214","Completed","1","443.92","253.54","443.92","253.54","190.38","5.00","2.00","438.92","185.38"
"3814","2135","20251108","1893","229","Completed","2","328.53","211.34","657.06","422.68","234.38","5.00","2.00","652.06","229.38"
"3815","2136","20260607","1598","195","Completed","1","249.99","156.58","249.99","156.58","93.41","10.00","0.00","239.99","83.41"
"3816","2137","20250601","1878","240","Returned","1","51.43","38.16","51.43","38.16","13.27","5.00","5.99","46.43","8.27"
"3817","2138","20260522","1909","219","Completed","1","272.42","159.43","272.42","159.43","112.99","0.00","3.00","272.42","112.99"
"3818","2138","20260522","1909","240","Completed","3","51.43","38.16","154.29","114.48","39.81","0.00","3.00","154.29","39.81"
"3819","2139","20250508","1641","236","Cancelled","1","335.82","190.06","335.82","190.06","145.76","0.00","5.99","335.82","145.76"
"3820","2140","20260116","1703","229","Completed","1","328.53","211.34","328.53","211.34","117.19","7.50","3.00","321.03","109.69"
"3821","2140","20260116","1703","238","Completed","1","192.21","117.17","192.21","117.17","75.04","7.50","3.00","184.71","67.54"
"3822","2141","20260604","1821","194","Cancelled","1","308.11","207.51","308.11","207.51","100.60","0.00","5.99","308.11","100.60"
"3823","2142","20260402","1514","226","Cancelled","1","155.18","87.63","155.18","87.63","67.55","0.00","9.99","155.18","67.55"
"3824","2143","20260915","1517","222","Returned","1","100.07","70.05","100.07","70.05","30.02","5.00","9.99","95.07","25.02"
"3825","2144","20250429","1702","227","Returned","1","220.71","129.38","220.71","129.38","91.33","1.67","0.00","219.04","89.66"
"3826","2144","20250429","1702","185","Returned","1","121.63","79.08","121.63","79.08","42.55","1.67","0.00","119.96","40.88"
"3827","2144","20250429","1702","217","Returned","2","148.68","108.91","297.36","217.82","79.54","1.67","0.00","295.69","77.87"
"3828","2145","20260501","1805","234","Cancelled","1","172.64","112.28","172.64","112.28","60.36","0.00","0.00","172.64","60.36"
"3829","2145","20260501","1805","227","Cancelled","1","220.71","129.38","220.71","129.38","91.33","0.00","0.00","220.71","91.33"
"3830","2146","20260706","1762","198","Completed","1","71.76","49.35","71.76","49.35","22.41","0.00","0.00","71.76","22.41"
"3831","2147","20260828","1719","202","Completed","1","148.28","83.26","148.28","83.26","65.02","0.00","3.33","148.28","65.02"
"3832","2147","20260828","1719","238","Completed","2","192.21","117.17","384.42","234.34","150.08","0.00","3.33","384.42","150.08"
"3833","2147","20260828","1719","224","Completed","1","44.39","27.23","44.39","27.23","17.16","0.00","3.33","44.39","17.16"
"3834","2148","20250226","1943","225","Completed","2","98.36","65.70","196.72","131.40","65.32","7.50","0.00","189.22","57.82"
"3835","2148","20250226","1943","218","Completed","1","195.26","111.40","195.26","111.40","83.86","7.50","0.00","187.76","76.36"
"3836","2149","20260711","1508","232","Cancelled","1","292.00","192.97","292.00","192.97","99.03","0.00","0.00","292.00","99.03"
"3837","2150","20260417","1645","231","Completed","1","111.88","80.39","111.88","80.39","31.49","0.00","5.99","111.88","31.49"
"3838","2151","20251020","1921","208","Completed","3","270.85","183.28","812.55","549.84","262.71","10.00","5.99","802.55","252.71"
"3839","2152","20260921","1562","212","Completed","1","97.33","68.97","97.33","68.97","28.36","0.00","0.00","97.33","28.36"
"3840","2153","20260306","1835","184","Completed","1","93.32","65.41","93.32","65.41","27.91","0.00","3.00","93.32","27.91"
"3841","2153","20260306","1835","216","Completed","1","315.71","189.79","315.71","189.79","125.92","0.00","3.00","315.71","125.92"
"3842","2154","20260624","1971","240","Completed","2","51.43","38.16","102.86","76.32","26.54","10.00","0.00","92.86","16.54"
"3843","2155","20260526","1681","214","Completed","1","443.92","253.54","443.92","253.54","190.38","0.00","0.00","443.92","190.38"
"3844","2155","20260526","1681","208","Completed","2","270.85","183.28","541.70","366.56","175.14","0.00","0.00","541.70","175.14"
"3845","2156","20260626","1656","210","Completed","1","116.09","88.40","116.09","88.40","27.69","5.00","3.33","111.09","22.69"
"3846","2156","20260626","1656","228","Completed","1","68.08","45.01","68.08","45.01","23.07","5.00","3.33","63.08","18.07"
"3847","2156","20260626","1656","208","Completed","1","270.85","183.28","270.85","183.28","87.57","5.00","3.33","265.85","82.57"
"3848","2157","20260728","1755","186","Completed","1","423.31","240.26","423.31","240.26","183.05","2.50","3.00","420.81","180.55"
"3849","2157","20260728","1755","225","Completed","1","98.36","65.70","98.36","65.70","32.66","2.50","3.00","95.86","30.16"
"3850","2158","20260501","1733","193","Cancelled","1","232.94","146.33","232.94","146.33","86.61","0.00","0.00","232.94","86.61"
"3851","2159","20250707","1828","217","Completed","1","148.68","108.91","148.68","108.91","39.77","0.00","0.00","148.68","39.77"
"3852","2160","20260629","1708","207","Completed","3","440.02","275.08","1320.06","825.24","494.82","0.00","0.00","1320.06","494.82"
"3853","2161","20260808","1595","203","Returned","1","55.41","37.95","55.41","37.95","17.46","0.00","2.00","55.41","17.46"
"3854","2161","20260808","1595","199","Returned","1","154.93","112.90","154.93","112.90","42.03","0.00","2.00","154.93","42.03"
"3855","2161","20260808","1595","194","Returned","3","308.11","207.51","924.33","622.53","301.80","0.00","2.00","924.33","301.80"
"3856","2162","20260105","1851","219","Completed","1","272.42","159.43","272.42","159.43","112.99","10.00","9.99","262.42","102.99"
"3857","2163","20251011","1509","190","Completed","1","100.47","76.85","100.47","76.85","23.62","10.00","9.99","90.47","13.62"
"3858","2164","20260825","1920","196","Completed","1","65.17","42.83","65.17","42.83","22.34","0.00","9.99","65.17","22.34"
"3859","2165","20260306","1984","227","Completed","1","220.71","129.38","220.71","129.38","91.33","1.25","2.50","219.46","90.08"
"3860","2165","20260306","1984","194","Completed","2","308.11","207.51","616.22","415.02","201.20","1.25","2.50","614.97","199.95"
"3861","2165","20260306","1984","238","Completed","1","192.21","117.17","192.21","117.17","75.04","1.25","2.50","190.96","73.79"
"3862","2165","20260306","1984","196","Completed","1","65.17","42.83","65.17","42.83","22.34","1.25","2.50","63.92","21.09"
"3863","2166","20260424","1512","235","Completed","1","40.99","23.15","40.99","23.15","17.84","7.50","0.00","33.49","10.34"
"3864","2166","20260424","1512","181","Completed","1","101.22","64.39","101.22","64.39","36.83","7.50","0.00","93.72","29.33"
"3865","2167","20260722","1751","186","Cancelled","2","423.31","240.26","846.62","480.52","366.10","7.50","3.00","839.12","358.60"
"3866","2167","20260722","1751","183","Cancelled","1","60.67","34.80","60.67","34.80","25.87","7.50","3.00","53.17","18.37"
"3867","2168","20260417","1671","183","Cancelled","1","60.67","34.80","60.67","34.80","25.87","0.00","5.00","60.67","25.87"
"3868","2168","20260417","1671","186","Cancelled","1","423.31","240.26","423.31","240.26","183.05","0.00","5.00","423.31","183.05"
"3869","2169","20260818","1603","191","Cancelled","1","45.75","27.33","45.75","27.33","18.42","7.50","0.00","38.25","10.92"
"3870","2169","20260818","1603","196","Cancelled","1","65.17","42.83","65.17","42.83","22.34","7.50","0.00","57.67","14.84"
"3871","2170","20260401","1724","190","Completed","2","100.47","76.85","200.94","153.70","47.24","5.00","0.00","195.94","42.24"
"3872","2171","20260809","1691","214","Completed","3","443.92","253.54","1331.76","760.62","571.14","0.00","9.99","1331.76","571.14"
"3873","2172","20260511","1536","188","Cancelled","1","147.11","98.96","147.11","98.96","48.15","0.00","5.00","147.11","48.15"
"3874","2172","20260511","1536","226","Cancelled","1","155.18","87.63","155.18","87.63","67.55","0.00","5.00","155.18","67.55"
"3875","2173","20250823","1540","203","Completed","1","55.41","37.95","55.41","37.95","17.46","2.50","0.00","52.91","14.96"
"3876","2173","20250823","1540","198","Completed","1","71.76","49.35","71.76","49.35","22.41","2.50","0.00","69.26","19.91"
"3877","2174","20260515","1666","200","Completed","1","212.44","119.33","212.44","119.33","93.11","15.00","9.99","197.44","78.11"
"3878","2175","20251026","1692","225","Completed","1","98.36","65.70","98.36","65.70","32.66","10.00","5.99","88.36","22.66"
"3879","2176","20260525","1746","201","Completed","1","183.21","138.22","183.21","138.22","44.99","0.00","9.99","183.21","44.99"
"3880","2177","20260610","1943","185","Completed","1","121.63","79.08","121.63","79.08","42.55","0.00","5.00","121.63","42.55"
"3881","2177","20260610","1943","220","Completed","2","97.88","74.33","195.76","148.66","47.10","0.00","5.00","195.76","47.10"
"3882","2178","20260131","1661","212","Completed","1","97.33","68.97","97.33","68.97","28.36","0.00","3.33","97.33","28.36"
"3883","2178","20260131","1661","214","Completed","2","443.92","253.54","887.84","507.08","380.76","0.00","3.33","887.84","380.76"
"3884","2178","20260131","1661","211","Completed","1","412.95","299.35","412.95","299.35","113.60","0.00","3.33","412.95","113.60"
"3885","2179","20260615","1796","218","Completed","1","195.26","111.40","195.26","111.40","83.86","0.00","0.00","195.26","83.86"
"3886","2179","20260615","1796","233","Completed","2","100.29","55.86","200.58","111.72","88.86","0.00","0.00","200.58","88.86"
"3887","2179","20260615","1796","204","Completed","1","186.71","108.43","186.71","108.43","78.28","0.00","0.00","186.71","78.28"
"3888","2180","20260830","1923","181","Cancelled","2","101.22","64.39","202.44","128.78","73.66","1.67","0.00","200.77","71.99"
"3889","2180","20260830","1923","187","Cancelled","1","90.39","64.58","90.39","64.58","25.81","1.67","0.00","88.72","24.14"
"3890","2180","20260830","1923","235","Cancelled","1","40.99","23.15","40.99","23.15","17.84","1.67","0.00","39.32","16.17"
"3891","2181","20260706","1708","205","Completed","2","77.40","52.92","154.80","105.84","48.96","3.33","0.00","151.47","45.63"
"3892","2181","20260706","1708","211","Completed","1","412.95","299.35","412.95","299.35","113.60","3.33","0.00","409.62","110.27"
"3893","2181","20260706","1708","197","Completed","1","49.20","27.84","49.20","27.84","21.36","3.33","0.00","45.87","18.03"
"3894","2182","20260413","1523","229","Cancelled","1","328.53","211.34","328.53","211.34","117.19","0.00","3.00","328.53","117.19"
"3895","2182","20260413","1523","199","Cancelled","1","154.93","112.90","154.93","112.90","42.03","0.00","3.00","154.93","42.03"
"3896","2183","20260322","1534","197","Cancelled","1","49.20","27.84","49.20","27.84","21.36","15.00","9.99","34.20","6.36"
"3897","2184","20260918","1970","195","Returned","2","249.99","156.58","499.98","313.16","186.82","0.00","3.33","499.98","186.82"
"3898","2184","20260918","1970","197","Returned","1","49.20","27.84","49.20","27.84","21.36","0.00","3.33","49.20","21.36"
"3899","2184","20260918","1970","209","Returned","1","157.08","117.89","157.08","117.89","39.19","0.00","3.33","157.08","39.19"
"3900","2185","20250701","1919","187","Completed","3","90.39","64.58","271.17","193.74","77.43","0.00","5.00","271.17","77.43"
"3901","2185","20250701","1919","208","Completed","1","270.85","183.28","270.85","183.28","87.57","0.00","5.00","270.85","87.57"
"3902","2186","20260830","1508","225","Returned","1","98.36","65.70","98.36","65.70","32.66","0.00","0.00","98.36","32.66"
"3903","2186","20260830","1508","230","Returned","1","94.90","67.25","94.90","67.25","27.65","0.00","0.00","94.90","27.65"
"3904","2187","20260810","1696","196","Returned","1","65.17","42.83","65.17","42.83","22.34","3.33","3.33","61.84","19.01"
"3905","2187","20260810","1696","208","Returned","2","270.85","183.28","541.70","366.56","175.14","3.33","3.33","538.37","171.81"
"3906","2187","20260810","1696","185","Returned","1","121.63","79.08","121.63","79.08","42.55","3.33","3.33","118.30","39.22"
"3907","2188","20260201","1752","234","Returned","1","172.64","112.28","172.64","112.28","60.36","0.00","9.99","172.64","60.36"
"3908","2189","20250822","1929","189","Completed","1","413.12","294.37","413.12","294.37","118.75","15.00","5.99","398.12","103.75"
"3909","2190","20260604","1736","197","Returned","1","49.20","27.84","49.20","27.84","21.36","0.00","5.99","49.20","21.36"
"3910","2191","20260824","1594","233","Completed","1","100.29","55.86","100.29","55.86","44.43","10.00","0.00","90.29","34.43"
"3911","2192","20250603","1658","187","Completed","1","90.39","64.58","90.39","64.58","25.81","0.00","5.99","90.39","25.81"
"3912","2193","20260824","1512","192","Returned","1","170.10","125.07","170.10","125.07","45.03","0.00","3.00","170.10","45.03"
"3913","2193","20260824","1512","187","Returned","1","90.39","64.58","90.39","64.58","25.81","0.00","3.00","90.39","25.81"
"3914","2194","20260308","1931","208","Cancelled","1","270.85","183.28","270.85","183.28","87.57","0.00","9.99","270.85","87.57"
"3915","2195","20260124","1876","213","Cancelled","1","148.42","96.71","148.42","96.71","51.71","0.00","5.00","148.42","51.71"
"3916","2195","20260124","1876","207","Cancelled","2","440.02","275.08","880.04","550.16","329.88","0.00","5.00","880.04","329.88"
"3917","2196","20260911","1664","211","Completed","1","412.95","299.35","412.95","299.35","113.60","0.00","3.33","412.95","113.60"
"3918","2196","20260911","1664","182","Completed","1","336.54","258.11","336.54","258.11","78.43","0.00","3.33","336.54","78.43"
"3919","2196","20260911","1664","192","Completed","1","170.10","125.07","170.10","125.07","45.03","0.00","3.33","170.10","45.03"
"3920","2197","20260916","1633","221","Completed","1","211.10","133.66","211.10","133.66","77.44","2.50","0.00","208.60","74.94"
"3921","2197","20260916","1633","181","Completed","2","101.22","64.39","202.44","128.78","73.66","2.50","0.00","199.94","71.16"
"3922","2198","20260404","1895","233","Completed","1","100.29","55.86","100.29","55.86","44.43","0.00","3.33","100.29","44.43"
"3923","2198","20260404","1895","231","Completed","1","111.88","80.39","111.88","80.39","31.49","0.00","3.33","111.88","31.49"
"3924","2198","20260404","1895","236","Completed","2","335.82","190.06","671.64","380.12","291.52","0.00","3.33","671.64","291.52"
"3925","2199","20250803","1689","224","Completed","2","44.39","27.23","88.78","54.46","34.32","3.33","2.00","85.45","30.99"
"3926","2199","20250803","1689","212","Completed","1","97.33","68.97","97.33","68.97","28.36","3.33","2.00","94.00","25.03"
"3927","2199","20250803","1689","204","Completed","1","186.71","108.43","186.71","108.43","78.28","3.33","2.00","183.38","74.95"
"3928","2200","20260723","1836","195","Cancelled","1","249.99","156.58","249.99","156.58","93.41","3.33","3.33","246.66","90.08"
"3929","2200","20260723","1836","221","Cancelled","1","211.10","133.66","211.10","133.66","77.44","3.33","3.33","207.77","74.11"
"3930","2200","20260723","1836","208","Cancelled","1","270.85","183.28","270.85","183.28","87.57","3.33","3.33","267.52","84.24"
"3931","2201","20251128","1778","228","Completed","1","68.08","45.01","68.08","45.01","23.07","2.50","0.00","65.58","20.57"
"3932","2201","20251128","1778","210","Completed","2","116.09","88.40","232.18","176.80","55.38","2.50","0.00","229.68","52.88"
"3933","2202","20260725","1807","239","Completed","1","116.83","67.33","116.83","67.33","49.50","0.00","3.33","116.83","49.50"
"3934","2202","20260725","1807","185","Completed","1","121.63","79.08","121.63","79.08","42.55","0.00","3.33","121.63","42.55"
"3935","2202","20260725","1807","225","Completed","1","98.36","65.70","98.36","65.70","32.66","0.00","3.33","98.36","32.66"
"3936","2203","20260326","1620","238","Completed","2","192.21","117.17","384.42","234.34","150.08","0.00","0.00","384.42","150.08"
"3937","2204","20260810","1589","228","Completed","2","68.08","45.01","136.16","90.02","46.14","5.00","0.00","131.16","41.14"
"3938","2204","20260810","1589","217","Completed","1","148.68","108.91","148.68","108.91","39.77","5.00","0.00","143.68","34.77"
"3939","2205","20260326","1614","181","Completed","1","101.22","64.39","101.22","64.39","36.83","0.00","0.00","101.22","36.83"
"3940","2206","20260401","1909","196","Completed","1","65.17","42.83","65.17","42.83","22.34","0.00","0.00","65.17","22.34"
"3941","2207","20250417","1515","228","Completed","1","68.08","45.01","68.08","45.01","23.07","10.00","5.99","58.08","13.07"
"3942","2208","20260418","1925","192","Returned","2","170.10","125.07","340.20","250.14","90.06","0.00","5.99","340.20","90.06"
"3943","2209","20251209","1734","202","Completed","1","148.28","83.26","148.28","83.26","65.02","0.00","9.99","148.28","65.02"
"3944","2210","20260307","1702","192","Completed","1","170.10","125.07","170.10","125.07","45.03","0.00","9.99","170.10","45.03"
"3945","2211","20260919","1800","239","Returned","1","116.83","67.33","116.83","67.33","49.50","0.00","0.00","116.83","49.50"
"3946","2212","20251007","1781","237","Completed","1","155.89","96.42","155.89","96.42","59.47","10.00","9.99","145.89","49.47"
"3947","2213","20260909","1765","237","Cancelled","1","155.89","96.42","155.89","96.42","59.47","2.50","5.00","153.39","56.97"
"3948","2213","20260909","1765","208","Cancelled","1","270.85","183.28","270.85","183.28","87.57","2.50","5.00","268.35","85.07"
"3949","2214","20251202","1771","240","Completed","1","51.43","38.16","51.43","38.16","13.27","0.00","5.99","51.43","13.27"
"3950","2215","20260530","1877","215","Returned","1","45.82","32.17","45.82","32.17","13.65","7.50","3.00","38.32","6.15"
"3951","2215","20260530","1877","209","Returned","1","157.08","117.89","157.08","117.89","39.19","7.50","3.00","149.58","31.69"
"3952","2216","20250730","1648","203","Completed","2","55.41","37.95","110.82","75.90","34.92","2.50","3.00","108.32","32.42"
"3953","2216","20250730","1648","182","Completed","1","336.54","258.11","336.54","258.11","78.43","2.50","3.00","334.04","75.93"
"3954","2217","20260501","1908","211","Completed","1","412.95","299.35","412.95","299.35","113.60","2.50","0.00","410.45","111.10"
"3955","2217","20260501","1908","238","Completed","2","192.21","117.17","384.42","234.34","150.08","2.50","0.00","381.92","147.58"
"3956","2218","20260506","1765","198","Completed","1","71.76","49.35","71.76","49.35","22.41","5.00","9.99","66.76","17.41"
"3957","2219","20260503","1734","189","Completed","1","413.12","294.37","413.12","294.37","118.75","10.00","9.99","403.12","108.75"
"3958","2220","20260108","1756","214","Completed","1","443.92","253.54","443.92","253.54","190.38","0.00","0.00","443.92","190.38"
"3959","2220","20260108","1756","196","Completed","2","65.17","42.83","130.34","85.66","44.68","0.00","0.00","130.34","44.68"
"3960","2221","20260919","1970","214","Completed","1","443.92","253.54","443.92","253.54","190.38","0.00","5.99","443.92","190.38"
"3961","2222","20260529","1774","183","Completed","1","60.67","34.80","60.67","34.80","25.87","0.00","0.00","60.67","25.87"
"3962","2222","20260529","1774","202","Completed","1","148.28","83.26","148.28","83.26","65.02","0.00","0.00","148.28","65.02"
"3963","2223","20251220","1510","223","Completed","1","80.76","46.98","80.76","46.98","33.78","0.00","9.99","80.76","33.78"
"3964","2224","20260628","1534","205","Cancelled","1","77.40","52.92","77.40","52.92","24.48","0.00","9.99","77.40","24.48"
"3965","2225","20251004","1778","223","Completed","1","80.76","46.98","80.76","46.98","33.78","15.00","0.00","65.76","18.78"
"3966","2226","20260627","1748","218","Completed","1","195.26","111.40","195.26","111.40","83.86","15.00","0.00","180.26","68.86"
"3967","2227","20260217","1548","237","Cancelled","1","155.89","96.42","155.89","96.42","59.47","0.00","3.00","155.89","59.47"
"3968","2227","20260217","1548","203","Cancelled","1","55.41","37.95","55.41","37.95","17.46","0.00","3.00","55.41","17.46"
"3969","2228","20260907","1604","219","Completed","1","272.42","159.43","272.42","159.43","112.99","1.67","2.00","270.75","111.32"
"3970","2228","20260907","1604","190","Completed","1","100.47","76.85","100.47","76.85","23.62","1.67","2.00","98.80","21.95"
"3971","2228","20260907","1604","188","Completed","1","147.11","98.96","147.11","98.96","48.15","1.67","2.00","145.44","46.48"
"3972","2229","20260120","1776","236","Cancelled","1","335.82","190.06","335.82","190.06","145.76","0.00","9.99","335.82","145.76"
"3973","2230","20260509","1768","230","Returned","1","94.90","67.25","94.90","67.25","27.65","3.33","2.00","91.57","24.32"
"3974","2230","20260509","1768","213","Returned","1","148.42","96.71","148.42","96.71","51.71","3.33","2.00","145.09","48.38"
"3975","2230","20260509","1768","221","Returned","1","211.10","133.66","211.10","133.66","77.44","3.33","2.00","207.77","74.11"
"3976","2231","20251029","1802","185","Completed","1","121.63","79.08","121.63","79.08","42.55","0.00","5.99","121.63","42.55"
"3977","2232","20260417","1933","205","Cancelled","1","77.40","52.92","77.40","52.92","24.48","10.00","0.00","67.40","14.48"
"3978","2233","20260422","1656","205","Completed","1","77.40","52.92","77.40","52.92","24.48","0.00","0.00","77.40","24.48"
"3979","2234","20260625","1946","240","Completed","1","51.43","38.16","51.43","38.16","13.27","0.00","5.00","51.43","13.27"
"3980","2234","20260625","1946","225","Completed","1","98.36","65.70","98.36","65.70","32.66","0.00","5.00","98.36","32.66"
"3981","2235","20260627","1927","209","Completed","1","157.08","117.89","157.08","117.89","39.19","5.00","5.00","152.08","34.19"
"3982","2235","20260627","1927","192","Completed","3","170.10","125.07","510.30","375.21","135.09","5.00","5.00","505.30","130.09"
"3983","2236","20260411","1506","218","Completed","1","195.26","111.40","195.26","111.40","83.86","0.00","3.00","195.26","83.86"
"3984","2236","20260411","1506","204","Completed","1","186.71","108.43","186.71","108.43","78.28","0.00","3.00","186.71","78.28"
"3985","2237","20260907","1932","230","Completed","1","94.90","67.25","94.90","67.25","27.65","0.00","5.00","94.90","27.65"
"3986","2237","20260907","1932","238","Completed","2","192.21","117.17","384.42","234.34","150.08","0.00","5.00","384.42","150.08"
"3987","2238","20250918","1665","195","Completed","1","249.99","156.58","249.99","156.58","93.41","1.67","3.33","248.32","91.74"
"3988","2238","20250918","1665","181","Completed","1","101.22","64.39","101.22","64.39","36.83","1.67","3.33","99.55","35.16"
"3989","2238","20250918","1665","233","Completed","1","100.29","55.86","100.29","55.86","44.43","1.67","3.33","98.62","42.76"
"3990","2239","20260916","1851","223","Completed","1","80.76","46.98","80.76","46.98","33.78","0.00","2.00","80.76","33.78"
"3991","2239","20260916","1851","211","Completed","1","412.95","299.35","412.95","299.35","113.60","0.00","2.00","412.95","113.60"
"3992","2239","20260916","1851","213","Completed","1","148.42","96.71","148.42","96.71","51.71","0.00","2.00","148.42","51.71"
"3993","2240","20260804","1766","186","Cancelled","1","423.31","240.26","423.31","240.26","183.05","0.00","5.00","423.31","183.05"
"3994","2240","20260804","1766","210","Cancelled","1","116.09","88.40","116.09","88.40","27.69","0.00","5.00","116.09","27.69"
"3995","2241","20260816","1863","199","Completed","1","154.93","112.90","154.93","112.90","42.03","0.00","1.50","154.93","42.03"
"3996","2241","20260816","1863","200","Completed","1","212.44","119.33","212.44","119.33","93.11","0.00","1.50","212.44","93.11"
"3997","2241","20260816","1863","218","Completed","2","195.26","111.40","390.52","222.80","167.72","0.00","1.50","390.52","167.72"
"3998","2241","20260816","1863","201","Completed","2","183.21","138.22","366.42","276.44","89.98","0.00","1.50","366.42","89.98"
"3999","2242","20260413","1774","219","Completed","1","272.42","159.43","272.42","159.43","112.99","0.00","0.00","272.42","112.99"
"4000","2242","20260413","1774","195","Completed","1","249.99","156.58","249.99","156.58","93.41","0.00","0.00","249.99","93.41"
"4001","2242","20260413","1774","183","Completed","1","60.67","34.80","60.67","34.80","25.87","0.00","0.00","60.67","25.87"
"4002","2243","20260506","1522","220","Completed","1","97.88","74.33","97.88","74.33","23.55","10.00","0.00","87.88","13.55"
"4003","2244","20260722","1561","218","Completed","1","195.26","111.40","195.26","111.40","83.86","15.00","9.99","180.26","68.86"
"4004","2245","20260531","1919","194","Returned","2","308.11","207.51","616.22","415.02","201.20","10.00","0.00","606.22","191.20"
"4005","2246","20260823","1688","189","Completed","1","413.12","294.37","413.12","294.37","118.75","0.00","3.00","413.12","118.75"
"4006","2246","20260823","1688","225","Completed","2","98.36","65.70","196.72","131.40","65.32","0.00","3.00","196.72","65.32"
"4007","2247","20251201","1900","208","Returned","1","270.85","183.28","270.85","183.28","87.57","5.00","0.00","265.85","82.57"
"4008","2247","20251201","1900","227","Returned","1","220.71","129.38","220.71","129.38","91.33","5.00","0.00","215.71","86.33"
"4009","2247","20251201","1900","206","Returned","1","140.62","81.04","140.62","81.04","59.58","5.00","0.00","135.62","54.58"
"4010","2248","20260710","1558","192","Completed","2","170.10","125.07","340.20","250.14","90.06","5.00","0.00","335.20","85.06"
"4011","2248","20260710","1558","217","Completed","1","148.68","108.91","148.68","108.91","39.77","5.00","0.00","143.68","34.77"
"4012","2248","20260710","1558","214","Completed","1","443.92","253.54","443.92","253.54","190.38","5.00","0.00","438.92","185.38"
"4013","2249","20260917","1612","192","Completed","1","170.10","125.07","170.10","125.07","45.03","5.00","2.00","165.10","40.03"
"4014","2249","20260917","1612","224","Completed","1","44.39","27.23","44.39","27.23","17.16","5.00","2.00","39.39","12.16"
"4015","2249","20260917","1612","189","Completed","1","413.12","294.37","413.12","294.37","118.75","5.00","2.00","408.12","113.75"
"4016","2250","20250914","1876","203","Completed","1","55.41","37.95","55.41","37.95","17.46","5.00","3.33","50.41","12.46"
"4017","2250","20250914","1876","224","Completed","1","44.39","27.23","44.39","27.23","17.16","5.00","3.33","39.39","12.16"
"4018","2250","20250914","1876","190","Completed","1","100.47","76.85","100.47","76.85","23.62","5.00","3.33","95.47","18.62"
"4019","2251","20260330","1900","199","Completed","3","154.93","112.90","464.79","338.70","126.09","10.00","9.99","454.79","116.09"
"4020","2252","20260918","1981","208","Completed","1","270.85","183.28","270.85","183.28","87.57","0.00","0.00","270.85","87.57"
"4021","2252","20260918","1981","231","Completed","1","111.88","80.39","111.88","80.39","31.49","0.00","0.00","111.88","31.49"
"4022","2253","20260909","1970","214","Returned","1","443.92","253.54","443.92","253.54","190.38","0.00","2.00","443.92","190.38"
"4023","2253","20260909","1970","203","Returned","1","55.41","37.95","55.41","37.95","17.46","0.00","2.00","55.41","17.46"
"4024","2253","20260909","1970","204","Returned","2","186.71","108.43","373.42","216.86","156.56","0.00","2.00","373.42","156.56"
"4025","2254","20260325","1527","216","Completed","2","315.71","189.79","631.42","379.58","251.84","5.00","3.33","626.42","246.84"
"4026","2254","20260325","1527","223","Completed","1","80.76","46.98","80.76","46.98","33.78","5.00","3.33","75.76","28.78"
"4027","2254","20260325","1527","221","Completed","1","211.10","133.66","211.10","133.66","77.44","5.00","3.33","206.10","72.44"
"4028","2255","20260702","1976","201","Cancelled","1","183.21","138.22","183.21","138.22","44.99","10.00","0.00","173.21","34.99"
"4029","2256","20260628","1578","183","Completed","1","60.67","34.80","60.67","34.80","25.87","5.00","0.00","55.67","20.87"
"4030","2256","20260628","1578","185","Completed","1","121.63","79.08","121.63","79.08","42.55","5.00","0.00","116.63","37.55"
"4031","2256","20260628","1578","219","Completed","1","272.42","159.43","272.42","159.43","112.99","5.00","0.00","267.42","107.99"
"4032","2257","20251001","1639","217","Completed","2","148.68","108.91","297.36","217.82","79.54","5.00","5.00","292.36","74.54"
"4033","2257","20251001","1639","186","Completed","1","423.31","240.26","423.31","240.26","183.05","5.00","5.00","418.31","178.05"
"4034","2258","20260920","1815","220","Completed","1","97.88","74.33","97.88","74.33","23.55","0.00","3.00","97.88","23.55"
"4035","2258","20260920","1815","231","Completed","1","111.88","80.39","111.88","80.39","31.49","0.00","3.00","111.88","31.49"
"4036","2259","20251230","1870","220","Completed","2","97.88","74.33","195.76","148.66","47.10","5.00","5.00","190.76","42.10"
"4037","2259","20251230","1870","192","Completed","1","170.10","125.07","170.10","125.07","45.03","5.00","5.00","165.10","40.03"
"4038","2260","20260630","1969","188","Completed","1","147.11","98.96","147.11","98.96","48.15","15.00","9.99","132.11","33.15"
"4039","2261","20260809","1728","227","Completed","2","220.71","129.38","441.42","258.76","182.66","2.50","3.00","438.92","180.16"
"4040","2261","20260809","1728","228","Completed","1","68.08","45.01","68.08","45.01","23.07","2.50","3.00","65.58","20.57"
"4041","2262","20260822","1774","184","Completed","1","93.32","65.41","93.32","65.41","27.91","0.00","3.33","93.32","27.91"
"4042","2262","20260822","1774","220","Completed","1","97.88","74.33","97.88","74.33","23.55","0.00","3.33","97.88","23.55"
"4043","2262","20260822","1774","186","Completed","2","423.31","240.26","846.62","480.52","366.10","0.00","3.33","846.62","366.10"
"4044","2263","20260325","1902","201","Completed","1","183.21","138.22","183.21","138.22","44.99","7.50","3.00","175.71","37.49"
"4045","2263","20260325","1902","193","Completed","1","232.94","146.33","232.94","146.33","86.61","7.50","3.00","225.44","79.11"
"4046","2264","20260604","1768","192","Completed","1","170.10","125.07","170.10","125.07","45.03","0.00","0.00","170.10","45.03"
"4047","2264","20260604","1768","213","Completed","1","148.42","96.71","148.42","96.71","51.71","0.00","0.00","148.42","51.71"
"4048","2265","20250912","1828","239","Completed","2","116.83","67.33","233.66","134.66","99.00","0.00","2.50","233.66","99.00"
"4049","2265","20250912","1828","206","Completed","1","140.62","81.04","140.62","81.04","59.58","0.00","2.50","140.62","59.58"
"4050","2265","20250912","1828","224","Completed","1","44.39","27.23","44.39","27.23","17.16","0.00","2.50","44.39","17.16"
"4051","2265","20250912","1828","205","Completed","1","77.40","52.92","77.40","52.92","24.48","0.00","2.50","77.40","24.48"
"4052","2266","20260628","1834","219","Returned","1","272.42","159.43","272.42","159.43","112.99","3.33","2.00","269.09","109.66"
"4053","2266","20260628","1834","220","Returned","1","97.88","74.33","97.88","74.33","23.55","3.33","2.00","94.55","20.22"
"4054","2266","20260628","1834","227","Returned","1","220.71","129.38","220.71","129.38","91.33","3.33","2.00","217.38","88.00"
"4055","2267","20260318","1550","218","Cancelled","1","195.26","111.40","195.26","111.40","83.86","0.00","0.00","195.26","83.86"
"4056","2268","20250825","1617","225","Completed","1","98.36","65.70","98.36","65.70","32.66","0.00","5.99","98.36","32.66"
"4057","2269","20260523","1799","219","Returned","1","272.42","159.43","272.42","159.43","112.99","5.00","0.00","267.42","107.99"
"4058","2270","20260831","1732","185","Completed","1","121.63","79.08","121.63","79.08","42.55","2.50","0.00","119.13","40.05"
"4059","2270","20260831","1732","218","Completed","1","195.26","111.40","195.26","111.40","83.86","2.50","0.00","192.76","81.36"
"4060","2270","20260831","1732","195","Completed","1","249.99","156.58","249.99","156.58","93.41","2.50","0.00","247.49","90.91"
"4061","2270","20260831","1732","201","Completed","1","183.21","138.22","183.21","138.22","44.99","2.50","0.00","180.71","42.49"
"4062","2271","20251106","1585","212","Completed","1","97.33","68.97","97.33","68.97","28.36","10.00","0.00","87.33","18.36"
"4063","2272","20260508","1551","226","Completed","2","155.18","87.63","310.36","175.26","135.10","2.50","0.00","307.86","132.60"
"4064","2272","20260508","1551","222","Completed","1","100.07","70.05","100.07","70.05","30.02","2.50","0.00","97.57","27.52"
"4065","2273","20250425","1952","196","Returned","1","65.17","42.83","65.17","42.83","22.34","2.50","3.00","62.67","19.84"
"4066","2273","20250425","1952","214","Returned","2","443.92","253.54","887.84","507.08","380.76","2.50","3.00","885.34","378.26"
"4067","2274","20260630","1914","227","Completed","1","220.71","129.38","220.71","129.38","91.33","1.67","3.33","219.04","89.66"
"4068","2274","20260630","1914","237","Completed","1","155.89","96.42","155.89","96.42","59.47","1.67","3.33","154.22","57.80"
"4069","2274","20260630","1914","239","Completed","1","116.83","67.33","116.83","67.33","49.50","1.67","3.33","115.16","47.83"
"4070","2275","20260430","1823","232","Completed","3","292.00","192.97","876.00","578.91","297.09","0.00","5.99","876.00","297.09"
"4071","2276","20260704","1880","223","Completed","1","80.76","46.98","80.76","46.98","33.78","0.00","5.00","80.76","33.78"
"4072","2276","20260704","1880","191","Completed","1","45.75","27.33","45.75","27.33","18.42","0.00","5.00","45.75","18.42"
"4073","2277","20260123","1898","223","Returned","3","80.76","46.98","242.28","140.94","101.34","10.00","5.99","232.28","91.34"
"4074","2278","20260919","1956","232","Cancelled","1","292.00","192.97","292.00","192.97","99.03","0.00","0.00","292.00","99.03"
"4075","2279","20250425","1900","196","Completed","1","65.17","42.83","65.17","42.83","22.34","0.00","9.99","65.17","22.34"
"4076","2280","20250524","1759","221","Completed","1","211.10","133.66","211.10","133.66","77.44","0.00","0.00","211.10","77.44"
"4077","2281","20260620","1780","230","Completed","1","94.90","67.25","94.90","67.25","27.65","0.00","3.33","94.90","27.65"
"4078","2281","20260620","1780","215","Completed","1","45.82","32.17","45.82","32.17","13.65","0.00","3.33","45.82","13.65"
"4079","2281","20260620","1780","195","Completed","1","249.99","156.58","249.99","156.58","93.41","0.00","3.33","249.99","93.41"
"4080","2282","20260601","1651","209","Returned","1","157.08","117.89","157.08","117.89","39.19","0.00","5.99","157.08","39.19"
"4081","2283","20260817","1653","194","Returned","1","308.11","207.51","308.11","207.51","100.60","0.00","0.00","308.11","100.60"
"4082","2283","20260817","1653","216","Returned","1","315.71","189.79","315.71","189.79","125.92","0.00","0.00","315.71","125.92"
"4083","2284","20260614","1648","187","Cancelled","1","90.39","64.58","90.39","64.58","25.81","15.00","9.99","75.39","10.81"
"4084","2285","20260502","1549","221","Returned","1","211.10","133.66","211.10","133.66","77.44","3.75","2.50","207.35","73.69"
"4085","2285","20260502","1549","234","Returned","3","172.64","112.28","517.92","336.84","181.08","3.75","2.50","514.17","177.33"
"4086","2285","20260502","1549","206","Returned","1","140.62","81.04","140.62","81.04","59.58","3.75","2.50","136.87","55.83"
"4087","2285","20260502","1549","205","Returned","1","77.40","52.92","77.40","52.92","24.48","3.75","2.50","73.65","20.73"
"4088","2286","20260910","1872","185","Completed","2","121.63","79.08","243.26","158.16","85.10","0.00","3.00","243.26","85.10"
"4089","2286","20260910","1872","237","Completed","1","155.89","96.42","155.89","96.42","59.47","0.00","3.00","155.89","59.47"
"4090","2287","20260325","1939","184","Completed","1","93.32","65.41","93.32","65.41","27.91","2.50","1.50","90.82","25.41"
"4091","2287","20260325","1939","208","Completed","1","270.85","183.28","270.85","183.28","87.57","2.50","1.50","268.35","85.07"
"4092","2287","20260325","1939","227","Completed","1","220.71","129.38","220.71","129.38","91.33","2.50","1.50","218.21","88.83"
"4093","2287","20260325","1939","217","Completed","1","148.68","108.91","148.68","108.91","39.77","2.50","1.50","146.18","37.27"
"4094","2288","20260625","1921","188","Completed","1","147.11","98.96","147.11","98.96","48.15","0.00","9.99","147.11","48.15"
"4095","2289","20260916","1764","216","Cancelled","1","315.71","189.79","315.71","189.79","125.92","0.00","0.00","315.71","125.92"
"4096","2289","20260916","1764","182","Cancelled","2","336.54","258.11","673.08","516.22","156.86","0.00","0.00","673.08","156.86"
"4097","2290","20260122","1542","240","Completed","1","51.43","38.16","51.43","38.16","13.27","15.00","5.99","36.43","-1.73"
"4098","2291","20260904","1769","181","Completed","1","101.22","64.39","101.22","64.39","36.83","5.00","9.99","96.22","31.83"
"4099","2292","20260314","1971","221","Completed","3","211.10","133.66","633.30","400.98","232.32","2.50","5.00","630.80","229.82"
"4100","2292","20260314","1971","182","Completed","1","336.54","258.11","336.54","258.11","78.43","2.50","5.00","334.04","75.93"
"4101","2293","20250926","1639","191","Completed","1","45.75","27.33","45.75","27.33","18.42","5.00","0.00","40.75","13.42"
"4102","2294","20260916","1923","188","Completed","1","147.11","98.96","147.11","98.96","48.15","0.00","2.00","147.11","48.15"
"4103","2294","20260916","1923","218","Completed","1","195.26","111.40","195.26","111.40","83.86","0.00","2.00","195.26","83.86"
"4104","2294","20260916","1923","236","Completed","1","335.82","190.06","335.82","190.06","145.76","0.00","2.00","335.82","145.76"
"4105","2295","20260417","1873","220","Returned","2","97.88","74.33","195.76","148.66","47.10","0.00","0.00","195.76","47.10"
"4106","2295","20260417","1873","185","Returned","1","121.63","79.08","121.63","79.08","42.55","0.00","0.00","121.63","42.55"
"4107","2295","20260417","1873","227","Returned","2","220.71","129.38","441.42","258.76","182.66","0.00","0.00","441.42","182.66"
"4108","2296","20250720","1823","188","Completed","2","147.11","98.96","294.22","197.92","96.30","0.00","0.00","294.22","96.30"
"4109","2297","20260301","1689","229","Completed","2","328.53","211.34","657.06","422.68","234.38","0.00","0.00","657.06","234.38"
"4110","2298","20260917","1739","227","Returned","1","220.71","129.38","220.71","129.38","91.33","0.00","5.99","220.71","91.33"
"4111","2299","20260812","1789","238","Returned","1","192.21","117.17","192.21","117.17","75.04","0.00","0.00","192.21","75.04"
"4112","2300","20260724","1818","196","Cancelled","2","65.17","42.83","130.34","85.66","44.68","2.50","1.50","127.84","42.18"
"4113","2300","20260724","1818","184","Cancelled","3","93.32","65.41","279.96","196.23","83.73","2.50","1.50","277.46","81.23"
"4114","2300","20260724","1818","208","Cancelled","1","270.85","183.28","270.85","183.28","87.57","2.50","1.50","268.35","85.07"
"4115","2300","20260724","1818","183","Cancelled","1","60.67","34.80","60.67","34.80","25.87","2.50","1.50","58.17","23.37"
"4116","2301","20260703","1620","201","Completed","2","183.21","138.22","366.42","276.44","89.98","5.00","0.00","361.42","84.98"
"4117","2302","20260423","1833","226","Completed","3","155.18","87.63","465.54","262.89","202.65","3.75","2.50","461.79","198.90"
"4118","2302","20260423","1833","237","Completed","1","155.89","96.42","155.89","96.42","59.47","3.75","2.50","152.14","55.72"
"4119","2302","20260423","1833","195","Completed","1","249.99","156.58","249.99","156.58","93.41","3.75","2.50","246.24","89.66"
"4120","2302","20260423","1833","221","Completed","1","211.10","133.66","211.10","133.66","77.44","3.75","2.50","207.35","73.69"
"4121","2303","20260220","1992","237","Completed","1","155.89","96.42","155.89","96.42","59.47","0.00","5.99","155.89","59.47"
"4122","2304","20251005","1987","219","Returned","1","272.42","159.43","272.42","159.43","112.99","5.00","3.00","267.42","107.99"
"4123","2304","20251005","1987","230","Returned","1","94.90","67.25","94.90","67.25","27.65","5.00","3.00","89.90","22.65"
"4124","2305","20260421","1861","191","Cancelled","1","45.75","27.33","45.75","27.33","18.42","0.00","5.99","45.75","18.42"
"4125","2306","20251111","1518","235","Completed","1","40.99","23.15","40.99","23.15","17.84","1.25","2.50","39.74","16.59"
"4126","2306","20251111","1518","181","Completed","1","101.22","64.39","101.22","64.39","36.83","1.25","2.50","99.97","35.58"
"4127","2306","20251111","1518","206","Completed","2","140.62","81.04","281.24","162.08","119.16","1.25","2.50","279.99","117.91"
"4128","2306","20251111","1518","204","Completed","1","186.71","108.43","186.71","108.43","78.28","1.25","2.50","185.46","77.03"
"4129","2307","20260706","1648","239","Returned","1","116.83","67.33","116.83","67.33","49.50","0.00","5.99","116.83","49.50"
"4130","2308","20260811","1619","238","Completed","1","192.21","117.17","192.21","117.17","75.04","0.00","3.33","192.21","75.04"
"4131","2308","20260811","1619","212","Completed","1","97.33","68.97","97.33","68.97","28.36","0.00","3.33","97.33","28.36"
"4132","2308","20260811","1619","214","Completed","1","443.92","253.54","443.92","253.54","190.38","0.00","3.33","443.92","190.38"
"4133","2309","20260620","1581","185","Completed","1","121.63","79.08","121.63","79.08","42.55","0.00","5.99","121.63","42.55"
"4134","2310","20260706","1698","218","Returned","1","195.26","111.40","195.26","111.40","83.86","7.50","3.00","187.76","76.36"
"4135","2310","20260706","1698","183","Returned","1","60.67","34.80","60.67","34.80","25.87","7.50","3.00","53.17","18.37"
"4136","2311","20260909","1875","181","Completed","1","101.22","64.39","101.22","64.39","36.83","0.00","0.00","101.22","36.83"
"4137","2312","20260523","1708","192","Completed","2","170.10","125.07","340.20","250.14","90.06","0.00","0.00","340.20","90.06"
"4138","2312","20260523","1708","198","Completed","1","71.76","49.35","71.76","49.35","22.41","0.00","0.00","71.76","22.41"
"4139","2313","20260723","1728","197","Completed","1","49.20","27.84","49.20","27.84","21.36","0.00","2.50","49.20","21.36"
"4140","2313","20260723","1728","188","Completed","1","147.11","98.96","147.11","98.96","48.15","0.00","2.50","147.11","48.15"
"4141","2313","20260723","1728","183","Completed","1","60.67","34.80","60.67","34.80","25.87","0.00","2.50","60.67","25.87"
"4142","2313","20260723","1728","198","Completed","1","71.76","49.35","71.76","49.35","22.41","0.00","2.50","71.76","22.41"
"4143","2314","20260416","1934","195","Cancelled","1","249.99","156.58","249.99","156.58","93.41","0.00","5.99","249.99","93.41"
"4144","2315","20250916","1702","189","Completed","1","413.12","294.37","413.12","294.37","118.75","10.00","0.00","403.12","108.75"
"4145","2316","20251004","1516","233","Completed","1","100.29","55.86","100.29","55.86","44.43","0.00","5.00","100.29","44.43"
"4146","2316","20251004","1516","219","Completed","2","272.42","159.43","544.84","318.86","225.98","0.00","5.00","544.84","225.98"
"4147","2317","20260425","1919","184","Completed","1","93.32","65.41","93.32","65.41","27.91","5.00","0.00","88.32","22.91"
"4148","2317","20260425","1919","233","Completed","2","100.29","55.86","200.58","111.72","88.86","5.00","0.00","195.58","83.86"
"4149","2317","20260425","1919","202","Completed","1","148.28","83.26","148.28","83.26","65.02","5.00","0.00","143.28","60.02"
"4150","2318","20260914","1991","211","Completed","1","412.95","299.35","412.95","299.35","113.60","5.00","9.99","407.95","108.60"
"4151","2319","20260228","1573","230","Completed","1","94.90","67.25","94.90","67.25","27.65","2.50","5.00","92.40","25.15"
"4152","2319","20260228","1573","237","Completed","1","155.89","96.42","155.89","96.42","59.47","2.50","5.00","153.39","56.97"
"4153","2320","20250923","1937","237","Completed","1","155.89","96.42","155.89","96.42","59.47","5.00","2.00","150.89","54.47"
"4154","2320","20250923","1937","230","Completed","2","94.90","67.25","189.80","134.50","55.30","5.00","2.00","184.80","50.30"
"4155","2320","20250923","1937","182","Completed","1","336.54","258.11","336.54","258.11","78.43","5.00","2.00","331.54","73.43"
"4156","2321","20260618","1777","195","Completed","1","249.99","156.58","249.99","156.58","93.41","0.00","0.00","249.99","93.41"
"4157","2322","20260610","1622","193","Completed","1","232.94","146.33","232.94","146.33","86.61","5.00","2.00","227.94","81.61"
"4158","2322","20260610","1622","181","Completed","1","101.22","64.39","101.22","64.39","36.83","5.00","2.00","96.22","31.83"
"4159","2322","20260610","1622","202","Completed","1","148.28","83.26","148.28","83.26","65.02","5.00","2.00","143.28","60.02"
"4160","2323","20260607","1686","194","Returned","1","308.11","207.51","308.11","207.51","100.60","2.50","5.00","305.61","98.10"
"4161","2323","20260607","1686","185","Returned","1","121.63","79.08","121.63","79.08","42.55","2.50","5.00","119.13","40.05"
"4162","2324","20260916","1917","192","Completed","1","170.10","125.07","170.10","125.07","45.03","0.00","0.00","170.10","45.03"
"4163","2325","20260713","1817","236","Returned","1","335.82","190.06","335.82","190.06","145.76","10.00","9.99","325.82","135.76"
"4164","2326","20250722","1950","236","Completed","1","335.82","190.06","335.82","190.06","145.76","1.67","0.00","334.15","144.09"
"4165","2326","20250722","1950","229","Completed","1","328.53","211.34","328.53","211.34","117.19","1.67","0.00","326.86","115.52"
"4166","2326","20250722","1950","183","Completed","1","60.67","34.80","60.67","34.80","25.87","1.67","0.00","59.00","24.20"
"4167","2327","20260910","1918","182","Returned","1","336.54","258.11","336.54","258.11","78.43","0.00","5.99","336.54","78.43"
"4168","2328","20260629","1694","184","Completed","1","93.32","65.41","93.32","65.41","27.91","5.00","0.00","88.32","22.91"
"4169","2328","20260629","1694","194","Completed","1","308.11","207.51","308.11","207.51","100.60","5.00","0.00","303.11","95.60"
"4170","2329","20260612","1744","221","Returned","1","211.10","133.66","211.10","133.66","77.44","5.00","0.00","206.10","72.44"
"4171","2329","20260612","1744","227","Returned","1","220.71","129.38","220.71","129.38","91.33","5.00","0.00","215.71","86.33"
"4172","2330","20260713","1911","182","Cancelled","1","336.54","258.11","336.54","258.11","78.43","0.00","0.00","336.54","78.43"
"4173","2331","20260119","1637","203","Cancelled","1","55.41","37.95","55.41","37.95","17.46","0.00","2.00","55.41","17.46"
"4174","2331","20260119","1637","219","Cancelled","1","272.42","159.43","272.42","159.43","112.99","0.00","2.00","272.42","112.99"
"4175","2331","20260119","1637","211","Cancelled","1","412.95","299.35","412.95","299.35","113.60","0.00","2.00","412.95","113.60"
"4176","2332","20260621","1888","213","Completed","2","148.42","96.71","296.84","193.42","103.42","0.00","5.00","296.84","103.42"
"4177","2332","20260621","1888","222","Completed","1","100.07","70.05","100.07","70.05","30.02","0.00","5.00","100.07","30.02"
"4178","2333","20260914","1757","213","Completed","2","148.42","96.71","296.84","193.42","103.42","15.00","0.00","281.84","88.42"
"4179","2334","20260220","1921","233","Returned","2","100.29","55.86","200.58","111.72","88.86","0.00","3.33","200.58","88.86"
"4180","2334","20260220","1921","184","Returned","1","93.32","65.41","93.32","65.41","27.91","0.00","3.33","93.32","27.91"
"4181","2334","20260220","1921","206","Returned","2","140.62","81.04","281.24","162.08","119.16","0.00","3.33","281.24","119.16"
"4182","2335","20260818","1856","212","Returned","1","97.33","68.97","97.33","68.97","28.36","0.00","5.00","97.33","28.36"
"4183","2335","20260818","1856","234","Returned","1","172.64","112.28","172.64","112.28","60.36","0.00","5.00","172.64","60.36"
"4184","2336","20250704","1894","199","Completed","1","154.93","112.90","154.93","112.90","42.03","15.00","9.99","139.93","27.03"
"4185","2337","20260313","1843","198","Completed","1","71.76","49.35","71.76","49.35","22.41","0.00","0.00","71.76","22.41"
"4186","2337","20260313","1843","224","Completed","2","44.39","27.23","88.78","54.46","34.32","0.00","0.00","88.78","34.32"
"4187","2338","20260910","1916","198","Completed","1","71.76","49.35","71.76","49.35","22.41","2.50","3.00","69.26","19.91"
"4188","2338","20260910","1916","222","Completed","1","100.07","70.05","100.07","70.05","30.02","2.50","3.00","97.57","27.52"
"4189","2339","20260820","1746","187","Completed","1","90.39","64.58","90.39","64.58","25.81","5.00","9.99","85.39","20.81"
"4190","2340","20251006","1745","203","Completed","1","55.41","37.95","55.41","37.95","17.46","15.00","9.99","40.41","2.46"
"4191","2341","20260822","1561","190","Returned","1","100.47","76.85","100.47","76.85","23.62","2.50","2.50","97.97","21.12"
"4192","2341","20260822","1561","235","Returned","1","40.99","23.15","40.99","23.15","17.84","2.50","2.50","38.49","15.34"
"4193","2341","20260822","1561","189","Returned","1","413.12","294.37","413.12","294.37","118.75","2.50","2.50","410.62","116.25"
"4194","2341","20260822","1561","187","Returned","1","90.39","64.58","90.39","64.58","25.81","2.50","2.50","87.89","23.31"
"4195","2342","20251107","1876","194","Returned","1","308.11","207.51","308.11","207.51","100.60","5.00","0.00","303.11","95.60"
"4196","2342","20251107","1876","185","Returned","2","121.63","79.08","243.26","158.16","85.10","5.00","0.00","238.26","80.10"
"4197","2342","20251107","1876","186","Returned","1","423.31","240.26","423.31","240.26","183.05","5.00","0.00","418.31","178.05"
"4198","2343","20260103","1568","188","Returned","1","147.11","98.96","147.11","98.96","48.15","0.00","5.00","147.11","48.15"
"4199","2343","20260103","1568","183","Returned","1","60.67","34.80","60.67","34.80","25.87","0.00","5.00","60.67","25.87"
"4200","2344","20260412","1753","213","Cancelled","1","148.42","96.71","148.42","96.71","51.71","0.00","3.00","148.42","51.71"
"4201","2344","20260412","1753","210","Cancelled","1","116.09","88.40","116.09","88.40","27.69","0.00","3.00","116.09","27.69"
"4202","2345","20260709","1728","193","Returned","1","232.94","146.33","232.94","146.33","86.61","1.67","3.33","231.27","84.94"
"4203","2345","20260709","1728","225","Returned","1","98.36","65.70","98.36","65.70","32.66","1.67","3.33","96.69","30.99"
"4204","2345","20260709","1728","229","Returned","1","328.53","211.34","328.53","211.34","117.19","1.67","3.33","326.86","115.52"
"4205","2346","20260331","1688","239","Returned","1","116.83","67.33","116.83","67.33","49.50","5.00","0.00","111.83","44.50"
"4206","2346","20260331","1688","204","Returned","1","186.71","108.43","186.71","108.43","78.28","5.00","0.00","181.71","73.28"
"4207","2346","20260331","1688","234","Returned","1","172.64","112.28","172.64","112.28","60.36","5.00","0.00","167.64","55.36"
"4208","2347","20260427","1806","196","Completed","1","65.17","42.83","65.17","42.83","22.34","15.00","9.99","50.17","7.34"
"4209","2348","20260607","1790","212","Completed","1","97.33","68.97","97.33","68.97","28.36","2.50","1.50","94.83","25.86"
"4210","2348","20260607","1790","199","Completed","1","154.93","112.90","154.93","112.90","42.03","2.50","1.50","152.43","39.53"
"4211","2348","20260607","1790","208","Completed","3","270.85","183.28","812.55","549.84","262.71","2.50","1.50","810.05","260.21"
"4212","2348","20260607","1790","231","Completed","1","111.88","80.39","111.88","80.39","31.49","2.50","1.50","109.38","28.99"
"4213","2349","20260616","1882","235","Cancelled","2","40.99","23.15","81.98","46.30","35.68","0.00","0.00","81.98","35.68"
"4214","2349","20260616","1882","188","Cancelled","1","147.11","98.96","147.11","98.96","48.15","0.00","0.00","147.11","48.15"
"4215","2350","20260405","1960","236","Completed","1","335.82","190.06","335.82","190.06","145.76","7.50","5.00","328.32","138.26"
"4216","2350","20260405","1960","225","Completed","1","98.36","65.70","98.36","65.70","32.66","7.50","5.00","90.86","25.16"
"4217","2351","20260731","1846","234","Returned","1","172.64","112.28","172.64","112.28","60.36","0.00","5.99","172.64","60.36"
"4218","2352","20260922","1752","209","Completed","1","157.08","117.89","157.08","117.89","39.19","1.67","3.33","155.41","37.52"
"4219","2352","20260922","1752","213","Completed","1","148.42","96.71","148.42","96.71","51.71","1.67","3.33","146.75","50.04"
"4220","2352","20260922","1752","231","Completed","1","111.88","80.39","111.88","80.39","31.49","1.67","3.33","110.21","29.82"
"4221","2353","20260128","1913","211","Completed","2","412.95","299.35","825.90","598.70","227.20","0.00","5.00","825.90","227.20"
"4222","2353","20260128","1913","210","Completed","2","116.09","88.40","232.18","176.80","55.38","0.00","5.00","232.18","55.38"
"4223","2354","20251111","1964","240","Returned","3","51.43","38.16","154.29","114.48","39.81","0.00","3.00","154.29","39.81"
"4224","2354","20251111","1964","200","Returned","1","212.44","119.33","212.44","119.33","93.11","0.00","3.00","212.44","93.11"
"4225","2355","20260817","1587","202","Completed","1","148.28","83.26","148.28","83.26","65.02","0.00","0.00","148.28","65.02"
"4226","2355","20260817","1587","205","Completed","1","77.40","52.92","77.40","52.92","24.48","0.00","0.00","77.40","24.48"
"4227","2356","20250416","1835","235","Completed","2","40.99","23.15","81.98","46.30","35.68","0.00","0.00","81.98","35.68"
"4228","2356","20250416","1835","229","Completed","1","328.53","211.34","328.53","211.34","117.19","0.00","0.00","328.53","117.19"
"4229","2357","20250808","1771","194","Completed","1","308.11","207.51","308.11","207.51","100.60","1.67","2.00","306.44","98.93"
"4230","2357","20250808","1771","219","Completed","1","272.42","159.43","272.42","159.43","112.99","1.67","2.00","270.75","111.32"
"4231","2357","20250808","1771","201","Completed","1","183.21","138.22","183.21","138.22","44.99","1.67","2.00","181.54","43.32"
"4232","2358","20260718","1655","182","Returned","1","336.54","258.11","336.54","258.11","78.43","5.00","0.00","331.54","73.43"
"4233","2358","20260718","1655","212","Returned","2","97.33","68.97","194.66","137.94","56.72","5.00","0.00","189.66","51.72"
"4234","2359","20260814","1802","200","Returned","2","212.44","119.33","424.88","238.66","186.22","2.50","3.00","422.38","183.72"
"4235","2359","20260814","1802","240","Returned","1","51.43","38.16","51.43","38.16","13.27","2.50","3.00","48.93","10.77"
"4236","2360","20251214","1937","190","Completed","1","100.47","76.85","100.47","76.85","23.62","0.00","5.00","100.47","23.62"
"4237","2360","20251214","1937","186","Completed","1","423.31","240.26","423.31","240.26","183.05","0.00","5.00","423.31","183.05"
"4238","2361","20260315","1520","237","Completed","1","155.89","96.42","155.89","96.42","59.47","7.50","5.00","148.39","51.97"
"4239","2361","20260315","1520","190","Completed","1","100.47","76.85","100.47","76.85","23.62","7.50","5.00","92.97","16.12"
"4240","2362","20260211","1513","235","Cancelled","1","40.99","23.15","40.99","23.15","17.84","0.00","2.50","40.99","17.84"
"4241","2362","20260211","1513","214","Cancelled","1","443.92","253.54","443.92","253.54","190.38","0.00","2.50","443.92","190.38"
"4242","2362","20260211","1513","183","Cancelled","2","60.67","34.80","121.34","69.60","51.74","0.00","2.50","121.34","51.74"
"4243","2362","20260211","1513","189","Cancelled","1","413.12","294.37","413.12","294.37","118.75","0.00","2.50","413.12","118.75"
"4244","2363","20260626","1640","207","Completed","2","440.02","275.08","880.04","550.16","329.88","15.00","5.99","865.04","314.88"
"4245","2364","20260519","1822","209","Completed","1","157.08","117.89","157.08","117.89","39.19","0.00","0.00","157.08","39.19"
"4246","2364","20260519","1822","213","Completed","1","148.42","96.71","148.42","96.71","51.71","0.00","0.00","148.42","51.71"
"4247","2365","20260426","1958","222","Cancelled","1","100.07","70.05","100.07","70.05","30.02","15.00","0.00","85.07","15.02"
"4248","2366","20260711","1814","182","Returned","1","336.54","258.11","336.54","258.11","78.43","0.00","9.99","336.54","78.43"
"4249","2367","20260811","1831","205","Completed","3","77.40","52.92","232.20","158.76","73.44","15.00","0.00","217.20","58.44"
"4250","2368","20260814","1798","195","Completed","1","249.99","156.58","249.99","156.58","93.41","0.00","1.50","249.99","93.41"
"4251","2368","20260814","1798","229","Completed","2","328.53","211.34","657.06","422.68","234.38","0.00","1.50","657.06","234.38"
"4252","2368","20260814","1798","220","Completed","1","97.88","74.33","97.88","74.33","23.55","0.00","1.50","97.88","23.55"
"4253","2368","20260814","1798","197","Completed","1","49.20","27.84","49.20","27.84","21.36","0.00","1.50","49.20","21.36"
"4254","2369","20260729","1616","208","Returned","2","270.85","183.28","541.70","366.56","175.14","0.00","5.00","541.70","175.14"
"4255","2369","20260729","1616","200","Returned","1","212.44","119.33","212.44","119.33","93.11","0.00","5.00","212.44","93.11"
"4256","2370","20260606","1753","189","Completed","1","413.12","294.37","413.12","294.37","118.75","15.00","0.00","398.12","103.75"
"4257","2371","20260414","1810","191","Cancelled","1","45.75","27.33","45.75","27.33","18.42","7.50","5.00","38.25","10.92"
"4258","2371","20260414","1810","238","Cancelled","1","192.21","117.17","192.21","117.17","75.04","7.50","5.00","184.71","67.54"
"4259","2372","20260906","1955","192","Completed","1","170.10","125.07","170.10","125.07","45.03","0.00","9.99","170.10","45.03"
"4260","2373","20260707","1768","226","Returned","2","155.18","87.63","310.36","175.26","135.10","5.00","0.00","305.36","130.10"
"4261","2373","20260707","1768","234","Returned","1","172.64","112.28","172.64","112.28","60.36","5.00","0.00","167.64","55.36"
"4262","2374","20260501","1504","189","Completed","1","413.12","294.37","413.12","294.37","118.75","0.00","0.00","413.12","118.75"
"4263","2375","20260601","1762","240","Completed","1","51.43","38.16","51.43","38.16","13.27","10.00","0.00","41.43","3.27"
"4264","2376","20251214","1626","215","Completed","1","45.82","32.17","45.82","32.17","13.65","5.00","0.00","40.82","8.65"
"4265","2376","20251214","1626","181","Completed","1","101.22","64.39","101.22","64.39","36.83","5.00","0.00","96.22","31.83"
"4266","2377","20251219","1961","188","Cancelled","1","147.11","98.96","147.11","98.96","48.15","0.00","2.00","147.11","48.15"
"4267","2377","20251219","1961","236","Cancelled","1","335.82","190.06","335.82","190.06","145.76","0.00","2.00","335.82","145.76"
"4268","2377","20251219","1961","184","Cancelled","1","93.32","65.41","93.32","65.41","27.91","0.00","2.00","93.32","27.91"
"4269","2378","20260621","1579","227","Completed","1","220.71","129.38","220.71","129.38","91.33","0.00","2.00","220.71","91.33"
"4270","2378","20260621","1579","191","Completed","2","45.75","27.33","91.50","54.66","36.84","0.00","2.00","91.50","36.84"
"4271","2378","20260621","1579","218","Completed","2","195.26","111.40","390.52","222.80","167.72","0.00","2.00","390.52","167.72"
"4272","2379","20260801","1817","200","Returned","2","212.44","119.33","424.88","238.66","186.22","2.50","0.00","422.38","183.72"
"4273","2379","20260801","1817","212","Returned","1","97.33","68.97","97.33","68.97","28.36","2.50","0.00","94.83","25.86"
"4274","2379","20260801","1817","229","Returned","2","328.53","211.34","657.06","422.68","234.38","2.50","0.00","654.56","231.88"
"4275","2379","20260801","1817","211","Returned","1","412.95","299.35","412.95","299.35","113.60","2.50","0.00","410.45","111.10"
"4276","2380","20260628","1602","186","Cancelled","2","423.31","240.26","846.62","480.52","366.10","0.00","9.99","846.62","366.10"
"4277","2381","20260722","1811","229","Completed","2","328.53","211.34","657.06","422.68","234.38","5.00","5.99","652.06","229.38"
"4278","2382","20260919","1954","195","Completed","1","249.99","156.58","249.99","156.58","93.41","0.00","0.00","249.99","93.41"
"4279","2382","20260919","1954","214","Completed","1","443.92","253.54","443.92","253.54","190.38","0.00","0.00","443.92","190.38"
"4280","2383","20260528","1576","190","Completed","1","100.47","76.85","100.47","76.85","23.62","10.00","0.00","90.47","13.62"
"4281","2384","20260828","1741","189","Completed","1","413.12","294.37","413.12","294.37","118.75","5.00","3.00","408.12","113.75"
"4282","2384","20260828","1741","234","Completed","1","172.64","112.28","172.64","112.28","60.36","5.00","3.00","167.64","55.36"
"4283","2385","20250720","1914","216","Completed","2","315.71","189.79","631.42","379.58","251.84","2.50","0.00","628.92","249.34"
"4284","2385","20250720","1914","202","Completed","2","148.28","83.26","296.56","166.52","130.04","2.50","0.00","294.06","127.54"
"4285","2386","20260708","1811","230","Returned","1","94.90","67.25","94.90","67.25","27.65","3.33","0.00","91.57","24.32"
"4286","2386","20260708","1811","221","Returned","2","211.10","133.66","422.20","267.32","154.88","3.33","0.00","418.87","151.55"
"4287","2386","20260708","1811","218","Returned","3","195.26","111.40","585.78","334.20","251.58","3.33","0.00","582.45","248.25"
"4288","2387","20251227","1948","184","Returned","1","93.32","65.41","93.32","65.41","27.91","5.00","3.00","88.32","22.91"
"4289","2387","20251227","1948","227","Returned","1","220.71","129.38","220.71","129.38","91.33","5.00","3.00","215.71","86.33"
"4290","2388","20250621","1736","232","Completed","2","292.00","192.97","584.00","385.94","198.06","0.00","5.00","584.00","198.06"
"4291","2388","20250621","1736","220","Completed","1","97.88","74.33","97.88","74.33","23.55","0.00","5.00","97.88","23.55"
"4292","2389","20260331","1521","225","Completed","3","98.36","65.70","295.08","197.10","97.98","5.00","0.00","290.08","92.98"
"4293","2390","20251114","1947","229","Cancelled","1","328.53","211.34","328.53","211.34","117.19","5.00","5.00","323.53","112.19"
"4294","2390","20251114","1947","238","Cancelled","1","192.21","117.17","192.21","117.17","75.04","5.00","5.00","187.21","70.04"
"4295","2391","20260819","1569","188","Completed","1","147.11","98.96","147.11","98.96","48.15","0.00","5.99","147.11","48.15"
"4296","2392","20250530","1682","204","Cancelled","1","186.71","108.43","186.71","108.43","78.28","0.00","5.99","186.71","78.28"
"4297","2393","20260606","1739","217","Completed","1","148.68","108.91","148.68","108.91","39.77","0.00","3.00","148.68","39.77"
"4298","2393","20260606","1739","235","Completed","1","40.99","23.15","40.99","23.15","17.84","0.00","3.00","40.99","17.84"
"4299","2394","20250731","1752","206","Completed","1","140.62","81.04","140.62","81.04","59.58","0.00","5.00","140.62","59.58"
"4300","2394","20250731","1752","234","Completed","2","172.64","112.28","345.28","224.56","120.72","0.00","5.00","345.28","120.72"
"4301","2395","20250808","1700","211","Cancelled","1","412.95","299.35","412.95","299.35","113.60","0.00","5.99","412.95","113.60"
"4302","2396","20260607","1565","232","Completed","2","292.00","192.97","584.00","385.94","198.06","7.50","0.00","576.50","190.56"
"4303","2396","20260607","1565","206","Completed","1","140.62","81.04","140.62","81.04","59.58","7.50","0.00","133.12","52.08"
"4304","2397","20251121","1851","200","Completed","1","212.44","119.33","212.44","119.33","93.11","0.00","0.00","212.44","93.11"
"4305","2397","20251121","1851","227","Completed","1","220.71","129.38","220.71","129.38","91.33","0.00","0.00","220.71","91.33"
"4306","2397","20251121","1851","185","Completed","2","121.63","79.08","243.26","158.16","85.10","0.00","0.00","243.26","85.10"
"4307","2398","20260920","1583","191","Completed","1","45.75","27.33","45.75","27.33","18.42","3.33","0.00","42.42","15.09"
"4308","2398","20260920","1583","199","Completed","1","154.93","112.90","154.93","112.90","42.03","3.33","0.00","151.60","38.70"
"4309","2398","20260920","1583","219","Completed","1","272.42","159.43","272.42","159.43","112.99","3.33","0.00","269.09","109.66"
"4310","2399","20260320","1879","211","Returned","1","412.95","299.35","412.95","299.35","113.60","0.00","1.50","412.95","113.60"
"4311","2399","20260320","1879","210","Returned","2","116.09","88.40","232.18","176.80","55.38","0.00","1.50","232.18","55.38"
"4312","2399","20260320","1879","214","Returned","1","443.92","253.54","443.92","253.54","190.38","0.00","1.50","443.92","190.38"
"4313","2399","20260320","1879","220","Returned","1","97.88","74.33","97.88","74.33","23.55","0.00","1.50","97.88","23.55"
"4314","2400","20260712","1728","202","Returned","1","148.28","83.26","148.28","83.26","65.02","2.50","5.00","145.78","62.52"
"4315","2400","20260712","1728","230","Returned","1","94.90","67.25","94.90","67.25","27.65","2.50","5.00","92.40","25.15"
"4316","2401","20260325","1982","233","Completed","2","100.29","55.86","200.58","111.72","88.86","10.00","5.99","190.58","78.86"
"4317","2402","20251024","1896","207","Completed","1","440.02","275.08","440.02","275.08","164.94","5.00","9.99","435.02","159.94"
"4318","2403","20260628","1551","206","Completed","1","140.62","81.04","140.62","81.04","59.58","10.00","9.99","130.62","49.58"
"4319","2404","20260417","1924","191","Completed","1","45.75","27.33","45.75","27.33","18.42","1.25","0.00","44.50","17.17"
"4320","2404","20260417","1924","205","Completed","1","77.40","52.92","77.40","52.92","24.48","1.25","0.00","76.15","23.23"
"4321","2404","20260417","1924","222","Completed","1","100.07","70.05","100.07","70.05","30.02","1.25","0.00","98.82","28.77"
"4322","2404","20260417","1924","217","Completed","2","148.68","108.91","297.36","217.82","79.54","1.25","0.00","296.11","78.29"
"4323","2405","20260307","1511","210","Completed","1","116.09","88.40","116.09","88.40","27.69","3.75","0.00","112.34","23.94"
"4324","2405","20260307","1511","201","Completed","2","183.21","138.22","366.42","276.44","89.98","3.75","0.00","362.67","86.23"
"4325","2405","20260307","1511","211","Completed","2","412.95","299.35","825.90","598.70","227.20","3.75","0.00","822.15","223.45"
"4326","2405","20260307","1511","205","Completed","1","77.40","52.92","77.40","52.92","24.48","3.75","0.00","73.65","20.73"
"4327","2406","20260814","1696","211","Completed","1","412.95","299.35","412.95","299.35","113.60","5.00","0.00","407.95","108.60"
"4328","2407","20250429","1849","221","Completed","2","211.10","133.66","422.20","267.32","154.88","10.00","9.99","412.20","144.88"
"4329","2408","20260227","1922","229","Completed","1","328.53","211.34","328.53","211.34","117.19","10.00","5.99","318.53","107.19"
"4330","2409","20251015","1839","209","Completed","2","157.08","117.89","314.16","235.78","78.38","0.00","5.99","314.16","78.38"
"4331","2410","20260404","1557","228","Completed","1","68.08","45.01","68.08","45.01","23.07","5.00","2.00","63.08","18.07"
"4332","2410","20260404","1557","215","Completed","1","45.82","32.17","45.82","32.17","13.65","5.00","2.00","40.82","8.65"
"4333","2410","20260404","1557","200","Completed","2","212.44","119.33","424.88","238.66","186.22","5.00","2.00","419.88","181.22"
"4334","2411","20260117","1686","221","Completed","1","211.10","133.66","211.10","133.66","77.44","0.00","3.33","211.10","77.44"
"4335","2411","20260117","1686","199","Completed","1","154.93","112.90","154.93","112.90","42.03","0.00","3.33","154.93","42.03"
"4336","2411","20260117","1686","183","Completed","1","60.67","34.80","60.67","34.80","25.87","0.00","3.33","60.67","25.87"
"4337","2412","20260701","1888","201","Completed","1","183.21","138.22","183.21","138.22","44.99","7.50","0.00","175.71","37.49"
"4338","2412","20260701","1888","215","Completed","1","45.82","32.17","45.82","32.17","13.65","7.50","0.00","38.32","6.15"
"4339","2413","20250508","1682","222","Completed","1","100.07","70.05","100.07","70.05","30.02","0.00","3.00","100.07","30.02"
"4340","2413","20250508","1682","206","Completed","1","140.62","81.04","140.62","81.04","59.58","0.00","3.00","140.62","59.58"
"4341","2414","20260913","1560","240","Completed","2","51.43","38.16","102.86","76.32","26.54","0.00","0.00","102.86","26.54"
"4342","2414","20260913","1560","182","Completed","1","336.54","258.11","336.54","258.11","78.43","0.00","0.00","336.54","78.43"
"4343","2415","20260517","1833","213","Cancelled","1","148.42","96.71","148.42","96.71","51.71","2.50","1.50","145.92","49.21"
"4344","2415","20260517","1833","238","Cancelled","1","192.21","117.17","192.21","117.17","75.04","2.50","1.50","189.71","72.54"
"4345","2415","20260517","1833","181","Cancelled","1","101.22","64.39","101.22","64.39","36.83","2.50","1.50","98.72","34.33"
"4346","2415","20260517","1833","191","Cancelled","1","45.75","27.33","45.75","27.33","18.42","2.50","1.50","43.25","15.92"
"4347","2416","20260824","1935","189","Completed","2","413.12","294.37","826.24","588.74","237.50","15.00","0.00","811.24","222.50"
"4348","2417","20250705","1929","183","Completed","1","60.67","34.80","60.67","34.80","25.87","0.00","9.99","60.67","25.87"
"4349","2418","20260316","1839","238","Completed","1","192.21","117.17","192.21","117.17","75.04","0.00","0.00","192.21","75.04"
"4350","2419","20260427","1907","238","Completed","1","192.21","117.17","192.21","117.17","75.04","0.00","5.00","192.21","75.04"
"4351","2419","20260427","1907","229","Completed","1","328.53","211.34","328.53","211.34","117.19","0.00","5.00","328.53","117.19"
"4352","2420","20260228","1790","220","Cancelled","3","97.88","74.33","293.64","222.99","70.65","5.00","3.00","288.64","65.65"
"4353","2420","20260228","1790","185","Cancelled","1","121.63","79.08","121.63","79.08","42.55","5.00","3.00","116.63","37.55"
"4354","2421","20250331","1623","195","Cancelled","1","249.99","156.58","249.99","156.58","93.41","0.00","9.99","249.99","93.41"
"4355","2422","20260612","1528","216","Completed","1","315.71","189.79","315.71","189.79","125.92","15.00","0.00","300.71","110.92"
"4356","2423","20260622","1573","197","Completed","1","49.20","27.84","49.20","27.84","21.36","10.00","0.00","39.20","11.36"
"4357","2424","20260201","1814","219","Cancelled","1","272.42","159.43","272.42","159.43","112.99","1.67","0.00","270.75","111.32"
"4358","2424","20260201","1814","182","Cancelled","2","336.54","258.11","673.08","516.22","156.86","1.67","0.00","671.41","155.19"
"4359","2424","20260201","1814","210","Cancelled","1","116.09","88.40","116.09","88.40","27.69","1.67","0.00","114.42","26.02"
"4360","2425","20260324","1665","230","Completed","2","94.90","67.25","189.80","134.50","55.30","15.00","5.99","174.80","40.30"
"4361","2426","20251005","1549","222","Cancelled","2","100.07","70.05","200.14","140.10","60.04","0.00","5.99","200.14","60.04"
"4362","2427","20260507","1691","187","Returned","3","90.39","64.58","271.17","193.74","77.43","0.00","5.99","271.17","77.43"
"4363","2428","20260914","1860","215","Completed","1","45.82","32.17","45.82","32.17","13.65","10.00","9.99","35.82","3.65"
"4364","2429","20260120","1618","229","Completed","1","328.53","211.34","328.53","211.34","117.19","7.50","3.00","321.03","109.69"
"4365","2429","20260120","1618","215","Completed","1","45.82","32.17","45.82","32.17","13.65","7.50","3.00","38.32","6.15"
"4366","2430","20250223","1717","215","Returned","3","45.82","32.17","137.46","96.51","40.95","3.75","1.50","133.71","37.20"
"4367","2430","20250223","1717","204","Returned","1","186.71","108.43","186.71","108.43","78.28","3.75","1.50","182.96","74.53"
"4368","2430","20250223","1717","185","Returned","1","121.63","79.08","121.63","79.08","42.55","3.75","1.50","117.88","38.80"
"4369","2430","20250223","1717","234","Returned","2","172.64","112.28","345.28","224.56","120.72","3.75","1.50","341.53","116.97"
"4370","2431","20260405","1898","204","Completed","2","186.71","108.43","373.42","216.86","156.56","0.00","0.00","373.42","156.56"
"4371","2431","20260405","1898","189","Completed","1","413.12","294.37","413.12","294.37","118.75","0.00","0.00","413.12","118.75"
"4372","2432","20260805","1904","189","Completed","1","413.12","294.37","413.12","294.37","118.75","0.00","5.00","413.12","118.75"
"4373","2432","20260805","1904","207","Completed","1","440.02","275.08","440.02","275.08","164.94","0.00","5.00","440.02","164.94"
"4374","2433","20260501","1894","203","Cancelled","2","55.41","37.95","110.82","75.90","34.92","10.00","9.99","100.82","24.92"
"4375","2434","20250917","1581","232","Completed","1","292.00","192.97","292.00","192.97","99.03","0.00","3.00","292.00","99.03"
"4376","2434","20250917","1581","197","Completed","1","49.20","27.84","49.20","27.84","21.36","0.00","3.00","49.20","21.36"
"4377","2435","20260808","1701","207","Cancelled","1","440.02","275.08","440.02","275.08","164.94","0.00","5.00","440.02","164.94"
"4378","2435","20260808","1701","210","Cancelled","1","116.09","88.40","116.09","88.40","27.69","0.00","5.00","116.09","27.69"
"4379","2436","20260531","1570","231","Completed","2","111.88","80.39","223.76","160.78","62.98","0.00","0.00","223.76","62.98"
"4380","2436","20260531","1570","230","Completed","1","94.90","67.25","94.90","67.25","27.65","0.00","0.00","94.90","27.65"
"4381","2437","20260428","1964","208","Completed","2","270.85","183.28","541.70","366.56","175.14","0.00","5.00","541.70","175.14"
"4382","2437","20260428","1964","187","Completed","1","90.39","64.58","90.39","64.58","25.81","0.00","5.00","90.39","25.81"
"4383","2438","20260902","1991","185","Completed","1","121.63","79.08","121.63","79.08","42.55","0.00","0.00","121.63","42.55"
"4384","2439","20260325","1722","196","Completed","1","65.17","42.83","65.17","42.83","22.34","10.00","5.99","55.17","12.34"
"4385","2440","20260618","1966","224","Completed","1","44.39","27.23","44.39","27.23","17.16","2.50","5.00","41.89","14.66"
"4386","2440","20260618","1966","197","Completed","1","49.20","27.84","49.20","27.84","21.36","2.50","5.00","46.70","18.86"
"4387","2441","20260224","1521","231","Returned","3","111.88","80.39","335.64","241.17","94.47","2.50","0.00","333.14","91.97"
"4388","2441","20260224","1521","205","Returned","3","77.40","52.92","232.20","158.76","73.44","2.50","0.00","229.70","70.94"
"4389","2442","20260903","1653","185","Returned","1","121.63","79.08","121.63","79.08","42.55","0.00","0.00","121.63","42.55"
"4390","2442","20260903","1653","231","Returned","1","111.88","80.39","111.88","80.39","31.49","0.00","0.00","111.88","31.49"
"4391","2442","20260903","1653","223","Returned","1","80.76","46.98","80.76","46.98","33.78","0.00","0.00","80.76","33.78"
"4392","2443","20260128","1737","205","Completed","1","77.40","52.92","77.40","52.92","24.48","3.33","0.00","74.07","21.15"
"4393","2443","20260128","1737","232","Completed","2","292.00","192.97","584.00","385.94","198.06","3.33","0.00","580.67","194.73"
"4394","2443","20260128","1737","222","Completed","2","100.07","70.05","200.14","140.10","60.04","3.33","0.00","196.81","56.71"
"4395","2444","20260526","1961","208","Completed","1","270.85","183.28","270.85","183.28","87.57","5.00","3.00","265.85","82.57"
"4396","2444","20260526","1961","187","Completed","1","90.39","64.58","90.39","64.58","25.81","5.00","3.00","85.39","20.81"
"4397","2445","20260311","1839","215","Cancelled","1","45.82","32.17","45.82","32.17","13.65","1.67","0.00","44.15","11.98"
"4398","2445","20260311","1839","239","Cancelled","1","116.83","67.33","116.83","67.33","49.50","1.67","0.00","115.16","47.83"
"4399","2445","20260311","1839","217","Cancelled","1","148.68","108.91","148.68","108.91","39.77","1.67","0.00","147.01","38.10"
"4400","2446","20260318","1837","182","Completed","1","336.54","258.11","336.54","258.11","78.43","7.50","5.00","329.04","70.93"
"4401","2446","20260318","1837","234","Completed","1","172.64","112.28","172.64","112.28","60.36","7.50","5.00","165.14","52.86"
"4402","2447","20251214","1917","189","Completed","1","413.12","294.37","413.12","294.37","118.75","2.50","5.00","410.62","116.25"
"4403","2447","20251214","1917","232","Completed","1","292.00","192.97","292.00","192.97","99.03","2.50","5.00","289.50","96.53"
"4404","2448","20260418","1841","226","Completed","1","155.18","87.63","155.18","87.63","67.55","15.00","5.99","140.18","52.55"
"4405","2449","20250821","1731","229","Completed","1","328.53","211.34","328.53","211.34","117.19","0.00","0.00","328.53","117.19"
"4406","2449","20250821","1731","185","Completed","1","121.63","79.08","121.63","79.08","42.55","0.00","0.00","121.63","42.55"
"4407","2449","20250821","1731","187","Completed","1","90.39","64.58","90.39","64.58","25.81","0.00","0.00","90.39","25.81"
"4408","2450","20260228","1814","195","Completed","3","249.99","156.58","749.97","469.74","280.23","2.50","0.00","747.47","277.73"
"4409","2450","20260228","1814","201","Completed","2","183.21","138.22","366.42","276.44","89.98","2.50","0.00","363.92","87.48"
"4410","2451","20260116","1845","219","Completed","1","272.42","159.43","272.42","159.43","112.99","1.67","0.00","270.75","111.32"
"4411","2451","20260116","1845","196","Completed","1","65.17","42.83","65.17","42.83","22.34","1.67","0.00","63.50","20.67"
"4412","2451","20260116","1845","223","Completed","2","80.76","46.98","161.52","93.96","67.56","1.67","0.00","159.85","65.89"
"4413","2452","20260228","1531","221","Cancelled","1","211.10","133.66","211.10","133.66","77.44","0.00","5.00","211.10","77.44"
"4414","2452","20260228","1531","209","Cancelled","2","157.08","117.89","314.16","235.78","78.38","0.00","5.00","314.16","78.38"
"4415","2453","20260205","1532","188","Completed","1","147.11","98.96","147.11","98.96","48.15","7.50","3.00","139.61","40.65"
"4416","2453","20260205","1532","193","Completed","1","232.94","146.33","232.94","146.33","86.61","7.50","3.00","225.44","79.11"
"4417","2454","20260101","1899","199","Completed","2","154.93","112.90","309.86","225.80","84.06","0.00","0.00","309.86","84.06"
"4418","2454","20260101","1899","237","Completed","1","155.89","96.42","155.89","96.42","59.47","0.00","0.00","155.89","59.47"
"4419","2455","20250912","1771","212","Completed","1","97.33","68.97","97.33","68.97","28.36","15.00","9.99","82.33","13.36"
"4420","2456","20260913","1641","217","Returned","1","148.68","108.91","148.68","108.91","39.77","0.00","0.00","148.68","39.77"
"4421","2457","20260816","1643","212","Completed","1","97.33","68.97","97.33","68.97","28.36","0.00","0.00","97.33","28.36"
"4422","2458","20260325","1837","218","Cancelled","1","195.26","111.40","195.26","111.40","83.86","0.00","0.00","195.26","83.86"
"4423","2458","20260325","1837","223","Cancelled","1","80.76","46.98","80.76","46.98","33.78","0.00","0.00","80.76","33.78"
"4424","2458","20260325","1837","188","Cancelled","1","147.11","98.96","147.11","98.96","48.15","0.00","0.00","147.11","48.15"
"4425","2459","20260225","1535","225","Completed","1","98.36","65.70","98.36","65.70","32.66","3.33","3.33","95.03","29.33"
"4426","2459","20260225","1535","214","Completed","2","443.92","253.54","887.84","507.08","380.76","3.33","3.33","884.51","377.43"
"4427","2459","20260225","1535","199","Completed","1","154.93","112.90","154.93","112.90","42.03","3.33","3.33","151.60","38.70"
"4428","2460","20260103","1692","230","Completed","1","94.90","67.25","94.90","67.25","27.65","15.00","9.99","79.90","12.65"
"4429","2461","20260811","1702","204","Returned","1","186.71","108.43","186.71","108.43","78.28","0.00","3.00","186.71","78.28"
"4430","2461","20260811","1702","225","Returned","1","98.36","65.70","98.36","65.70","32.66","0.00","3.00","98.36","32.66"
"4431","2462","20251224","1864","188","Cancelled","1","147.11","98.96","147.11","98.96","48.15","5.00","9.99","142.11","43.15"
"4432","2463","20260921","1827","215","Completed","1","45.82","32.17","45.82","32.17","13.65","0.00","0.00","45.82","13.65"
"4433","2464","20260828","1781","202","Completed","3","148.28","83.26","444.84","249.78","195.06","7.50","3.00","437.34","187.56"
"4434","2464","20260828","1781","237","Completed","1","155.89","96.42","155.89","96.42","59.47","7.50","3.00","148.39","51.97"
"4435","2465","20250419","1605","188","Completed","1","147.11","98.96","147.11","98.96","48.15","0.00","0.00","147.11","48.15"
"4436","2465","20250419","1605","219","Completed","1","272.42","159.43","272.42","159.43","112.99","0.00","0.00","272.42","112.99"
"4437","2466","20250331","1592","240","Completed","3","51.43","38.16","154.29","114.48","39.81","0.00","0.00","154.29","39.81"
"4438","2467","20260607","1869","194","Completed","1","308.11","207.51","308.11","207.51","100.60","0.00","5.99","308.11","100.60"
"4439","2468","20260814","1696","209","Cancelled","1","157.08","117.89","157.08","117.89","39.19","0.00","0.00","157.08","39.19"
"4440","2469","20260911","1508","233","Returned","1","100.29","55.86","100.29","55.86","44.43","0.00","9.99","100.29","44.43"
"4441","2470","20260828","1723","224","Completed","1","44.39","27.23","44.39","27.23","17.16","10.00","9.99","34.39","7.16"
"4442","2471","20260813","1756","232","Completed","1","292.00","192.97","292.00","192.97","99.03","0.00","5.99","292.00","99.03"
"4443","2472","20260830","1612","210","Completed","2","116.09","88.40","232.18","176.80","55.38","5.00","5.99","227.18","50.38"
"4444","2473","20260416","1620","233","Returned","1","100.29","55.86","100.29","55.86","44.43","0.00","9.99","100.29","44.43"
"4445","2474","20260920","1608","188","Completed","1","147.11","98.96","147.11","98.96","48.15","10.00","5.99","137.11","38.15"
"4446","2475","20250227","1540","218","Completed","1","195.26","111.40","195.26","111.40","83.86","7.50","5.00","187.76","76.36"
"4447","2475","20250227","1540","220","Completed","1","97.88","74.33","97.88","74.33","23.55","7.50","5.00","90.38","16.05"
"4448","2476","20260523","1819","202","Completed","1","148.28","83.26","148.28","83.26","65.02","0.00","0.00","148.28","65.02"
"4449","2476","20260523","1819","191","Completed","1","45.75","27.33","45.75","27.33","18.42","0.00","0.00","45.75","18.42"
"4450","2476","20260523","1819","225","Completed","1","98.36","65.70","98.36","65.70","32.66","0.00","0.00","98.36","32.66"
"4451","2477","20260705","1761","203","Completed","1","55.41","37.95","55.41","37.95","17.46","5.00","9.99","50.41","12.46"
"4452","2478","20260115","1582","205","Completed","1","77.40","52.92","77.40","52.92","24.48","0.00","3.00","77.40","24.48"
"4453","2478","20260115","1582","202","Completed","1","148.28","83.26","148.28","83.26","65.02","0.00","3.00","148.28","65.02"
"4454","2479","20260309","1725","227","Returned","3","220.71","129.38","662.13","388.14","273.99","0.00","3.00","662.13","273.99"
"4455","2479","20260309","1725","230","Returned","2","94.90","67.25","189.80","134.50","55.30","0.00","3.00","189.80","55.30"
"4456","2480","20260525","1643","228","Completed","1","68.08","45.01","68.08","45.01","23.07","15.00","0.00","53.08","8.07"
"4457","2481","20260812","1909","233","Completed","1","100.29","55.86","100.29","55.86","44.43","10.00","5.99","90.29","34.43"
"4458","2482","20260713","1700","200","Returned","1","212.44","119.33","212.44","119.33","93.11","0.00","5.99","212.44","93.11"
"4459","2483","20251224","1638","214","Completed","1","443.92","253.54","443.92","253.54","190.38","5.00","0.00","438.92","185.38"
"4460","2484","20260619","1862","224","Returned","1","44.39","27.23","44.39","27.23","17.16","0.00","0.00","44.39","17.16"
"4461","2485","20251230","1735","188","Completed","1","147.11","98.96","147.11","98.96","48.15","5.00","5.99","142.11","43.15"
"4462","2486","20251123","1694","210","Completed","2","116.09","88.40","232.18","176.80","55.38","0.00","0.00","232.18","55.38"
"4463","2487","20260308","1847","215","Completed","1","45.82","32.17","45.82","32.17","13.65","0.00","0.00","45.82","13.65"
"4464","2487","20260308","1847","235","Completed","1","40.99","23.15","40.99","23.15","17.84","0.00","0.00","40.99","17.84"
"4465","2487","20260308","1847","207","Completed","1","440.02","275.08","440.02","275.08","164.94","0.00","0.00","440.02","164.94"
"4466","2488","20260710","1964","240","Returned","1","51.43","38.16","51.43","38.16","13.27","0.00","0.00","51.43","13.27"
"4467","2488","20260710","1964","236","Returned","2","335.82","190.06","671.64","380.12","291.52","0.00","0.00","671.64","291.52"
"4468","2489","20260804","1707","227","Completed","1","220.71","129.38","220.71","129.38","91.33","0.00","2.50","220.71","91.33"
"4469","2489","20260804","1707","228","Completed","1","68.08","45.01","68.08","45.01","23.07","0.00","2.50","68.08","23.07"
"4470","2489","20260804","1707","182","Completed","1","336.54","258.11","336.54","258.11","78.43","0.00","2.50","336.54","78.43"
"4471","2489","20260804","1707","195","Completed","1","249.99","156.58","249.99","156.58","93.41","0.00","2.50","249.99","93.41"
"4472","2490","20260819","1757","217","Completed","1","148.68","108.91","148.68","108.91","39.77","5.00","0.00","143.68","34.77"
"4473","2490","20260819","1757","200","Completed","1","212.44","119.33","212.44","119.33","93.11","5.00","0.00","207.44","88.11"
"4474","2491","20260106","1778","195","Completed","1","249.99","156.58","249.99","156.58","93.41","0.00","0.00","249.99","93.41"
"4475","2492","20260630","1669","200","Completed","1","212.44","119.33","212.44","119.33","93.11","15.00","0.00","197.44","78.11"
"4476","2493","20260703","1593","215","Completed","2","45.82","32.17","91.64","64.34","27.30","0.00","0.00","91.64","27.30"
"4477","2494","20260422","1898","228","Completed","3","68.08","45.01","204.24","135.03","69.21","2.50","3.00","201.74","66.71"
"4478","2494","20260422","1898","212","Completed","1","97.33","68.97","97.33","68.97","28.36","2.50","3.00","94.83","25.86"
"4479","2495","20260417","1656","207","Completed","1","440.02","275.08","440.02","275.08","164.94","5.00","0.00","435.02","159.94"
"4480","2495","20260417","1656","193","Completed","1","232.94","146.33","232.94","146.33","86.61","5.00","0.00","227.94","81.61"
"4481","2495","20260417","1656","235","Completed","1","40.99","23.15","40.99","23.15","17.84","5.00","0.00","35.99","12.84"
"4482","2496","20260716","1619","190","Completed","2","100.47","76.85","200.94","153.70","47.24","0.00","3.33","200.94","47.24"
"4483","2496","20260716","1619","194","Completed","1","308.11","207.51","308.11","207.51","100.60","0.00","3.33","308.11","100.60"
"4484","2496","20260716","1619","230","Completed","1","94.90","67.25","94.90","67.25","27.65","0.00","3.33","94.90","27.65"
"4485","2497","20260919","1986","223","Cancelled","1","80.76","46.98","80.76","46.98","33.78","0.00","0.00","80.76","33.78"
"4486","2497","20260919","1986","196","Cancelled","2","65.17","42.83","130.34","85.66","44.68","0.00","0.00","130.34","44.68"
"4487","2497","20260919","1986","220","Cancelled","1","97.88","74.33","97.88","74.33","23.55","0.00","0.00","97.88","23.55"
"4488","2497","20260919","1986","212","Cancelled","1","97.33","68.97","97.33","68.97","28.36","0.00","0.00","97.33","28.36"
"4489","2498","20260912","1625","193","Completed","1","232.94","146.33","232.94","146.33","86.61","0.00","3.00","232.94","86.61"
"4490","2498","20260912","1625","227","Completed","1","220.71","129.38","220.71","129.38","91.33","0.00","3.00","220.71","91.33"
"4491","2499","20251210","1810","225","Cancelled","2","98.36","65.70","196.72","131.40","65.32","0.00","0.00","196.72","65.32"
"4492","2499","20251210","1810","217","Cancelled","2","148.68","108.91","297.36","217.82","79.54","0.00","0.00","297.36","79.54"
"4493","2500","20260828","1910","198","Completed","1","71.76","49.35","71.76","49.35","22.41","10.00","0.00","61.76","12.41"
